EAR_f0,EAR_f1,EAR_f2,EAR_f3,EAR_f4,EAR_f5,EAR_f6,EAR_f7,EAR_f8,EAR_f9,EAR_f10,EAR_f11,EAR_f12,EAR_f13,EAR_f14,MAR_f0,MAR_f1,MAR_f2,MAR_f3,MAR_f4,MAR_f5,MAR_f6,MAR_f7,MAR_f8,MAR_f9,MAR_f10,MAR_f11,MAR_f12,MAR_f13,MAR_f14,Pitch_f0,Pitch_f1,Pitch_f2,Pitch_f3,Pitch_f4,Pitch_f5,Pitch_f6,Pitch_f7,Pitch_f8,Pitch_f9,Pitch_f10,Pitch_f11,Pitch_f12,Pitch_f13,Pitch_f14,Yaw_f0,Yaw_f1,Yaw_f2,Yaw_f3,Yaw_f4,Yaw_f5,Yaw_f6,Yaw_f7,Yaw_f8,Yaw_f9,Yaw_f10,Yaw_f11,Yaw_f12,Yaw_f13,Yaw_f14,label
0.30674508453897836,0.31916196018296317,0.2854927602002535,0.287962582219304,0.27354069048445206,0.26094819257077506,0.22138223440219051,0.2615553953254784,0.22869520656751077,0.27719675223728824,0.2847260523428998,0.28987813907529947,0.27031218128528745,0.2786624416582897,0.2663061777782422,1.034476677929498,1.0435277696176422,1.0552366731163891,1.0812973725433097,1.0701577989496929,1.0691969416713407,1.063969142707129,1.0552015018631449,1.0659575454201209,1.0205419934438307,1.0468620507694946,1.0334339887333959,1.0793303095935969,1.0370553335516934,1.0532731809297937,6.808113741970686,4.340024425405005,0.6708157152249896,-5.120181460102543,0.42776047969576325,0.591880593544488,-2.5964137800950198,-2.0195207144513745,-3.033832876732987,0.08467664146093057,0.9260341587789185,-0.605405758568935,-0.13518903531098658,0.32291607109021925,-0.8382411118774655,-14.605685209687403,-13.795328968675511,-13.851151128082655,-14.591729397892232,-14.534682601645931,-13.882178516920458,-13.32034998152364,-14.651948247686457,-13.306258168235003,-14.891122173963579,-14.29328339513804,-15.903912212093163,-13.467779473489982,-14.14759339223903,-14.180315516612445,0
0.304902222582367,0.2812335033232948,0.2908679681205031,0.27435129062098584,0.29275505477261543,0.294836305563715,0.29547319135161887,0.2817220991931944,0.24749524352646113,0.2935432374974509,0.287636452367931,0.29150191613317555,0.31983998662195656,0.24118759835212514,0.2963228146853888,1.041189202965005,1.0367823626575987,1.0322174807235398,1.0473382294359348,1.052940913927921,1.012822435992063,1.0373077623935283,1.0064777071626145,1.0381975847713358,1.0311287304752974,1.0718382103690316,1.0960849600012101,1.0535374789288452,1.0032001746074348,1.0209207688813433,3.764028741503381,4.115901776258767,4.136881382651552,2.795122397303146,4.257472947524548,4.685542016303344,4.501565027177378,3.5167545401127143,2.471328537724787,4.131823017331811,0.7497951872053648,2.1591198860794236,2.3051780357430687,2.2161506816793235,4.575523493987987,-14.068002287905072,-13.344997528640782,-15.24632491152503,-13.804695429196752,-13.88037359188512,-15.240544649058405,-13.78967147290398,-16.45803345309517,-13.976460718685345,-15.175332587268452,-12.42389833652864,-12.63144617675989,-13.02776433217905,-14.995714311859988,-15.35386501708563,0
0.30833175236137483,0.299619267083927,0.2794436333742674,0.288924442746159,0.28941693944248553,0.27695008712608316,0.24488294541681588,0.2551189263937805,0.27999222072655805,0.1978819521838644,0.26103668699541416,0.2680731063433607,0.27732157504587046,0.2803761010576602,0.287318586076891,1.0143872838642642,1.0330131130292068,1.0292758091605752,1.070928828101919,1.0754725319578653,1.130651099220114,1.1372233988345235,1.1322634621628582,1.1201968270056555,1.1227278258910827,1.1132811918090235,1.1211021300562054,1.1106948154060616,1.1220185174710462,1.1148660861659396,3.892860874030532,3.469114001070693,4.111541681371364,1.3166133256235923,-6.074595132538462,-11.189833796397494,-11.630984137661727,-11.08035745246218,-10.76352680398719,-12.058216900986622,-11.001282091440459,-11.449636123080893,-9.771836006041468,-9.508478694522267,-8.808849731255549,-15.418891245015935,-14.726516257125482,-15.568160227863935,-13.535801256497626,-16.339552289497547,-13.259872001607281,-12.595342590619595,-13.003512301523068,-13.124652260231937,-13.112504461549435,-13.747082092079348,-12.405024831168545,-13.095966327603715,-12.586607537062378,-13.476105259532668,0
0.3402475016692883,0.2896082171400008,0.2991959327359246,0.2898443917671242,0.3054449257828594,0.31029753926759107,0.2971149367599911,0.314048208840548,0.294865967563372,0.2980138914351679,0.29801130152741495,0.3167824093869047,0.32206871485818866,0.2867657262145463,0.2963848597394,1.1930094292374827,1.1616524660561665,1.1455450520038355,1.1135780904476174,1.1231545426019254,1.1044967823171976,1.0308913970516431,1.04718336137722,1.0499992700616028,1.0598191620392403,1.0565699224360432,1.046021955171529,1.035454858885427,1.0490249533409348,1.0496980899236708,13.147209597783643,12.759544913481449,7.214722519708431,6.4477194373752695,7.996870318042596,5.729208476518323,5.317191333509072,5.583895055568604,5.409291986680557,4.268087162645884,4.761439280810805,4.741109871524003,6.561214355136258,4.468503982600282,5.018794528565735,-5.415951138538568,-7.705252199285868,-8.033675541412096,-8.8936346309655,-9.151137171576075,-11.360702093844056,-14.064711915803544,-14.177954394155112,-13.578387290838455,-12.865499275866894,-14.022241827675584,-13.965003021210638,-14.150337656350723,-13.394642051668722,-13.567282156155734,0
0.28886785254799574,0.28926848123947013,0.3019549732285777,0.30295986435164496,0.29799285048462315,0.2499448538043164,0.3030416922834559,0.29222884647017805,0.2871930751777535,0.293218115957354,0.22663114390310346,0.29064220631435855,0.27974375861898926,0.3004606255855179,0.29531287132922135,1.0460545839721098,1.037758508731605,1.0368662768971244,1.0326295588125631,1.0182842534238865,1.0455020863386464,1.0335461247316164,1.0318846795146714,1.045600052939322,1.026415860546401,1.0499945443839078,1.0262352565236188,1.0188686599776313,1.0291700020006955,1.0054552270962047,5.354956286083365,4.844427469093716,5.689276293457851,4.759742069461026,5.6802390372974685,3.5468928551339616,5.815282875988856,5.882075579752694,5.992732818341551,6.2364278500221815,0.8735489421621025,5.2962318705296525,5.0623624356561265,4.345223020830161,5.152512960844916,-13.011677369628943,-14.15102072020946,-14.622099095347945,-13.685616910603636,-14.958678400234643,-14.088550846389582,-14.321233159907223,-13.90292901458771,-13.922975290793191,-14.449264575119498,-11.329868232428089,-14.963009533352018,-15.036086014554106,-13.731129175834056,-16.26741489383248,0
0.2878850615062442,0.2438195609367742,0.2924874105380051,0.2534856072947438,0.3013735964019424,0.28414215935109066,0.29451537320384086,0.29016539245419026,0.3037373388989073,0.33421840473112363,0.2993435366249756,0.28980248416145676,0.3047057834312802,0.3099169591334152,0.31533949133303674,1.046591878260455,1.0092328808301,1.018432972048527,1.0129127286748938,1.020636366540699,1.001540849950433,1.0293453027992687,1.0070594226582135,1.015191174202838,0.9196343957622094,1.0222830513384562,1.1274013990498857,1.0846075997158944,1.0694359573357837,1.0419766849318552,4.351502791367039,3.7298173671953805,6.235279685050784,4.063265221613364,6.1738454486328465,5.474803868001487,5.048535579944854,5.157249340907356,5.147991875847737,13.980184011443356,8.81669258443182,3.299929679288198,3.570811708869172,7.208827128753541,6.363600790088611,-13.915847067465087,-14.72483680129811,-14.67369895245776,-14.660882601574523,-15.137998477063244,-15.442754160007668,-13.936942790209269,-15.181647541788708,-14.185256272575964,-18.45629974219772,-14.873483916431065,-8.454576883718987,-11.887708773019956,-12.978926772991679,-13.480322634611325,0
0.3083664815092374,0.29777276754131465,0.21984385854594185,0.24516199560941704,0.29450330562123817,0.2860259203101373,0.29236092554936605,0.29326126081064563,0.14268000782701487,0.19685147216171436,0.2631593814526139,0.2753559298232559,0.3025625914923189,0.30210503651230614,0.3103200187938199,1.0064136995056925,1.0287411178440387,1.1864749703369242,1.0948252474828133,1.0708537220632597,1.0612431310756119,1.060900329561853,1.0527767511353083,1.0026529029821818,1.0373145456059756,1.0581699284168409,1.1106207281962817,1.0577869774400026,1.116879819271442,1.1147186569788674,3.2708301481194155,0.22953471397238445,-6.444661770351985,-2.5553973143084647,3.932940921999375,1.6377703855098673,1.1735824350128894,2.659153656506561,-4.9711848562132275,-5.6019577116523465,-6.63765854527071,-5.8088414896164124,-2.359372277920926,-2.850351013414951,-0.6696753672460147,-15.559840108033267,-16.818340519363367,-7.530191749410621,-11.137555933193765,-15.932771560764364,-14.215466653186905,-15.700242302022197,-14.78520323609716,-16.08439842305352,-21.278442143003957,-19.30223511533794,-17.773895292070765,-15.280652202595117,-13.242690698655096,-14.13602270013319,0
0.3675611006130816,0.3424473496840015,0.28928818583565136,0.26962336891386995,0.30393007269210687,0.30481152974803305,0.29958890578415603,0.2901973093735861,0.2829723277835313,0.24764272169146667,0.28786965813438736,0.2832353439147789,0.28495111169496934,0.2931840240265238,0.2737377409482126,1.0764644374362842,1.0598264885549393,1.054777954090658,1.069077191833798,1.0864598194592625,1.0519459519076038,1.064799671550018,1.064961557321959,1.0666712921431565,1.0738033150367907,1.044945637500225,1.0792557268417033,1.052065239831778,1.0585580147597256,1.0464979142028215,8.688537307898201,9.057351563343673,6.027555235960989,2.358144779617362,2.799111806853972,3.8052608171493887,3.0421567060599557,3.1521020736965113,2.7871705960061206,1.3209064061042,4.426998681092584,4.057430314588288,3.3871867209343236,3.948852624037812,2.7844409745366647,-12.888013640497606,-14.988153015271786,-13.180668978570408,-12.088417244950726,-12.473821153007052,-14.394327059269317,-12.736454881679808,-12.836751722151066,-12.060038121773726,-11.899965443233377,-13.941582555310248,-12.302757535226377,-13.738123081920838,-14.132873594179271,-13.962428633339806,0
0.2939022761150884,0.26227369454127586,0.24419572612530555,0.2580430527005302,0.27224923337512397,0.260132405937715,0.2647292371487227,0.2720138137428736,0.28177104902308764,0.23751760631261432,0.2482599171098419,0.28497466588482934,0.29389609765314917,0.2930290254091511,0.28366212506452537,0.969114044427729,1.0976062246776568,1.1043935697300304,1.1003138460547137,1.1054563469895209,1.1114703972290692,1.118821794054666,1.0936937275154042,1.1037720261014707,1.1169530064454052,1.1199628930929926,1.1082176146480718,1.0834314940821523,1.0993077896364623,1.1158623929018718,-4.578166217255074,-12.919577048823811,-14.792802842471957,-11.740000092108716,-12.299889721878998,-11.905038968777433,-11.52744377752515,-10.809174244531533,-10.411896665262418,-11.576027865955297,-10.210176624491169,-8.666718055285997,-4.260204267293005,-5.506505209626766,-5.839712933760552,-23.452433628528127,-19.05250645128207,-15.427670368186947,-15.807905762600653,-16.13723247513811,-15.42427256343624,-15.715549993628994,-16.076138433863843,-15.732335620424676,-15.133645156239671,-13.050574982989398,-14.674198480932713,-14.819301067433969,-14.804105009098008,-14.000402539031516,0
0.3020858142383425,0.2756904583018892,0.23499911055192985,0.28803032304703025,0.2931691491274172,0.2751897259533361,0.24671031958321843,0.26999648801705906,0.27915169423628133,0.26346478672017926,0.2767985497800118,0.2721235690253549,0.3179345723096867,0.29540627636662176,0.3019418181779444,1.1091459080661183,1.0945373329979164,1.1073689437413645,1.0915015408905688,1.1128791239323332,1.106078473596564,1.105996727325725,1.106240804130287,1.1023617072163103,1.093100648969237,1.104744762108156,1.088303448077971,1.0958875504594732,1.0846182199853702,1.1022272099619805,-4.582064429702029,-5.150290824318091,-6.44065799332364,-5.964040324012217,-4.395597130831163,-5.290244735793692,-6.50085948548238,-4.954536651290397,-4.950084030328185,-4.869839748285727,-4.719939954915162,-4.963714517902702,-0.42058062955788955,-2.3030086421658496,-2.7917727280280076,-13.595482194289447,-14.195677459887898,-13.045346875490509,-13.944728524034547,-13.33686382706332,-13.333669511265525,-13.636940435259111,-14.233207008244783,-14.258118523135149,-13.736926151547804,-13.41385961598401,-14.325468975966679,-14.714301286432988,-14.570043261190333,-14.75937489116597,0
0.29345076338093945,0.2806971504287096,0.25593930690799666,0.2983639671167345,0.24531022897805876,0.26576086984157754,0.2720291908998702,0.26284369772358324,0.2926780507701908,0.23859649049497153,0.2956871048744488,0.2877446817979987,0.2987496586543942,0.2880965326982605,0.29492076669069833,1.114341695862354,1.118877299040049,1.0876958538812866,1.1150047404344732,1.108265796329526,1.1064345628768752,1.1038813709641042,1.1078947256949392,1.1029692512816638,1.1025951209824445,1.1115531678536905,1.0911298503101636,1.095560045444003,1.090340870561903,1.0835163959378813,-3.10567136636584,-3.1075883542865483,-3.9313167924589436,-3.762526074584997,-6.074935741059306,-4.988773393396599,-3.6997692894351815,-5.028592053657519,-3.533245676665331,-5.927351939300564,-2.347102910346024,-3.2103097477809683,-2.7389412767736303,-2.765091319089919,-3.417301678174937,-14.371732861458424,-12.217836705425526,-13.189396917084492,-13.53580593840571,-12.428222322366729,-12.485663468481077,-13.328879751992917,-13.45364227923893,-12.612833433889115,-12.594694330220854,-13.921537263656138,-13.863903166048722,-12.830054562351956,-13.275402835941794,-13.562639056715103,0
0.28405959902122757,0.27497866982847885,0.2923736402826457,0.2602531162878354,0.28243282721982255,0.2919957935177532,0.2837108437602391,0.2878981605049966,0.2877446817979987,0.2918802671787897,0.28751099040084827,0.23543330532058,0.2741037845026906,0.286972117506906,0.2864763865176284,1.0900816655725463,1.083712910677382,1.095524003328175,1.0802971225053823,1.0796481628693384,1.1014326623988426,1.0820301496920601,1.1023589594494292,1.0785906846727795,1.090585480037585,1.096761409196856,1.0907185106395896,1.0984705503148537,1.100910001802893,1.0839680065048645,-2.9548449190963595,-2.1237791528156436,-2.505901819114058,-3.5296383351887073,-2.379151698617619,-2.743765184315805,-2.592200150807628,-2.783062741154879,-3.0353628849730683,-3.000130077522641,-2.136275133890422,-4.998561748381945,-3.902284861518268,-2.9462064929492158,-3.6567238359791645,-13.152521724878977,-14.408318433062727,-13.530584705143593,-14.040248711379077,-14.510094972102653,-13.348563460172528,-14.38748139778526,-13.70425340918157,-14.12854817256346,-13.80743725188551,-13.818862199089766,-12.508107865510135,-13.180338944785927,-13.683150002734662,-14.004033117969735,0
0.2880554247085657,0.28068574483006625,0.24846794241017983,0.2799532759081218,0.27821450146907223,0.2923082285412515,0.26523376272802796,0.2581104979459431,0.27122826295622887,0.2750400446104951,0.29221474641727574,0.2730058913172042,0.29632853872577625,0.24109482661414705,0.2970565671792804,1.1024634604896182,1.1023681602756645,1.09686093622757,1.104158883913444,1.0899825462507535,1.0773793434629888,1.0933076224245837,1.12174406014707,1.1106317393660468,1.0854267379231513,1.0807484554690834,1.084398926964001,1.092430964356182,1.0788375594382775,1.11640568004884,-3.053238314611633,-2.984420839244791,-4.544924757177057,-2.0359479117562955,-3.312081293916407,-2.8595078665723292,-1.6686270353797568,-2.892421257258434,-2.272120933823089,-1.7216699263200042,-0.8387395335718963,-1.3590587071369953,-0.7789510060491125,-2.650433785778773,-1.1822461439018639,-13.371482860273632,-13.507264265975145,-12.834346319186878,-13.599345655337759,-13.122069337879324,-13.196911304757615,-12.749944409704128,-10.625721036983293,-11.736994454690873,-13.050176134438288,-14.01181139497102,-13.913064166110201,-13.097266788561932,-13.474585988733972,-13.012651826286277,0
0.2794055512987421,0.279998571978028,0.2871098804861018,0.2716545207979314,0.2870565758781711,0.3068903640617999,0.22959474143135797,0.2533838301043561,0.28350891049224736,0.28700316227690703,0.2899117447567432,0.29103600554633624,0.284743938760044,0.28404011804068446,0.28342281892735965,1.095427948745336,1.0580533870838338,1.068399695350823,1.0747105967442556,1.074108440588619,1.134464215890184,1.068506123048779,1.0444468243774272,1.0938647437291027,1.055361385455303,1.0611028784209033,1.0746695198808094,1.0772599754910908,1.0652005913106002,1.061048694944318,-1.18587313645682,-0.6261084218640747,-0.8118763979417452,-1.846880814193554,-0.5452295040703632,-1.7721467075591306,-3.5267759545171486,-2.2988335623112164,-0.972623499385918,-0.11645394100031581,-0.013160773015499672,0.9571461628898703,1.0218614635984693,0.33287201361952157,0.19748773824318278,-13.36322143271607,-14.48279740459483,-14.243404918302812,-13.493567661683988,-13.707948888191964,-12.318486840174128,-14.073649548190863,-14.929956538603047,-13.421973871685003,-15.285966385222695,-14.403403182568438,-14.529726930393384,-13.860109371762434,-13.936203268188438,-13.607709042462693,0
0.30585226983253855,0.28933645951203396,0.28689027634623576,0.2431238183124022,0.30359182571562693,0.2932562491497111,0.27030641449994747,0.29013880926786095,0.29768483549110125,0.2903614866784444,0.289883638599824,0.28648436354109874,0.24863103965271485,0.27065238088770793,0.2941557237412011,1.0555733159736023,1.0776223910328724,1.0722148535985334,1.0871371893236637,1.0620449417371185,1.0509842013997677,1.058743570158489,1.0749623983387901,1.0526266516587277,1.0633465051455977,1.0677974151061869,1.0658996664478437,0.9910133746719209,1.0608700873863344,1.036995695449046,1.698540326876298,1.2136137539671097,1.5079770671586914,-1.9602538349915335,0.3385456246449223,0.6221385284708276,-1.3493299783682744,0.919389285176976,0.7085326957943039,-0.19299600114663917,-0.12795878102923552,0.43596859186376946,2.0249936709338954,-2.3645243757874255,0.3254591437261638,-15.054913744047427,-13.653110377006042,-14.156418410075032,-13.533388317870038,-14.98228323271891,-14.822288510289859,-15.361567334412706,-14.424049076832153,-14.869104491779815,-14.280766971545667,-14.252886259416945,-14.340379311146119,-15.601571783524742,-17.76620854923215,-16.513156292097502,0
0.25817719682707785,0.2691197849530903,0.2757680833823982,0.28487207587673435,0.26896395757330066,0.28081010982981647,0.3041890026069902,0.2841141168443616,0.2417619107700023,0.3198144105979851,0.29883106244194246,0.2942165020978986,0.23687085639746863,0.25247083849674745,0.3025779813366619,1.0566253824744676,1.0503344262303265,1.0509055238181342,1.0609468952752708,1.0658281411520711,1.0649185672791601,1.0449146454250426,1.0612326115289317,1.084022634639031,1.048637315657243,1.0701675213826456,1.069220453600456,1.0394123195515041,1.08581892214578,1.0938028748252044,-0.6742498475476566,-0.06226645457314817,0.3812208221714286,0.4030611587080273,0.1176680858829684,0.7207547581903953,1.089246999877588,-0.058724265429248135,-2.077410223700099,1.3240024760836775,0.23676665707944267,0.5976785048655131,-2.300668659644515,-2.4851372010066655,1.785602407487346,-14.827842857917277,-14.810011822969631,-15.613129252174163,-15.19369507922285,-14.84820540557319,-14.157036332144697,-15.393421135178574,-15.180550914025835,-13.998711894191159,-14.397501173532971,-15.756107351203314,-14.317965092289956,-15.510431584810354,-13.181749388859219,-14.344558906927263,0
0.27075457583853574,0.25944827266361814,0.31265942379298134,0.2909812362105072,0.30388866374079526,0.27611917082588056,0.22952311489778043,0.30656221256928406,0.2936804775360502,0.295223327035217,0.2922351016901641,0.2858629741711439,0.3057757693917177,0.2950880772843063,0.2905161579312274,1.0831851878352277,1.0572807824858867,1.075020899717399,1.0767256954918687,1.0560049914824243,1.050567285102327,1.089324501443001,1.06184453994505,1.0695063807161758,1.0713196763746888,1.0499868782270212,1.057480501550075,1.0775632100250656,1.0536624593115107,1.0781436149189283,-0.24129971857732357,-0.7013907093295586,2.579195172016142,1.1834492114685986,1.5673529377547482,1.1006825453254407,-0.36902211425638143,2.1967910031575855,1.6654056269819648,2.059769948764,1.7055830227306217,2.19043395471337,2.751706762247636,1.4289842970146651,3.208453091359303,-15.015596851139998,-15.625472132338976,-14.466504308149077,-15.669250415542399,-16.230237336284638,-16.971465249436328,-14.07438579396066,-15.792811757641486,-15.027473961976376,-15.553902429619345,-16.429828104599594,-15.450055071508068,-14.723794346483112,-16.32287709774455,-14.865619476114679,0
0.2700675765673156,0.30822547169330666,0.2807017054346281,0.27465853069850965,0.2930356277298015,0.2935828064183766,0.28578282489576334,0.2851696843349597,0.30508152548052414,0.29204959315179474,0.2814408171755307,0.3029631459507611,0.28908809160594784,0.2665477342823015,0.30427084939739757,1.0584056788684488,1.0862961175998003,0.9402057103862274,1.0427552493991428,1.044333380673607,1.0240836385538552,1.050715057316969,1.0411029708720538,1.0374935634978777,1.036229082078031,1.0469102755490345,1.023665294225348,1.0332290768430705,1.0371235870725153,1.0376021693541537,2.799637500954617,2.5326879307164916,5.048607126184123,1.8631101779691335,3.15209833527166,3.9017193392396052,1.8280742083240398,2.5973428769098064,3.5607284391196856,3.694314075317351,2.041933843962795,3.681129709216407,4.7708235552365466,4.095108262022336,3.9140588786960393,-13.910346069760871,-12.370646629911233,-22.11756665425392,-15.017387692568821,-14.311053404557754,-16.438384721463898,-14.9408344802083,-14.69273405247557,-15.603206476979928,-16.547254110844833,-14.720227320623106,-16.21268673020079,-16.085528683468965,-16.186857550151093,-15.392502180270537,0
0.28564837156751943,0.2832540863457206,0.2969661627659509,0.3068248241874733,0.29344286213480186,0.3019915910418227,0.3166355855563191,0.2529574684172246,0.24646488674567327,0.12291683043987756,0.2809880563984094,0.21432669369820295,0.24047993422008165,0.23024021302079417,0.2421166020005147,1.122793637988777,1.024597570361447,1.053898160684115,1.0636728707687637,1.0554655977830827,1.0622301349568497,1.0734587557540403,1.0614256815204919,1.0355679933952397,1.0741281955877395,1.1595774346937422,1.1840991940557506,1.179256655738341,1.1774502467677765,1.1763697611374013,-2.470743206192253,1.6624244980773426,1.7538563364922766,3.0755453267632618,2.175528538556563,2.541299806243387,2.8428952271131323,-0.05821708595084374,-1.8651144504105446,-12.231648205226548,-10.735345592115095,-9.57633562662727,-8.458227123090467,-8.677787916388127,-8.691338978261541,-10.985233805468026,-15.513560655401333,-15.288580847168129,-15.232156748058088,-15.036122745628381,-15.137976527672897,-15.434472923849706,-14.983840473128124,-16.90168110857685,-13.27213020550056,-13.388014285417654,-10.777721067391234,-10.64006510472423,-11.081746521373194,-11.053234217664054,0
0.2605610967022967,0.2466922335369096,0.23833785452161377,0.2979862223149126,0.2252587429283029,0.24636935337020927,0.39196543092934133,0.3211715350295875,0.27774491360886255,0.3017760896194288,0.30775759491378324,0.3054074622092071,0.29463878047103187,0.307943555797479,0.2932703857300163,1.1500925832853037,1.149224519556233,1.1545449584563952,1.1684905330385909,1.1717308458180307,1.2271264002296152,0.8456882711615796,1.083716097173645,1.1297983161112035,1.130878150066117,1.0767724480086294,1.0718915157494793,1.0939082200130046,1.0906346078106226,1.0816260094817556,-4.850608874282926,-6.842260182520107,-5.474318790606873,-3.3898017371322453,8.724535159334266,21.3911948736949,-14.672143314792692,6.349768680015359,3.494423006554115,10.582562101958729,13.04639504947147,11.297648978537268,12.760063062034817,12.105405531645232,12.462912279363678,-12.783458527736968,-11.630507569223884,-11.22084318070738,-10.92355409743371,-8.948495690803577,-6.807571784923961,-38.14846454844751,-15.371174860623148,-9.09712679251261,-10.702946947851151,-13.880171491053288,-13.44871579867009,-13.442768065603817,-13.009749012871758,-13.738345449827179,0
0.2980853448531091,0.22213650314235134,0.2802489569410427,0.3075453869955513,0.3020392530974755,0.30868335705286576,0.30522995982130385,0.29847389027336413,0.30241319225310537,0.3048119180538921,0.29467475934000353,0.29153175672035486,0.28702524510483507,0.2837755859338217,0.3028014036185558,1.0672211588747527,1.0840459699104943,1.0923105918236846,1.06620805844326,1.0920199072695065,1.0408805943924593,1.0434130730387328,1.0601268143308757,1.0640704723507814,1.0337004575467932,1.0514569515431165,1.0584216859987652,1.047203625604102,1.086619723005764,1.0600338165952112,8.125852255722009,6.478555480563784,7.050274226173542,5.623109963032704,3.246909326245003,5.627976537419869,5.345395276108434,5.7435987714468695,5.943994686000934,5.801318349853744,6.183612883597988,6.1665391296809275,6.913518827816944,5.649393192899396,6.16552181947111,-14.023022934530417,-13.25114892646079,-12.651344257684912,-15.301670673061233,-14.275058703498452,-16.606123282873604,-16.619681790875877,-15.658757402101452,-14.870453229102651,-16.28598269339593,-15.150547217289379,-15.400297593677196,-15.47937217152758,-14.03540182187138,-15.566338784660852,0
0.3183870245453152,0.3203428880666076,0.31948170976501256,0.32283929674420775,0.26252031175176277,0.30821831989671267,0.31243036815159836,0.3112388786887385,0.31874370018572196,0.31997862315755776,0.30448595387183963,0.3206237034199605,0.2973183373243641,0.2965518206431329,0.3259631900507318,0.9956389185162567,0.9971741310297728,1.0146494303541227,1.0228814951442236,1.0065353919328754,1.0291798228397995,1.0095776962362581,1.0305279733889516,1.0358526254037754,1.0335187145752716,1.0294330175928974,1.0368228738098555,1.0308673812717961,1.0444784224534882,1.0366485864143051,7.429291986814633,6.76870107063246,6.5697000277033055,6.9099212595841095,5.618748655342102,6.157550662352662,6.019270672354992,6.695421421361573,6.421036239223639,6.473054820105432,6.029438201798484,6.506768576051513,5.435913720531687,5.96202781737469,6.013244554359829,-17.935026049469617,-16.683596584352834,-17.706655970991964,-16.38684136982833,-17.040758270616095,-16.33331280176851,-16.990127464593566,-16.308774748570432,-16.720359360442547,-16.581111920222742,-15.954097038696315,-16.342346918323845,-15.893418653470558,-15.038748828369043,-15.840136670974635,0
0.3280960983549273,0.3216918817941661,0.3219200136149532,0.3295355268265916,0.30442141024812314,0.30727089785360073,0.31759768937095845,0.3077706671472148,0.31331704868559396,0.30470998899991475,0.30019173860509374,0.2858259292024683,0.2716522688965978,0.28634785177028604,0.3024651690340472,1.0249028942997622,1.0283347524517559,1.0198791948758792,1.017077878235989,1.0140399007681786,1.0082057019344468,1.0290858284632733,1.0276570636085527,1.031815576439293,1.0167724463888335,1.0077396657180606,1.0219040716158538,1.0667150582865317,1.0475144941708143,1.0702992505739115,6.193092859045805,7.813327492324987,6.49204073334738,7.053243358865103,6.9734305831349275,7.142462677156601,7.0147436805214625,6.87652121421695,6.350204756194017,6.964998464973718,6.084571092895601,6.546932083757326,5.978711305752114,4.581823429185363,5.555328410831208,-16.360342088236,-17.336012973538278,-15.840556504806582,-16.12114300030508,-16.895733259761016,-17.22933384498378,-16.631928530958163,-16.466345882450565,-16.349338588068825,-17.005815557438744,-17.34819008548661,-16.604783214544092,-15.110820690154542,-16.48062122586989,-14.707575164008153,0
0.3000367363653672,0.2967374535826582,0.29772800213903305,0.31039983600254245,0.31080213064573403,0.3012027336492408,0.30930050176793944,0.3022805858895375,0.3019562922234712,0.28920305515916267,0.280886257639041,0.29874032500202624,0.3041643269151689,0.30036618017470873,0.3003251443011148,1.0604615251266247,1.0367837305073502,1.0444229116666444,1.0498520916223242,1.0444289410711043,1.050602918168548,1.0745606072140024,1.0562216669321904,1.0551935966491643,1.052036328648588,1.0560894570259405,1.0692018444155966,1.076649232356436,1.0442467899304662,1.070265853732485,5.461228351565893,5.464826812522091,5.390431376163093,6.608332415605275,6.337584995021871,6.451221271990164,3.1004247699691803,4.78451988033936,5.663451541758917,5.115976316195201,4.340080290249915,4.69802730778747,4.666499109033737,5.260391871912702,5.034692022951759,-15.201579410316683,-15.966569927404334,-15.917892645128337,-16.047088688094416,-15.76228983728984,-15.252502616367078,-13.034773674660416,-14.663340113791568,-14.729872503453876,-15.675472672185977,-15.137431073396458,-14.433217629992535,-14.298806233812527,-14.99351989707448,-14.90029809059047,0
0.3014499643352348,0.29784648278932335,0.2973856100604831,0.2978027270819027,0.2973404674802296,0.22991857862975706,0.2878247203837426,0.26452637259539896,0.29138952215846486,0.2833114013729244,0.26880042307160235,0.2846700659747098,0.29752689810352134,0.2959132604947573,0.283115988558142,1.136780151184247,1.0911523763335098,1.0654305209420467,1.0634005220662122,1.0609394677515096,1.1020979923776943,1.057313897484474,1.0601504459610576,1.071729396248114,1.0602701785802762,1.0702107526359186,1.0691651925403376,1.083747168430849,1.0444121384299776,1.0767759913581372,2.432650473188687,3.802938627260488,5.96458035330366,4.179667454919667,4.376697078763868,1.584247487898324,5.036607658679031,3.3507872780805315,5.393502779392037,3.9387692805567838,4.655423967423957,4.99205265621012,4.926613878400815,5.581136312227045,4.681191665668905,-10.70422763447185,-13.492391095313016,-14.591194654900082,-14.831564630654963,-15.355362124646541,-13.937884852196387,-15.81935435076926,-15.531908640951496,-15.225689339209628,-15.523701375750882,-14.724180168528443,-14.776903329991876,-14.519656878058333,-15.90947672146942,-14.658111776457336,0
0.2675420723609516,0.2872514008151065,0.34560393841756376,0.30199804048273177,0.31062941114503745,0.31214776121883325,0.31272118565859264,0.31828280242828666,0.2945325865370284,0.31051222757079266,0.28216966253631265,0.30314583436775244,0.29010671470721794,0.29800396545433705,0.2340290933532445,1.123085951231868,1.0759722535459182,0.8847701351247267,0.9396153886066868,0.9565783359100085,0.9863908554987644,0.9772707004669844,0.9837375086306996,0.9782782904139491,0.9782332096359312,1.1211040807561288,1.0368677495219414,1.029907781350109,1.039679773569283,1.0404305507016651,2.5720972929288735,4.94646554416758,4.844219702023281,2.999152916975703,1.3390815735878903,1.4840128145324059,2.2617432397546224,1.2460194570593899,1.4579248917637813,1.8552458892825996,-0.7761656177528948,2.3966843205477346,2.227548187728388,2.0010974557399663,-0.31772176200291824,-11.45170608840124,-15.35486928860646,-22.02371262134205,-21.455668239926226,-18.846949019100663,-19.053031202743806,-19.24821860476407,-19.069306363721473,-18.67357377689313,-18.6298453528477,-13.02025984377889,-16.617980319057192,-16.394616123649826,-16.045332696466858,-15.68584574359287,0
0.3126569077943266,0.2933861329541372,0.2501664335102801,0.2970298234450561,0.2764704620304584,0.2489713283429458,0.29287752257151944,0.28615090185285175,0.3031143567374264,0.29983177993161314,0.2747008119967339,0.3143720116990079,0.2502124759637302,0.2575000720022655,0.29521951766334376,1.0516307596501449,1.0150221469919218,1.0249515231285335,1.0346791968685367,1.0284248010265624,1.0254742946002082,1.0072503198454201,1.0126715310160042,1.0247322977604794,1.0350084859235422,1.0293612957128382,1.0368816459595895,1.120356261982443,1.129578420894155,1.0856305496325145,-0.21094931424977403,2.3654262195214812,-1.3968746391204547,0.8188237198235129,-0.7208411944485817,0.5851826511599825,0.9611362742281813,-0.3407765171555468,1.5772910905871527,1.6970366015613365,1.8388980796846965,1.8494145251929694,-0.49367112731147245,-0.04019177039029387,1.4104047124472459,-17.471375112749534,-16.283401899941257,-15.754499104298448,-14.699352271200214,-15.864035945373548,-15.54738678278771,-14.832620832957886,-16.589955567199976,-14.786127903688882,-15.88162253173423,-17.059934022738652,-16.01053105018911,-12.05234661004201,-11.648197449165876,-13.236699383981717,0
0.27879337930229975,0.28198002519516563,0.2734271215959767,0.2699749555878877,0.2955184300374421,0.270371797600764,0.27147706535583194,0.25875215161139853,0.24544253394371301,0.2785028354323217,0.28943297057594963,0.3487055280004887,0.2645901608497967,0.29107045699848166,0.28799126700299804,1.0559850364945018,1.0676778147278938,1.0625302799718404,1.07314903739254,1.0890973574291818,1.0885541664936116,1.0813919443209272,1.1159355940029254,1.1229994637667777,1.1100589970722368,1.119366469380858,0.9573279255485518,1.0478374560462107,1.0387598190004441,1.1317865331304642,2.434900730623724,2.153363199438104,1.1418770574686619,0.19385647534409145,4.075908564657965,1.985272940015733,0.25476569500028745,0.3706853984851364,1.23415855405824,2.2220041619239908,2.282598069227106,-0.6729004714406699,-5.542321192058637,-4.85758722189766,-5.931826723379174,-14.516314175513724,-14.318830284928055,-13.715613846366912,-14.305773245405113,-13.654893118495627,-14.633203630879718,-13.81695945602964,-11.744688904896071,-11.867985798620452,-12.26934989012974,-12.144159144409926,-20.222413122130128,-17.871839340806133,-17.53412207074493,-13.417861829138268,0
0.3581669871678763,0.3021540606266857,0.31210905963059254,0.3085682941392569,0.30990149068774964,0.2773379498614043,0.30592739816957343,0.2911095696985091,0.28069737154268304,0.3008451342443924,0.3008972068190238,0.2882183457478843,0.2825357400704336,0.2969042272313312,0.29173659626741066,1.010864990820328,1.0389898370335717,1.0282909649809815,1.010601904553792,1.012183503440248,1.0086073185994093,1.0511080408186517,1.0713284003711547,1.0765568502737042,1.0127701673968814,1.0589384754333733,1.0409461911111004,1.0506578200868057,1.0474576279101182,1.0459532721731044,6.1399530010846775,4.27894799033993,4.803637191364743,5.957284190350322,4.768173382755975,4.165827173204775,4.608265608595559,3.1187099431959666,4.3685208534787705,2.302511992132793,3.5708184848943745,3.109413760762152,3.5474234981279835,2.430354261871031,2.1317556021683117,-16.368232402011582,-13.796002923107727,-14.563873096777447,-15.821647540760557,-15.031394504735244,-16.314381776313997,-12.732237494021684,-11.520227403668217,-12.534439141416291,-14.853069802001963,-12.992260783371506,-14.03062841938403,-14.400950739529755,-14.200801312692295,-14.11515659012816,0
0.24747111278480033,0.2862847189347132,0.2701082041556427,0.23314519625896388,0.2552621608717206,0.2556685987016783,0.250030129290826,0.24889895285707495,0.26215783882676963,0.23911252248698195,0.26137155887088365,0.24672888705704765,0.2618836794181022,0.2575998180759034,0.265247325787794,1.0545349871406653,1.0484166335425376,1.0468412115523889,1.0456659422336496,1.0563889550159202,1.055220240497525,1.0643286735042545,1.0611400601208854,1.0832720803931386,1.0738548102540098,1.0733941958736612,1.0700099955510267,1.066749695635083,1.0639722234972357,1.0770088908738893,-3.910858906500067,-0.7819369168750541,-1.1741969699922663,-3.7666188364401023,-3.8638415657532903,-3.878982047590142,-3.2723111017193105,-3.2612652219509926,-2.7326185725380014,-1.963160946784484,-2.0652137496099385,-1.1290749378031535,-0.8964607522649146,-1.3606726451256748,-1.6971393341218857,-16.512453734863094,-17.08680760601174,-16.401475231819685,-15.724075358902049,-15.317666811292561,-15.050188900954288,-15.237066824263447,-14.515073650453012,-13.984725635947155,-14.575573492403528,-13.584720531534812,-14.557408731049625,-13.796879243830492,-13.70384170135471,-13.831936198840195,0
0.3007444999961887,0.27352052443578456,0.2847867725884663,0.2928146984886467,0.2840884718965577,0.28617722713661564,0.2725583537779491,0.2777471377394818,0.29047553448267055,0.280059457942024,0.2960689041025004,0.29242827420859774,0.2911632461171463,0.2975643865466838,0.29077524414756806,1.0736441620103738,1.0476231572097503,1.0590104204571165,1.0353939074781913,1.0879259171976479,1.0655445760851725,1.120093212055668,1.0976384854500987,1.0784349342862913,1.085684491149473,1.0312707661158789,1.07496436227077,1.055081878681046,1.026307701736643,1.041724499172354,0.27001263950486987,2.3648689249173174,2.4057797956636477,2.4330667309470755,-0.09823492769587006,1.8866310316370516,1.226275550818741,1.667737321359965,4.971967217853717,2.9370411611261886,4.773612282511436,2.8893084040681742,3.4195336048146885,5.184547536759339,3.505698171742381,-13.366538978270375,-13.380766689327382,-12.65867873208645,-13.984486690089797,-11.246807372054324,-13.337888134142034,-9.798394626382157,-11.974184545669214,-13.295340772961842,-11.921155541639978,-15.182153109473063,-12.6856761007454,-13.945340333288058,-14.731811587337571,-13.70416096790194,0
0.13493185593169793,0.07581439991386608,0.042163461430321895,0.10020119669281852,0.2797828154966079,0.27769541204460607,0.27474937437095676,0.2857586315013088,0.2778804852662478,0.2740675004032025,0.28524288454523805,0.2894926988881912,0.27576635316460185,0.2642794194536572,0.2753397308917753,0.8662231670168593,1.1307307269880875,1.1163387114775074,1.1581799856866188,1.1241346970179207,1.1621511729439833,1.159219497078314,1.1339019241355885,1.1557842851819102,1.1663378075188109,1.1416534959090514,1.148764582326521,1.1627392443509152,1.1679720273423766,1.1429533817704067,10.561420346968475,10.262096982256509,2.8324325115219438,-7.811785233095122,-8.797302749150987,-6.854798006692647,-6.880979493440407,-6.926538006299722,-5.503726350201418,-6.298330339836838,-4.209253932293933,-3.9794966577179025,-4.983235490104278,-4.759612874416973,-4.486367398663646,-27.303735794431663,-16.236720941571292,-12.842765554299548,-6.248895684389737,-9.696974178931965,-7.4470403318166545,-8.054822481654568,-8.265549562469936,-8.738480064071467,-7.851111393962504,-8.615226699254052,-8.331748712253132,-7.802162915197013,-8.169158820785155,-8.092771461317414,0
0.23577254825668137,0.2543922010001174,0.25081292355041984,0.27568363117230854,0.24720724363926805,0.2569058974730424,0.25646315617082704,0.262056624554393,0.28130278177520807,0.27543950825411234,0.2679086482039913,0.2586940160155308,0.2514978849358825,0.259118705890226,0.26188281772133204,1.1822344270081475,1.1855468516081633,1.1752817016177037,1.1693516011077143,1.171252021843135,1.1761541558052144,1.1538314203434452,1.1911175558655274,1.1399794815318864,1.1616929177964979,1.158355474522061,1.1505688931071625,1.1258645476173417,1.1648427343416285,1.1718370914609555,-1.6442029472876811,-2.5609109183317287,-2.092916658978851,0.12703349337877512,-1.0919902382564715,-1.4071674975099597,-0.4717213937916256,-1.4450346375475078,-0.7116006796268834,1.3226051409172896,-0.33817678540211205,0.8087778919525874,0.7940729975813667,-1.3027866215165318,-0.8998546311368614,-8.707097438254234,-8.19670568459883,-8.676206238741223,-8.584310405999222,-9.113331736136239,-8.136396120136409,-9.365195735856087,-8.191341590313971,-12.200714682436828,-10.191906363149046,-9.85609342740816,-9.047267272339784,-10.166752971474619,-9.394028924120462,-7.82573932665453,0
0.2886037894371072,0.2713957519370691,0.2724788914726658,0.28876121691867085,0.28422416095568126,0.271636970014812,0.2704337712829825,0.26577707869014294,0.2552530821893212,0.27949234812960444,0.28177345527465825,0.26688449503496486,0.25495287843304504,0.25723290667864956,0.270045191858074,1.1299907812336198,1.104380513444518,1.1274502630438397,1.097569119301776,1.1371713620318573,1.1791045751155596,1.186927839346174,1.1815608385055378,1.1604768309886966,1.1675399787996295,1.146466577156629,1.161679361075949,1.1438839723833651,1.1715800544083745,1.1539274543752607,-4.127548496311846,-2.8442377870441646,-1.9754503852541347,-1.4878206517658157,-1.9656802709665158,-4.844563187946619,-1.2292419842824813,-3.729960383411452,-2.9073176489923185,-2.1540758863136773,-2.424087543482898,-1.907375962569688,-1.6868084853165044,-1.7306312396347323,-1.480938036976852,-11.320055870877095,-11.462055022903202,-11.19320069260577,-12.08903008987421,-11.621433425002877,-7.640763815704424,-6.9608282633363725,-6.025865256334031,-7.490810544716404,-7.9393672050111945,-8.293796030523362,-7.6527839090103225,-8.40626205426888,-7.777263122215128,-8.560155941697216,0
0.24705870265344293,0.26576728346279277,0.265658294534446,0.2587097811050365,0.2641498346759745,0.2369705002024817,0.2517120972427705,0.26071757561921793,0.25893243375955177,0.23973904079090597,0.23981617896743382,0.25173970457120703,0.2588631393229682,0.2516118243449409,0.2568639841401782,1.1641067255051223,1.1943292638367062,1.1710947537401362,1.1805757026747312,1.1723040221337502,1.2273483979026625,1.181386489366955,1.1654996715864565,1.175502119518807,1.155297513446734,1.1834048645220514,1.1737272698824255,1.1721981986986845,1.1734465959360263,1.1756832915515736,-1.3171224188610609,-1.4143955032823214,-0.7158745896993821,-0.9181272568476118,-0.7053563988460212,-1.9888937490878504,-2.095640853040237,-2.2931018437321598,-2.6851536701737757,-1.5277267086770792,-1.414281492148831,-1.213021880092299,-0.16798279921110293,-0.4628038713302942,-0.08649026841891327,-6.661929418695021,-7.088021928842261,-7.7426191092917085,-7.3356544867901965,-7.744678390810724,-5.1660488877872135,-7.3377870924892274,-7.836828433474849,-7.284890163894976,-7.1313225955755435,-7.553051423998216,-7.5627694824346685,-7.865504885589155,-7.239724094200448,-7.682405351386678,0
0.25118262509869493,0.25343054904283774,0.25732393521784674,0.2692089309128097,0.30183945647398647,0.24593310834715248,0.26072987441124584,0.24184275385256776,0.25104952462055063,0.2648336314166114,0.243733526864226,0.25488836633082124,0.24954320438789418,0.24149550115763224,0.24954320438789418,1.1496630251827786,1.1453642702218771,1.2891180592935791,1.2285555644727466,1.1967525651803552,1.1692421331160405,1.1868170392955553,1.1900317871530834,1.1874398212413926,1.1815123114895436,1.1619189141987243,1.1622595564707245,1.1790419474140539,1.18844099748355,1.176625523347148,1.4841649780298098,0.6495994729828283,7.844820530050725,8.055155951742762,-1.0794608114590574,-1.0303083271491857,0.2440734893686738,0.7636988023855622,0.46497544528938306,0.2655738511241452,0.41472198130918514,0.9564859051188535,1.734964151170459,0.9559895262478619,1.5568321510605756,-7.949507655643664,-8.862483199973859,-1.873126445817382,-4.548742457926235,-8.944438010384562,-9.000194934119518,-6.930694898922579,-7.258789423175146,-6.775134342343444,-7.804727143144108,-7.711311605105224,-7.187945330182765,-7.164596148051319,-7.075279215295057,-7.579097496882412,0
0.23621465126569857,0.24588972616730959,0.25892062439533736,0.26835742760325537,0.2752869621676895,0.2811140407299126,0.26774152449209077,0.27854061492405013,0.2903407149431813,0.28484514527045723,0.2845698191076791,0.2793766437344021,0.2757366211988248,0.2826652387013222,0.27916762006451595,1.1786310978677774,1.1831866749043178,1.1836978171863524,1.3725711118369026,1.3941947373875117,1.412540236064059,1.4044991879157966,1.421496105378516,1.4088214622364983,1.4076077762158776,1.406840260075591,1.4276335151999244,1.4163656455216909,1.3942844344830265,1.4147359211967288,0.9707399643421297,2.050181770139062,1.4047568940378312,-4.365313811953314,-4.616422210220492,-3.552389481923086,-5.223830645801513,-5.222188763563224,-6.726736440177888,-6.620884213335927,-6.079947079578432,-5.863516225152921,-5.760788646025446,-6.111401093462121,-6.74931174689911,-6.730215739410984,-7.677359560689679,-7.362065793435417,2.0555954806287273,6.390576457403156,6.2317251099795135,7.549483558753487,9.327380513239877,9.459435280419811,8.37147939076875,8.816949177635838,9.088021200160115,8.431019919713975,8.853324492768921,8.006745803187192,0
0.250278538585722,0.2618929163828133,0.26423761198980283,0.2732387587093151,0.2659837140786389,0.2660260460433857,0.2510980981804355,0.2809455656365039,0.25070424803836966,0.2531570206578107,0.22846179490530238,0.24742633278103665,0.27819529809739835,0.2635591519401949,0.24922087816747324,1.1269544988785567,1.1527640227302725,1.1860728823354658,1.1800438315989688,1.1781542126054116,1.1794251675370477,1.1706545868690035,1.1898424951877369,1.1479094761103834,1.1707018700516778,1.2101089856981246,1.135597328138274,1.2438779713602395,1.2314289690268767,1.1607429252419021,-6.538410110146998,-3.5916017681132075,-4.3629643930766235,-4.457207515898631,-4.578737925244155,-4.779309369417149,-4.19850381907824,-3.7550372536914267,-1.7744686539878671,-1.0694565155159523,-2.802389091080414,-2.8085553327471757,-6.844777685239336,-3.80135710181122,-3.431559970104729,-9.548475166972052,-7.051739608247201,-7.437814137928162,-6.422174757028497,-6.577306594029491,-6.805581466330809,-7.3414421505910745,-7.094359872679316,-9.468209211572502,-9.050549324949216,-5.681861299117904,-7.865931442473434,-4.495042534419756,-4.52379250953555,-7.7335516373584,0
0.2134816723407938,0.2755750402919968,0.2713790297583349,0.24374631807070285,0.264656641048841,0.27035441260015725,0.2789271910371146,0.2660387385449297,0.27003738706735625,0.2665408479109844,0.25506183313318787,0.2549380998838252,0.2570110263324673,0.25662640257879005,0.2608746981457611,1.453157274743231,1.3987090846485593,1.4171107418274813,1.417276803984502,1.4026052022016129,1.413506270842073,1.4251377738383988,1.4180337923732407,1.4285050380780995,1.4232628631877873,1.445732490685256,1.4104348125890107,1.4292429084309894,1.4170635610744284,1.4228892505479376,-5.179142738037029,-5.826145093807156,-6.4383590471008745,-3.8584512447494888,-5.136707743678585,-5.825401819207826,-4.883806916673365,-4.562253602144807,-4.735082811309752,-4.297202177421042,-4.307525684977861,-4.180392693804549,-3.2768781607280744,-4.343388417273445,-3.2510626419719415,9.144670590262933,7.876349267645955,7.692667851105758,6.207776833506878,6.02520415427218,6.308099202807549,6.542775824454724,6.957932226404259,6.831302077139606,6.576770504447536,6.712742198327054,6.751435128775824,6.508484925792942,6.3927136357187315,6.98988113131923,0
0.26744290205456067,0.2627028006046829,0.26456032310933775,0.2694855797035804,0.26594609270491554,0.25506461497708766,0.26950904072919313,0.2626948326162267,0.2686231637709217,0.2756496870487905,0.23702566835815225,0.28630805253894925,0.26540610471459886,0.2358948110323051,0.27711678294168507,1.4223053008135655,1.4444957124436288,1.4390234152268737,1.4373569582124235,1.4469308336927467,1.4419902343300568,1.4555728586473093,1.4296622346221664,1.4482091189730293,1.4614774455399528,1.360607109581108,1.4335415685015949,1.434633998200481,1.4408364685082242,1.4039388269464907,-4.780760204777124,-3.7603225449006175,-3.77759428786581,-3.2072224905351163,-3.306725504436457,-3.407601168479971,-2.780357766041078,-2.438720686504695,-3.423208629344998,-2.2250979975259213,-11.997835637640435,-7.367935426838812,-6.343945099681832,-5.051436279940816,-6.772996523778147,6.280002636339141,6.8435238338697335,6.982012803559246,6.63160536066196,7.10317310085309,7.104533581333931,7.497280180841464,6.849873444040126,7.329918548468825,7.694598614597468,6.442393507506016,7.1224594043995495,4.8851537470498405,6.730348936654085,5.55957036931358,0
0.26693819131016355,0.2626289907590347,0.260884634435364,0.26486548405051163,0.2754446146082921,0.2766245188660102,0.2688694470749703,0.2553481290015902,0.21309211853083554,0.24125159504864957,0.27280114591951654,0.25501102403191833,0.27098608603246466,0.26140847340895146,0.2648737525774675,1.3707473937449415,1.4169286993792611,1.449282047619656,1.4480703388928566,1.4173991030215256,1.4122215581892281,1.461063090519712,1.459658536416893,1.4626883580725698,1.4257784028440603,1.416298830823181,1.4727491381253717,1.4766306219481495,1.496709528032161,1.4680300014118886,-6.612450247283334,-6.285198213761191,-5.946864396428396,-4.994694507832861,-5.005569814835127,-6.318705366103416,-5.172165514015319,-5.127131952469341,-4.901048849581741,-6.612040515866028,-6.280636185185273,-4.485787738998681,-4.2674510425286485,-4.350802686704043,-4.868446011169169,7.334927711164695,5.894312495508863,6.913019969295778,8.281308314265285,6.809551101304682,7.46849429160218,8.266068734019518,7.042452618094513,7.75942786263678,7.859187525437487,8.88858562260185,9.408458306951715,9.563443561697351,9.71716520333633,8.950089354947796,0
0.2577326416249379,0.2675934488237479,0.26292877375230783,0.2518893119245347,0.23402071457667553,0.23275500676037414,0.2496414528990763,0.25328286143790585,0.2514949288009085,0.24421591502766354,0.24551281056415003,0.24794280660851759,0.25545131909532615,0.23679247025517425,0.24414394839368098,1.4759240420082262,1.479169461863677,1.4494643205514528,1.410713447888823,1.4294579361825157,1.4131802526529469,1.4076716629968575,1.4236005628761355,1.4295507980215447,1.4432620784780468,1.4364578956038956,1.438088157658161,1.4583150752818077,1.4511126128143352,1.4548469409971412,-3.938823780697817,-4.163819881682031,-4.228464110217573,-3.8648562738818555,-5.4079390755848635,-3.907010930117792,-5.440621713299379,-4.6594873256127585,-4.260079927368821,-3.5221488753045946,-4.606188798142938,-3.625191003666714,-3.149307452293783,-1.373988651280598,-1.7700300001465052,8.67540640523252,9.107565119289996,7.931559947977822,3.9662818333165735,5.053473663731976,5.03906759728578,4.426656693816556,5.548841174965247,5.349761280907236,5.472684463659894,5.288951315519941,5.5806764995271765,5.77405245414698,5.620515377483694,5.355487191193753,0
0.23788802238702622,0.26189531133979915,0.2518833538009619,0.24238188468277294,0.24017295271566552,0.2461940725204158,0.24222783985150292,0.24016920960682922,0.25053025728649675,0.2514111187839853,0.23823411361236135,0.2478763841830416,0.26766758970486204,0.26170695749837225,0.2725209511239836,1.4767708763833824,1.4682914386261918,1.470812896615641,1.4789434474587266,1.4809794864343704,1.4744367538946959,1.4550298853459038,1.4648298238729975,1.490571952321686,1.456737246609939,1.4738075583500885,1.4549311762057597,1.4459486366413916,1.436848863604352,1.3956398576269125,-2.7699812218811246,-3.3129768551187055,-3.1908383474269897,-2.9656920230653725,-2.99667099593853,-2.424805186147097,-2.3690750650820007,-2.609632710035754,-2.070993463967767,-2.515127352211607,-2.490004168449957,-2.203129837666097,-1.8517257673019856,-2.2301749691345094,-5.822976241054249,6.027830776448266,5.9472780076466085,6.145876076834912,6.834761630080691,5.877505269501384,6.562996586079925,6.541728202101122,6.350629679946905,6.678382407559458,6.02378849922564,6.250360807011311,6.432257003224597,5.0505226949308035,4.696006599723135,4.620788611665051,0
0.33589526117728497,0.26587043795908116,0.2325022751455697,0.24038859385973796,0.25190245204368317,0.2782158409350908,0.23865801622356952,0.24421262947683886,0.28223716712137203,0.2484811172141988,0.24655287446919905,0.2504199074053673,0.2464544965539352,0.2644208683186048,0.27281666534658755,1.1973996172982055,1.2888576175115238,1.351012967364347,1.31595307892419,1.2830190813619604,1.2414657208129394,1.3318234115585599,1.377896504681756,1.210787660585206,1.2251334011178876,1.2366831867482704,1.237256377878101,1.2483999324948005,1.2549879683968035,1.3339570726225203,-1.0467501046313146,-4.0960762133160245,-4.453790177648926,-3.8025004450386746,-2.081255691290778,-3.5985630173192646,-5.026276853436144,-5.03966760455944,-0.677688753879579,-2.3663541673614077,-1.9258634282922173,-2.04366311729126,-2.495125094300505,-1.095109652768997,-3.879313629500075,-9.023613426853501,-1.7247830823632309,0.544438176575877,-1.2856877298654934,-3.7573274244435377,-4.743997462158196,-0.5065343811793421,1.7402315706500673,-7.027592047132357,-6.710575262768005,-7.2575036464110845,-6.63276480631672,-5.922120851224784,-5.034315158169975,1.0359212790999863,0
0.2703623021439502,0.2565927637754888,0.2698832006472204,0.2782425624988104,0.2606061115998137,0.26843741745275085,0.2625406917808395,0.25132216119036555,0.257522011836573,0.250220784283015,0.2660312429122513,0.24022596471066165,0.2541028371697595,0.23838489332600324,0.23316495210361649,1.2486424124303064,1.2615015764428865,1.266359192990955,1.2439818293498512,1.2310611380583287,1.2398175108359397,1.2835040873320285,1.349885942197802,1.398927771841704,1.383913076213071,1.2573346237108476,1.3766753428314178,1.4088635036033161,1.404757225521507,1.4145935905076161,-0.1799045197892326,-1.6676533774246707,-1.9849694400183466,-1.5743839316500328,-2.313875611712888,-2.5977436411652377,-1.5636690758240377,-6.578094840291698,-5.617023569761756,-7.20911894918288,-2.8529488659218885,-1.5801343895980722,-4.44344665105757,-4.533785224704104,-4.220487127371058,-4.97818765748278,-4.759168159095497,-4.871656559890249,-5.645822555316842,-7.097465603911174,-7.3395703961622845,-4.229735858645863,0.26106918563629045,3.0988649131812256,2.34457261578509,-5.077980198412708,2.573563603974633,2.3581482289358426,2.0484959768978337,2.566424089352794,0
0.24082583564699733,0.25052732140224887,0.2522875139126283,0.24554286773060482,0.2619486824873277,0.26194122382186547,0.2405469761085821,0.26208546853290154,0.272021868273209,0.26216655755986273,0.2605185184173443,0.26219374947664575,0.24299086843693352,0.25591147719712226,0.2367920427231101,1.3216385635321997,1.3773364633254674,1.417793467840604,1.3795481543610955,1.3122518681690134,1.3523607745684894,1.2736554550972352,1.295412460085389,1.2938479675102859,1.2493776023703258,1.30552348542533,1.303985396185252,1.2656425831638234,1.3242140472209534,1.3858807508618198,-2.819084019027315,-0.8563329895714276,-0.7958019894854829,0.7962598615207526,-0.3539060270479979,-1.585292407230554,1.5793289598357205,0.4268252144092912,1.6977126702441865,0.07222243021755048,-0.23782624473975034,0.04183957567914831,-1.430704704740549,-1.5412400612330543,-1.184782704221675,-2.8762396552611467,-0.487616861677897,-1.2173370383672124,-0.3869454420042608,-2.5627458527273452,-1.298727318157014,-4.104055968794865,-4.021887901830493,-4.611280969200635,-6.818266179289335,-3.5319132077953506,-3.028280058966603,-4.265676346798296,-2.286334289204461,0.4844871101051842,0
0.2509073857173971,0.23575193533152172,0.23883747376542805,0.2561525511715856,0.2712322857136018,0.24791402675585947,0.25588654927981136,0.23821057513660165,0.23500491910787455,0.24235214419043727,0.2522255562237778,0.23886039923870012,0.2325204586911387,0.23069849430645095,0.23431871250279035,1.2588380041508997,1.274998864296061,1.2865071530801202,1.3610423627620443,1.4131017565896884,1.4630588214157434,1.3910655328939112,1.4378586683930341,1.4634627614441582,1.4447378012665626,1.4467435292135733,1.441458863702257,1.4320808258518085,1.440894378204511,1.4324808606506467,1.8593217207966575,-0.6516282079024052,0.7839332613404792,-2.9207931992095837,-1.4041315732891348,-1.4664553565256142,-3.695366251503316,-2.8966346452179437,-2.3556984572764463,-2.3275119726312425,-2.0949907135002377,-1.0737726317036334,-0.27408500404641245,-2.5845757409988153,-2.103819308012987,-5.755029348307931,-4.791197171771353,-3.545281434244733,0.9706266025150205,4.7447927121222,5.129659462900032,2.6976113221680387,3.907961941591756,4.287011682374376,5.10244228385845,5.021550992119556,4.634405731621168,4.226335281366598,4.237782558196434,3.8837379867613535,0
0.24997041599307285,0.25195854281189145,0.24977858902779343,0.253999768279065,0.2902271532220412,0.24337394324789202,0.2695797754823273,0.24905966546116293,0.2612551738308872,0.2612551738308872,0.2451754677267622,0.25987519285433774,0.25749277183410657,0.25573270061697156,0.2517080864990162,1.338308806683704,1.3812862711522165,1.428974741588329,1.4315041431060578,1.2535521874583342,1.1310701405298085,1.1245136697948575,1.1621741759250732,1.1641213670575914,1.156952803794236,1.1643133698054597,1.1572277648133007,1.1813314403783848,1.1749745744186375,1.1753601692251427,-4.543410875136715,-2.574512438248206,-3.009621978565974,-3.655815573448166,2.053586164019208,2.773708635059677,4.295869484620226,2.270943952193079,2.696947337516491,1.2707697664646105,3.0008978215246884,2.060612613909001,2.6005064243640277,3.4198963061917595,2.8690376818065317,-1.5016107924266167,2.490398493205731,5.104688450953955,4.913800300057673,-7.611281174770099,-11.44235755621084,-11.917481610134569,-9.659279316422976,-9.459647909833613,-9.246885403884338,-8.998708191997926,-9.671909942039429,-9.452972611673765,-9.409504873562168,-9.292093169618918,0
0.08063015321049104,0.30297611424791077,0.27192145615352104,0.27892213381957,0.28809364542489685,0.29268054626287693,0.27726106396881445,0.29440011599347193,0.27712260945811074,0.28731515706647137,0.2838577422074554,0.28291879824315147,0.27710551930373417,0.2775328012905035,0.28509311219575884,1.3120030642617535,1.3922076906515686,1.4546973648913069,1.3971883969250216,1.4040285126203458,1.3978913539103226,1.3957057681522158,1.393806336665898,1.3950628231676865,1.3989053063061705,1.403860814342124,1.4072114797026434,1.3957535532425362,1.3978347210999058,1.3978347210999058,-9.415676403539152,-9.970967042123846,-9.538130368592277,-10.138504030207287,-8.229597849599543,-9.465036611419805,-8.521276900306162,-9.026868947024639,-9.498794436966676,-9.83452569344928,-8.74475259861265,-8.744994306639313,-8.551822400142981,-8.740868735949249,-8.964003206808513,2.6788279530961865,8.451330524443657,12.206181104060713,10.902772432590838,9.783249850685387,10.861024111399395,9.533514878752822,10.699229910379389,10.239695228117371,11.183136746509264,11.278498312958705,10.889724928838865,11.238195046306112,10.923473172561776,11.046296410054124,0
0.2921985058585863,0.23636213938625827,0.27102464355002187,0.2617698077431436,0.267310817779169,0.24393928701417888,0.2618466830593002,0.24724782430959386,0.25126781333697795,0.2499529188910656,0.25820984221169074,0.2509710035260836,0.2390898935523354,0.23867961284951061,0.23832525060174203,1.1094931295524328,1.1429188857748325,1.1694065967660954,1.1793888848761396,1.176558507381383,1.178718356716416,1.1845370118803003,1.1851425569763512,1.1666786205769109,1.174170615063177,1.156696231742297,1.1836806846331651,1.155757909892941,1.160583590299879,1.3086211975093094,11.164541249676375,5.678368574522494,3.3721118504574292,3.2446570381317485,4.496468370987458,3.280144498514659,3.0557180879320356,2.390567544302513,3.045771899931026,3.685223178976713,3.2722690298716373,3.2674530427395894,3.4414072848462354,2.9077656733273045,1.6475313855632123,-9.762838076982161,-9.778865682145518,-8.326233147739268,-9.586398846990273,-9.174371472037876,-9.250629849411467,-8.972770622702102,-8.665944060408524,-9.477667317695536,-9.463876030010411,-9.171880466934645,-9.047418755497015,-9.980818835684687,-8.881865106700912,-3.2380751817950437,0
0.2411944858505793,0.2586536970036207,0.27258739551874733,0.2625038133378531,0.25119503740777566,0.25792703195814964,0.24974802131465185,0.26028273091395526,0.2459478617590048,0.25991717946274645,0.25082332866801155,0.21373357988934916,0.25048565041746634,0.2367402842622766,0.24698346010685496,1.2645404772044033,1.1958398872859115,1.1844347112570595,1.1524051227981424,1.1801132679922852,1.103674907260193,1.1157613552775105,1.1148307303916187,1.1132358665128834,1.103791098434298,1.1797030571237321,1.3191951313781674,1.2777245164093973,1.299987478638492,1.255328669999194,0.6018397834414202,0.6024349667050615,0.04597258400289661,-1.3451381286976982,-0.8214103054568511,2.8114238381915015,1.1016656243628518,2.6915762867735396,1.482649018419096,1.987885481448501,0.08954541646053826,-3.138910821788585,-0.03272853233991668,-1.4296703403607864,-0.8133461993697892,-4.947793499262729,-6.969568506703168,-8.574671786725258,-10.793326529242252,-7.884144740240732,-12.160181376914851,-12.657835759476475,-11.79099706138915,-12.660724878454479,-12.757782485394316,-9.964224787920205,-2.107600142680229,-2.469893815976658,-1.8866568919185083,-6.555461967591956,0
0.22035958690401736,0.25562675214172836,0.25195654693068853,0.2595888608141584,0.2710203371669949,0.2357907735024492,0.23502985029288853,0.2288210038702349,0.21868442659463072,0.21476133275211987,0.25229175856553787,0.25217100077520116,0.2547835468760048,0.2523668312651698,0.2479790476999899,1.367532582295591,1.433762181492402,1.4788828646577628,1.4590088074772385,1.2612626449382471,1.2260811453378926,1.3263776472498279,1.3386611585065937,1.3360507086951436,1.3255545248712906,1.3167033958025642,1.29946585814745,1.216472795181267,1.4906627557619592,1.356479530810975,-5.251911835832971,-4.582107026713572,-4.766495186027782,-4.479845647185726,1.8518055743238904,0.8053403702322441,-2.9938274393675215,-2.577845355933391,-3.1243620093151776,-2.296773586734645,-4.058369451752753,-3.766960505356252,0.08608985348541864,-2.5836855701346906,-3.4556835003824915,1.8761066545532126,5.28844387239721,7.574098927704185,6.566799648746601,-6.170683822857608,-5.5856177216977425,0.10868317145337833,-0.46552492549395363,0.008864696501976483,-0.7471827989460575,-1.241932647107484,-1.737034683518281,-6.640737110403793,7.099281429774199,2.192816776399664,0
0.2750618379631433,0.2544047772789878,0.26908225716225276,0.22996657898447648,0.24335089064266402,0.2536272824945941,0.25761825308725883,0.25330253560253113,0.2496069889709604,0.26344676067956296,0.23784368121968286,0.2552443135006337,0.2617762662685442,0.2551096653128841,0.25566876122627935,1.2134682776337038,1.2082287683390371,1.2333631276512174,1.2039355611595615,1.1883789580033122,1.1936178169522962,1.2145863259192082,1.188387146528549,1.1879464153177457,1.223897278904524,1.2078781401248302,1.234579775171437,1.2060558571750761,1.2126854823364637,1.215839596138094,-0.17143332491940555,-1.334695081047272,-0.18537299195725154,1.5635361264402263,2.3899809615182335,1.205214803270593,2.3670583427724523,3.5014308875332745,2.5978424942435936,2.6760516809035266,0.9162080128759555,1.3421067161243059,1.822439073120762,2.147228070816908,2.2242233025196185,-5.64768823153784,-5.267378700414214,-5.377860016965497,-6.4019230794379824,-7.211720431850757,-5.98600404998704,-6.127689828356025,-6.712594752986601,-6.416379082540924,-5.028838289373389,-6.2853304479094,-5.2238957012023395,-6.028534296220882,-5.694600906935399,-5.986295102130713,0
0.26939199237815425,0.26378686322436684,0.25811479981788377,0.26352480005351536,0.2712503954097496,0.24380070141081517,0.25566938638235437,0.2244621745559347,0.25229637711218433,0.25166074284653434,0.25951621652024537,0.2716910416924966,0.27856750839966227,0.2559168030335015,0.2594977818799534,1.234579775171437,1.2235383026683664,1.2141057606811496,1.244608856848175,1.4238913393389492,1.3818597226037612,1.4128715374693488,1.4152990547495217,1.3933786369247827,1.4196532970997031,1.4226134806653923,1.4427495671100503,1.452547177460415,1.4689541101675407,1.4659434641614857,2.447792095753613,2.8914015929724712,2.4447644546325478,1.814096440272266,-5.552438234852076,-5.790592166582087,-5.868574667613785,-1.4381124987981195,-3.2333635538604995,-3.9109645998356086,-5.780425623564554,-6.210783804022583,-7.23120104088315,-5.049467942859735,-5.046518490931817,-5.7191406823790825,-7.070322738921548,-6.355286521895564,-5.868412535778268,3.228789895872408,3.747016976312124,4.196794674762071,4.189655692493563,2.187917206482125,4.60731887021515,7.2836193039533565,7.184898116557595,7.044300221367269,6.452308766819517,6.511743556333773,0
0.24793870089485504,0.24975845731196103,0.2515053592828685,0.29197078754933536,0.25981207945487317,0.24876257038145744,0.2667358522644184,0.17417953855913965,0.3037460665410426,0.2589212148499072,0.27062927312162577,0.2675263117748811,0.27033041053226053,0.25752174182110554,0.21245566085271633,1.479212423138648,1.448148285606566,1.4082889975498813,1.2991428711789859,1.2873761748961061,1.2859413474524743,1.2189074444461987,1.4427149185038197,1.4591074156549826,1.4256732925740287,1.4235864613289326,1.4101731493898733,1.42847594230203,1.3699533729123659,1.4045961240753073,-1.9420955100996196,-4.449617820004022,-4.2399417198053015,-8.727825281650013,-3.6427646355425054,0.8907048441113261,1.3610085780275085,-4.483503876869719,-8.626130900590937,-5.123200723786539,-5.870322853284819,-5.910614256697954,-6.489901298200067,-5.0572423943958995,-7.185164349950412,4.451532456822639,4.992954458836329,4.178642034836873,-5.375803862524248,-1.6359129256627416,-0.9078669422121524,-7.110467151258807,6.20638815887857,9.739033575061082,8.54345185630042,8.522180749957926,7.62960106122513,7.5221483117979595,4.25162191064491,5.101691042673873,0
0.2651191560110715,0.29101399952772156,0.22746572956702368,0.2847841381500568,0.20098818856588546,0.31838856375479757,0.25143726817191336,0.2755176848768479,0.2713269071921066,0.27628721377572507,0.28542513496187316,0.29375224477107065,0.28033870681367357,0.2628981456594603,0.20067156248056744,1.3936298522371102,1.401964610060025,1.381029262673987,1.4037010855481664,1.2064921388583876,1.2092635703214496,1.3268571277289127,1.3695663685792139,1.3832771432356872,1.388351597888615,1.3889096245880754,1.2219233410258743,1.2236938295163424,1.2252444496214006,1.2144694875191522,-4.53570301611029,-8.881071499698777,-7.575421247752189,-6.569996568015142,-7.021626848655586,-3.769302951438874,-7.288338267822695,-6.842439033513671,-6.314121092040523,-6.944727028876969,-6.515288458424067,-4.2658014208355155,-5.030242426504856,-3.871939997756158,-7.0828518683972845,5.814469293734644,8.7177689017359,5.316074904135833,6.1981870722004455,-4.939373922524029,-6.504116233157389,1.2837749323444956,2.7350390641362092,4.793705427525623,6.097528759110155,6.078963198411645,-5.564626602704913,-5.940747247601951,-6.397466990566396,-5.125267443073454,0
0.2034367652118967,0.2785590973919968,0.22711339783248508,0.24004949307769316,0.13624934113429382,0.20548180001628188,0.3054810717354901,0.2636783559154711,0.28034565566937875,0.258506540212301,0.27625589418013774,0.2608867178115588,0.2628096220348649,0.28272056547065444,0.27490789436863106,1.235592560084859,1.1592444969269222,1.3668109022066957,1.6328449696365555,1.2018014731338318,1.0007235093140985,1.1684463295244651,1.205498703398406,1.3018763003631701,1.2321356514975126,1.2605457826292776,1.1473763230347154,1.159305794051298,1.2211390070798493,1.2136394368300714,-5.736027626137314,-1.1265274862693389,-2.918629814855109,42.30035490972966,16.177319767334723,1.7869082453004808,-5.890353291883429,-6.1832199060446555,-6.86836941690737,-5.797550076997993,-2.938170448640278,-3.5205862718156595,-3.4941480492721553,-2.8406183674606496,-4.637438966163415,-4.306013039253976,-9.077783797499832,1.936809942123794,3.9693260779893635,-11.302203088584314,-11.27172282131649,-9.157585494004108,-6.521841484105855,-0.5618006899340731,-5.287729000829393,-4.925269241531019,-9.275798763631665,-8.722520448495771,-7.050939341142643,-7.53840062291215,0
0.25310037045675426,0.2701605402284978,0.28300420372741136,0.280865721539747,0.2539801860274944,0.2585201369374383,0.26633845103265796,0.29282478729515743,0.25144394508649526,0.2874466166313839,0.27984010222996075,0.2715226298241329,0.27964449363367205,0.247130154887952,0.2636481898604668,1.3777151483663315,1.2572589465783317,1.315972716399608,1.343178295984691,1.3519718755158343,1.3059338481687417,1.2440110221251037,1.2972470489795112,1.346699029299828,1.3340531110773983,1.3000413026549162,1.3127510705244045,1.2595968981233752,1.317607332897211,1.2829759456053405,-10.04140304244089,-6.210633788330853,-6.946502245974926,-7.647330410871916,-9.312330087413415,-6.660158370812837,-4.6853325264807495,-7.110918509538578,-7.333547926316697,-5.077893140931224,-5.653197393349842,-6.5836884660678265,-4.94899507907661,-8.766018109451977,-4.086476730865002,7.58580471632464,-2.8218207145437635,1.2629594974647267,3.2746513247171714,3.7612100813855407,0.37416386563425885,-3.8128419518113033,1.7544490178595722,3.323881179739527,3.505351569376393,1.017645874196121,1.1847826347422405,-2.242698074690075,-0.7161094904320077,0.42889959781339465,0
0.2717977042700009,0.2928317186980206,0.2697949877722435,0.26798645639279506,0.25224330465319156,0.2600789621544123,0.29708200388672856,0.25026909404221587,0.23832589286678518,0.2732552160878371,0.27070343050411405,0.26691144850392245,0.2811656567858084,0.2671196706028428,0.2708916726180727,1.2588579719677437,1.3184555160624059,1.3271025607317413,1.294637567267734,1.2665645633746863,1.2808483613579444,1.2651464990106536,1.2653999363554094,1.254504620423142,1.268631515498729,1.2847643458544438,1.264607916849165,1.2990961077559031,1.2814478945166028,1.2937482186902616,-3.984883516079151,-6.667910974989155,-7.072609687087407,-5.305038259868439,-4.50076852777741,-4.594149528559939,-3.2893774346934492,-4.341142605609008,-4.267564938472617,-4.057851070058774,-4.51024471179943,-4.0586905315428226,-3.1027932148582806,-3.6229831246166952,-2.744039002850144,-3.1046049754582556,1.052568902300234,1.3227408286177589,-0.03760389597927296,-0.9450829085873418,-1.9477654961531743,-2.0098819449438676,-2.9012217470950405,-2.8235851668778746,-2.849878392850038,-2.5366610853649063,-3.16364489219316,-2.6398594201130594,-2.730582096294927,-2.5905851608616137,0
0.24867683373852878,0.2712118508055877,0.28620096904834014,0.2863533401455186,0.27290194381727795,0.27742349332547483,0.29141690092798,0.2789095510765531,0.2858385440770428,0.25290576191137565,0.23756260242708493,0.28277633550918635,0.3402359557276624,0.26017370538064033,0.28167573124414114,1.4540757704178016,1.4174135967152146,1.4353560724572572,1.4454514259789062,1.4333797651865647,1.4769490616849923,1.5390193185008236,1.4590476057429265,1.4999622583687682,1.471738964404572,1.4422030084413393,1.4177510356572887,1.1808980888054557,1.1922400396286799,1.153031046995315,-8.234350375258543,-7.815104641972738,-7.238777702315531,-5.461162528223753,-4.623806045160649,-2.951660472232703,-3.295626848058788,-3.9602344938373903,-3.003902454567509,-4.208494564678176,-3.724057922714991,-7.2816589231265425,-2.064685072652992,-4.941824272786647,-3.6113764421510552,10.583731731778462,10.468131146644673,11.260109646551209,12.285791225455121,12.172238295566359,12.201700188525196,14.239771994325494,11.359783771242803,11.430350987336167,8.47226581821567,9.192505127527633,10.110414298706948,-7.811483312998984,-7.058761572160914,-8.906502385630015,0
0.23252090299864725,0.2650404328038607,0.27099115197739043,0.26642314933742395,0.2669686805497338,0.26868373602393114,0.27902968958283036,0.2690087367886534,0.27487610784554783,0.27051659955139945,0.2565500998431795,0.15161513091480616,0.24641883835598172,0.22384708692666877,0.23206257326678195,1.287215909281267,1.2770130589675421,1.2606235808011221,1.2736913742597142,1.2793096341601768,1.305856729049849,1.2849286068883101,1.2760987686333423,1.2857554535249998,1.2759255255882413,1.2742303236882868,1.2834333554121133,1.266253492802131,1.2605783288705588,1.4284335550217309,-2.5245976277484203,-2.081031060444815,-2.6793594425247136,-2.3285748585763884,-1.974181591464827,-2.1560125891408575,-2.0399715202246966,-1.6184335968238486,-2.0755638231461546,-2.068019539506281,-2.7619469599355284,-5.358490653029264,-4.085988449311657,-4.1652244458505265,1.9435851711681664,-1.643851764045213,-2.5462368973541363,-2.49316538092988,-2.539683512350092,-2.2860076182879547,-2.5068513612645247,-2.319127643419449,-2.75940775007679,-2.3200467335479478,-2.509562764025389,-2.959221120334922,-1.4396736050858394,-2.6386952108142174,-2.078802548952306,3.349643551873379,0
0.28495555098165215,0.26956078599517985,0.271557728472797,0.254512883106454,0.24330254204751195,0.2527118480999206,0.26394258703884943,0.2621104007957572,0.2552413173310829,0.2603212390423308,0.24285417937473508,0.2565476294532997,0.24929174432677179,0.2513382792833866,0.26854536045040767,1.2149341417143513,1.17886458450477,1.1885564917130487,1.2004095936840302,1.1857572711893383,1.1827077111808948,1.1851984181578348,1.1857303727783313,1.1810211696798045,1.1891355360558546,1.189653447850108,1.182669778916094,1.1813788496309592,1.1610726144229497,1.1492388774643032,-7.061240495824762,-3.1729135033484965,-3.402996234294136,-3.925160063619302,-3.893246348613019,-3.17015757430147,-4.090180493435696,-2.7639693776015406,-1.9729908942604766,-2.866595581269962,-3.854205432403944,-2.8499991454947633,-3.1082095499996854,-2.717814640223594,-1.5792526405066383,-7.0740710270217795,-7.83120967171795,-7.686544739987054,-7.7622043422610005,-8.143817674971192,-8.275323251869931,-8.26802587744923,-8.353381375338081,-8.760894893253234,-8.345255474598996,-7.985706290926038,-7.463831178083871,-7.376574781948189,-9.13240379694149,-11.472642687216497,0
0.259017623416842,0.2552646275498538,0.28171561095339226,0.3084831242068828,0.21013002167340633,0.23697209631496963,0.2575770239876924,0.2688261361132546,0.27036400736770694,0.3022636471260301,0.2831768980849009,0.28371830545554516,0.24163850563615286,0.2779788773383944,0.3078088668165442,1.3419037958975555,1.4121787604208276,1.3863056655551425,1.3180100166320579,1.4278827002156909,1.4607999499564668,1.4739406122144048,1.452830500525601,1.450288377034479,1.3974391926453653,1.3799769310742913,1.4125679435590643,1.3886917425985972,1.3820524311631788,1.3681754565928448,-3.8339534241600575,-18.218893337495388,-21.91556745361413,-21.88276614458553,-10.714303009408525,4.56357030194215,12.279686802628106,3.4364027089625324,3.9965465862557608,1.5205952036374981,-0.8768159891645269,0.985499284742616,-6.010079773939424,-4.1671564384644455,-2.5613762167911887,-1.1177490875976712,5.099853818650514,4.366550359339687,5.9960053608442685,4.104616072550084,3.2906807702796135,4.537437257159736,3.5535692801462226,3.2123290426460147,1.440310328997847,1.1015890689155718,0.949977862305713,0.878949822279312,0.9090964510048277,1.4675662252983717,0
0.30059169650797113,0.28100389870082276,0.2621320430732318,0.2694400876870682,0.26195049567783846,0.2553203864381336,0.2678919415862774,0.27452269683092656,0.2962051155293019,0.2640459349560442,0.2820368634839581,0.17788212980608545,0.2214772099657097,0.29199562006208724,0.2939559282182697,1.2201963661697497,1.2390742180942136,1.247224695747549,1.254711213939385,1.2645903074969889,1.2697546982923102,1.2668265443145401,1.2653424862115266,1.2834490973553516,1.271626704194795,1.279829046671309,1.3491182915494917,1.3071073688309283,1.303057985865161,1.3289735871707888,-12.315177352971432,-14.171282121025172,-15.584129769221533,-15.315414747852259,-15.020592911454543,-14.91217438671336,-14.54251884959703,-15.117083059003448,-13.885916092066367,-15.250167326324629,-15.583085883235782,-10.268906393400783,-13.732641632928534,-9.140459831924545,-10.171836192223566,-5.524486866241432,-6.3757474422682225,-5.656863059551864,-5.816565119308645,-5.5924186313847555,-5.18271271924884,-5.3289197124045495,-5.144523265497615,-5.067613254820463,-4.442525866640101,-4.37935317619581,-0.8726104999758532,-2.4603878410442372,-2.505765456612112,-2.7109868010273845,0
0.2811884895212026,0.28484811099015406,0.2690600316562324,0.26358414783342243,0.2693514747311345,0.2600986234211057,0.26200188475087494,0.27071229975866484,0.2708992934404122,0.2834640300093204,0.2673785243324518,0.2744926385544615,0.27694782774843146,0.28651463789460063,0.28014291949240877,1.3111332898130457,1.3065392656174515,1.3169564142380823,1.317793992079727,1.3227378298701844,1.3116809555527738,1.3107259884698907,1.30584431541013,1.304527159856878,1.3166077372234826,1.3252647527093282,1.3215477260204345,1.2908934289846097,1.322358004053943,1.3092290915544076,-11.514434690594584,-11.527149206451782,-11.815089278542757,-10.731444486198455,-11.91495625316972,-12.543045725101365,-11.845321180956063,-11.9858503738144,-12.265028096421133,-11.99546198196137,-11.66443038074732,-10.444189447502879,-9.843794949418168,-10.093298811246228,-9.939056372296392,-3.0902199420033987,-3.301091518026421,-3.682765441331585,-2.6810370662357683,-2.7561417394619414,-2.8146403926301153,-2.3639710434588226,-3.2723980344520593,-2.9178194458823916,-2.350011973489673,-2.9202888113045145,-2.975716980453451,-3.4736063644736457,-2.7393122170348736,-3.237245599079381,0
0.27995195752889035,0.2852994168828922,0.2876252043063486,0.28375441169720006,0.28133819258600645,0.26241844273388,0.2746063258991486,0.1799063339475086,0.26946578981472413,0.25732456460731745,0.2849995656904766,0.26742418051135963,0.2765156959955408,0.2832029962487559,0.23972751295385847,1.3305042103679485,1.3147436258655498,1.3023610392354312,1.3226781621481498,1.3278508511092848,1.3158697099056347,1.3119167316813538,1.2940180848181644,1.3327954420733505,1.3434807803052409,1.352558138269126,1.3149801150801028,1.3171922700942942,1.3173757839521785,1.309177222525631,-12.669255353863633,-12.305288041956999,-11.608733528540654,-11.578580587840662,-12.427188752456743,-12.985881284224916,-13.869475407401211,-15.266381307670201,-14.10762361666906,-7.2111699833077125,-9.067383309319979,-12.013286260864732,-11.229162489365109,-10.03268550859272,-10.780069360428996,-2.7380466583233662,-2.8639434774838413,-3.065282833714091,-2.99865443081522,-3.0014439384786873,-3.0256399097749194,-2.417555845872655,-3.286117989692161,-2.054539001556886,-2.025379302051883,-2.3607590154633122,-3.1884856835155366,-2.9932862738947805,-2.9201123080365323,-3.448092123882333,0
0.2475091788967419,0.26897422286313133,0.2650412782921131,0.27126401693147684,0.27408391062006243,0.24495913320672336,0.2844013007134804,0.2982742332309961,0.2628671626819187,0.16562755329162687,0.22854083795290905,0.28187554509730073,0.2431881642080768,0.2660513186039487,0.2767280828944555,1.3023732610843128,1.2997394101534359,1.3003077508832628,1.3270728859232384,1.3581270771345288,1.317760227279847,1.3193293406565478,1.3141705749809436,1.3097538595119926,1.2981730136954732,1.3305192022853036,1.338613283684776,1.3076454694207753,1.333527389389919,1.3234584931651872,-3.0742175605008413,-7.468753956878487,-5.035315283945181,-6.76132722264785,-4.52018257702926,-9.135172916890468,-7.962822395756916,-8.162143119330636,-9.425293980540175,-14.370941204217871,-10.85857450355735,-12.807176358583348,-10.9062936241844,-11.907513322934449,-13.050461153586099,-3.531338306903305,-3.093471436391233,-2.842317985068654,-1.9617880506628753,-0.27694527170897115,-2.496431773901294,-2.3792020406065486,-3.3839924407760327,-2.493549007868406,-3.105646212586976,-2.2880819103589682,-2.617934247510278,-2.381380189314847,-1.7021468136511606,-1.6908922428977156,0
0.22088620003104975,0.24862209756170955,0.2678523161885237,0.2608426753306978,0.25926112898841996,0.2782586105969744,0.28685360194459625,0.28208990542158074,0.2769610896873176,0.2923248170113443,0.29232926365007694,0.29587890716302867,0.26848636256956343,0.3088716329272809,0.23243084467232633,1.3201574506596054,1.3089133096712593,1.340466070802176,1.30855502562783,1.320314436641961,1.3327376586897255,1.3163701910431576,1.3086467471133896,1.3272468116283413,1.2998067701652156,1.339229472269084,1.3256532205149893,1.2944220415627692,1.3277521770744853,1.311103179481623,-5.30616919520935,-9.737307905636442,-8.74547644815354,-9.820824940363167,-8.74682494315121,-8.825020050493578,-9.107573910020704,-9.204845142762792,-8.66839221122413,-10.484751488221434,-8.980737871535155,-10.37017110941025,-4.184134913053072,-7.552216877675164,-12.92535375418177,-2.2665283479458957,-2.0918437097339124,-1.320001509600744,-1.0981986101752215,-1.4276816064782938,-1.248679652444867,-1.3936400971066443,-1.608575862125075,-0.9389491158060722,-2.1202267585819903,-1.0987316275179055,-1.5403317203468379,-3.253958670974509,-2.5307760429439967,-2.004508035349689,0
0.26840688993020234,0.25817195226190387,0.2882895041423065,0.27882874419018,0.27560131124387843,0.23442854709368677,0.2575734274533039,0.2562950294175535,0.2610812611701482,0.27019790905466023,0.2587402567819225,0.22920668484102963,0.26018803296697823,0.2531629368910884,0.2501460996030198,1.4313251347827722,1.4465083496164284,1.4008992746212174,1.4107372631007096,1.4362845724802829,1.4449642958524787,1.4407768873245212,1.4195201369583745,1.396330722596323,1.3729009287056493,1.3969542146207685,1.413584273937351,1.357331160286257,1.397107718438528,1.3943955980153633,-0.32319451366481644,-3.397123501784648,-2.3633759181054472,-1.423661950782872,1.7405018297696984,0.4694001013928073,-2.4966062751599623,-3.3761063046848676,-4.755429820047084,-4.867576997995457,-7.288252017952544,-6.944483133992549,-9.219187528252405,0.11012793836050605,4.775780092738813,2.1271607188762367,2.467818605858541,3.148895486246448,3.452727652475681,4.930541306535151,2.9348084141963096,3.082898193428125,3.280994542233212,1.8951474940058712,1.872298695809644,1.5764845400212804,1.8224324582099274,0.7699703117850324,1.6597323040390843,0.9743377380503432,0
0.27726681555024035,0.2886991785340739,0.24090689881849653,0.2473377461466128,0.2826953494054145,0.2979524398600514,0.3020981739967731,0.290704267045194,0.2880245628574405,0.2803280010564125,0.28589458320909455,0.2880354460389163,0.2896898301927149,0.28769532783616136,0.28424681812092617,1.3820454270848213,1.3928370843602804,1.367715113866388,1.3916871777823911,1.3965896148822912,1.3420132794622261,1.357582022914928,1.3675957657142586,1.3577102226610143,1.3675107537519,1.3512357184135297,1.3688273303262493,1.3633743699927698,1.381624941112053,1.361399758289974,3.6725066763924303,0.7119639904505277,-1.8397351119130576,-2.3850990316460923,1.4190591898934315,1.9306681674577248,1.6235587089333876,-0.9089904780236395,-0.5558359180818968,-1.5808809203166732,-2.4075218022097147,0.38755680451990315,-2.051115924556825,0.290266048822275,-2.1178328042910266,0.5441325017434003,0.574472364078761,0.15946108938947942,1.0064975484953458,0.7777975425287343,-0.19184013566307132,0.16184593568825903,0.7404576217934321,-0.3549187350657288,-0.05433792058853988,0.05006371036249781,0.40305053404514357,0.35539497223721717,0.2525840115492345,0.15991413810974095,0
0.29183126874798915,0.2610491047986678,0.24871646127011798,0.24373477676818606,0.24475979775043852,0.27690241120951675,0.26124793284285086,0.25893779510744785,0.2572822996150621,0.28538620245033175,0.17733052684241424,0.2516110539643178,0.2102723393463437,0.2604125383759533,0.26971441218574765,1.3322414617237621,1.3542118177439368,1.3570051040759274,1.3358215800670983,1.3423595369655508,1.342425111682609,1.3480942738131156,1.3355896261149214,1.3320863673103867,1.3582170770093362,1.3408665127488744,1.3562800013233365,1.337265469773253,1.348750030125344,1.3486535332089895,-4.579808846870634,-6.3362495303250626,-7.6320505817786,-7.44274572475598,-6.777121305397145,-7.271586886920716,-7.25295771592522,-7.45303590860658,-7.279941793697191,-4.470545309340622,-10.031339149485405,-8.942211983439734,-9.20416159116607,-10.083275581351046,-7.462350400143208,-0.5765483793914159,-0.09566244359259135,0.29882501311695103,0.6070418910566272,0.29969982333134154,0.5638968554070592,0.3124515239414665,0.02594715615730923,-0.12223228248517874,-0.2776813453711217,-0.27668571615647986,0.20491114017031165,-0.3684715218824495,-0.05241765710259057,0.4136418290041079,0
0.24321510723493783,0.26446999598468224,0.29283052536450427,0.27524744778668053,0.27637405356843403,0.25018185477836286,0.26599712562155836,0.22699161806584797,0.28535253517130515,0.28041153155547355,0.2553854275730576,0.24307069616964333,0.2433342463301998,0.24528869329314543,0.2681622645270339,1.3484787819245636,1.3435248215507622,1.3511935561334028,1.3652895989928888,1.3516220584563656,1.3320680950971886,1.3492147734401583,1.3312351781161762,1.3420943179361646,1.3435970959971524,1.3278615943412193,1.3295172379679236,1.3500226135135647,1.3479204298090652,1.3593123349338223,-4.333939416714969,-7.113165343739865,-6.473927221389687,-5.800686873003684,-5.853143374515554,-8.607429977704982,-7.680720052316502,-8.478672233581449,-8.11120150082067,-7.223584102726306,-7.6280520621041035,-8.917257847289875,-8.573772075814048,-7.2932510355036015,-6.146399876347175,-0.40878129567760296,-0.6758586127786494,0.37419283471239556,-0.4108595055602492,-0.07271966245323397,-0.12104854140931348,0.13606849787181216,-0.3050379554821488,0.5788314769541802,0.1319970554311019,-0.17610800052824158,0.1166244302703428,0.29914397552589134,-0.6300022826310752,-0.30110643159023426,0
0.21414489022868946,0.22278147742659732,0.2573193899129399,0.23787138775355354,0.2573391704988509,0.2554925566735573,0.24830659229717839,0.2658048864797664,0.24846720036986103,0.23761065207210408,0.24668640027972824,0.20439115860716317,0.21179372960127885,0.1931154185099727,0.21846653819522352,1.353300179883418,1.3417530113520604,1.3450231328487108,1.3615867811085922,1.3488102801340902,1.3373209431750108,1.3440309910443056,1.3521183290733803,1.353124487585041,1.3389054102120275,1.3391894330967327,1.3297400198008973,1.252773888164254,1.2705916617994877,1.364275097360832,-5.98275123793465,-7.170930669773867,-8.827837000290856,-9.260840861213467,-8.896327195187808,-9.997941028106027,-10.776654389842491,-10.619266377455403,-12.180070441185904,-12.263181454155756,-14.122548198468962,-14.18694231249296,-3.282865732453047,-9.81753432736474,-0.1316265588989438,-0.22771984731312922,-0.4528865081120592,-0.5381190779753768,-0.35019566846972017,-0.8847572782662796,-1.731276444070583,-1.3509276426744088,-0.856875121997205,-1.607100914192425,-1.6096793367614712,-0.8394057873995399,-1.2168034658138431,-5.376771347175116,-2.758483301367864,-0.2793748056962941,0
0.2803925213970334,0.2627456763035203,0.26084228842956847,0.25050177443776384,0.2570020294513936,0.25346319197466954,0.23963074178357482,0.25353436693729525,0.24274736710493108,0.24273955662173669,0.26747686136320403,0.2532756259709127,0.24438279435015298,0.2516259727248515,0.23794926830030871,1.3758059118355142,1.3495063096442554,1.3616857038275214,1.3608975113109176,1.3735264938116762,1.3818680157217988,1.37118719749408,1.3700051506679702,1.3494287241570238,1.3693032040119661,1.3651421772888142,1.366997818139855,1.3860588073576194,1.3660457100630576,1.3631258011944105,-5.386701335237632,-7.319775337563584,-8.722681209432551,-8.119558651137197,-9.141691799007418,-10.752271613415616,-9.454450872474155,-9.182565988852502,-11.716116431669462,-11.228389788305691,-11.775676912375104,-11.977106183537046,-10.487114361840781,-12.710224445053115,-12.112847752323603,-0.7385623934725553,-0.8253325368225588,-0.5649549965746377,-0.32034840796687236,-0.5072266666479763,0.23633278159701857,-0.038910611372370035,-0.3636940947560821,0.26872276197608824,-0.35186489374745095,-0.27075617815590336,-0.08767007367117954,0.4570882803220805,0.3672657278761439,-0.12680118975892746,0
0.269512434561395,0.27456797844361547,0.23005161100449095,0.22424814477748822,0.2625794712105949,0.2642121298825228,0.27694705364574324,0.27703597909823663,0.2676872886609512,0.23694747190499887,0.25007941333781136,0.2780859460170859,0.285717898286588,0.24275724380934682,0.27265734963383387,1.2890632659239674,1.3222436726374642,1.3547642267519013,1.3635319536623538,1.370116497389672,1.3852654632014727,1.347697580039478,1.3293079903919367,1.32990181679768,1.3548263164169398,1.3570939257694439,1.3495845923162952,1.3425502581072173,1.3152804200540023,1.3341267722912737,-17.373721959242033,-15.348870660597015,-14.207041326838777,-16.420441096022756,-15.60097831919748,-15.265182672608205,-15.276445220096718,-15.76649690656447,-15.332736153895581,-15.441860362826645,-8.066455259371168,-9.911506766773982,-10.098496940529287,-10.827457779665508,-12.866822828320323,-3.117258249465955,-2.772539582103929,-0.26463022770690925,0.25823830230368733,0.6376131854748112,0.15440930977713102,-0.8086552685926642,-1.0467502278058414,-1.6279845671023083,0.09721873795474897,-0.32095694911611133,-0.7549486038625066,-1.9284614636607276,-2.694174350990202,-1.98962763718036,0
0.27656444310189754,0.2907563727604684,0.28232615847204257,0.2468343966653101,0.2402024805323105,0.27125478766681876,0.27325911232807365,0.2786051331644125,0.21820468995649173,0.23225662910670028,0.2482366735876338,0.28020460511030043,0.26459008383515203,0.25934112645701723,0.21413910397165375,1.3272928102140582,1.3652529127726254,1.3336007615135936,1.3415836934514291,1.3364328025524983,1.3447327405051546,1.3501719003744694,1.3563275925651097,1.3280702899783565,1.3648186879170479,1.3535215273931782,1.3414652451090794,1.3652065386956167,1.3481323863782129,1.3383801468401086,-8.07742377692253,1.0333973744384082,-1.2847545954734585,-7.308674322705912,-7.208638442500757,-6.290363820034088,-5.4952370188698865,-6.95493619373795,-8.942913045791471,-8.770571905726797,-7.670302721329392,-7.416877760469447,-7.903766319771023,-7.553789867712283,-11.6485174796195,-1.1845275181042152,-1.4056155463725948,-1.4402628161650828,-1.0489595032267716,-1.2466033934862586,-0.6664279777826999,-0.7363393323141797,0.04773888696522666,-1.0023891631117503,-0.25532342598615276,-0.6574710171432013,-0.2318761976141349,-0.053610629464037836,-0.08615857333654343,-0.09376315031304393,0
0.33521953721865916,0.2941597045033063,0.30455828021720677,0.29263530069104293,0.30120411185265494,0.3109749905057656,0.29373247685962706,0.2900162765709903,0.27632474251850697,0.30297172700292024,0.2862608746886848,0.290101865537448,0.2968545017083734,0.2842122882505405,0.29771043315789214,1.411444775853193,1.4134090446674001,1.4002556417756216,1.3910403315114082,1.369378221176471,1.3966463679511385,1.378027736977149,1.3918335347226232,1.374693184122919,1.4039465928819277,1.3815149209462882,1.3886698087935827,1.354529513470084,1.3891715494987005,1.378410863203899,13.642166048814943,13.869408210012153,10.139296891732926,7.484867483364241,6.033875100223639,4.995940866313077,4.893865803427502,2.7130460097016282,3.0355624808314587,3.301800651959951,2.6065698346264696,2.731276897761319,0.8248652424469185,0.48830858066489213,1.685397068972776,1.700783890419918,1.2614683605515522,0.9883999416239266,0.40808105131169564,-0.38136374611211105,0.5753602173291067,-0.021251667834288817,0.49226404855421513,0.26437395313545364,0.13398889673854925,-0.045194612779011274,-0.13192578947120667,-0.38666567494914866,0.06449529155507272,-0.03115317655292299,0
0.26182978646419586,0.2775636900047159,0.2899133235185099,0.29253572249505055,0.28841647393697545,0.31696649543587335,0.28753236054304665,0.2774905272476833,0.282754746420231,0.2750425284493577,0.2522459399291816,0.2916145273812552,0.268676406887424,0.271594148965546,0.27325291196448237,1.3726160419833626,1.3822979208063655,1.3882245491924967,1.3569984194824336,1.3441694937304318,1.313787116426583,1.294981661840974,1.2945976162704678,1.3106430951714199,1.2958796987844956,1.285208647900901,1.291045929140426,1.2960204944470184,1.3130287853597553,1.2875484862392916,-0.7435599331515164,1.0018308343405806,1.567975292472397,-0.3281569984508508,-0.7145968578264785,-4.664444157102082,-4.561211645267321,-4.985758267977218,-5.7883808685838005,-8.081554115253937,-8.419742138695312,-5.336618388704551,-5.5130814876052625,-7.874690276273498,-6.098016495967471,-0.5976142734491042,-0.35489439552113455,0.8350900477863994,-0.9701595141353752,-0.36109998792743,-2.531410483273842,-3.4239904980725027,-3.556645351061949,-3.636345398718767,-3.5319227840104994,-3.5190259834636994,-3.3965841360037263,-3.659613260067073,-3.01703222781775,-3.3584511533622154,0
0.2564023306713741,0.2572880716312788,0.2325902899677968,0.26697580459758363,0.2576006853978663,0.23997593086717267,0.2650885362841497,0.26785285797415526,0.2540851676111241,0.2389443206719576,0.24590584124684767,0.2647007916533902,0.2578895082211201,0.2581659868247641,0.2773311192143514,1.2888126189171876,1.311244370793559,1.3115983513859726,1.324180657647602,1.306148267601868,1.3124543320299626,1.310907671037468,1.306969228759869,1.3169538583759632,1.337450146857169,1.3277868094858292,1.4163457940940456,1.3781885072117075,1.35882589453715,1.3622021506952735,-6.357006971575913,-8.466002381169858,-11.436082081157906,-6.604909836884843,-7.308912146891629,-9.281807741310445,-8.318207492673878,-9.366167277218295,-9.649973196441266,-1.0450589497612555,-3.1538207186930833,-3.2717599617174358,-5.164023785589222,-4.287954084213624,-3.481113046272526,-3.5327434154873636,-2.7949994882060922,-2.007770354251211,-2.1464122718663385,-1.6476673175927339,-1.5374374504036559,-1.4249815599854005,-1.442901936784163,-1.2684485811566586,-1.5117940486866899,-0.2071318246083906,0.9630076742264212,1.0511499595094818,0.9538819971284456,0.8358991444419771,0
0.2776791437903373,0.2858560156434683,0.25276758804145205,0.2646326009986345,0.2809128580566138,0.27756699014383335,0.2674430597632035,0.28312360043122436,0.28500867627217863,0.26571224150159367,0.26237448846702777,0.2797681817195542,0.2662093418667618,0.27137779218187796,0.26595210205556263,1.4013770651054842,1.366682167213823,1.3675954706196838,1.3738411878954835,1.3642594961286252,1.3432166100153902,1.334462559517057,1.3580955857267603,1.365981771554599,1.3618889108116081,1.3375516583725557,1.357539834209741,1.3756926830845095,1.3727585482540694,1.3506597187799692,5.900106107311359,2.3683721411533156,3.130739992729076,-0.5792024967883833,0.3401065979438158,-3.450952980830408,-3.7274894681933404,-4.974102375438008,-6.386359125482699,-6.537224237311875,-5.976737574471912,-7.441788918811312,-6.240624626708069,-6.857057581071388,-8.525545605252518,2.1374837657342836,0.1840584416037037,0.3211880534629788,0.16911996665207174,-0.3068561824837576,-0.5228597266616907,-0.5548560782860501,-0.02316073037518665,0.2445198209213167,-0.2354404320515811,-0.41192053989080174,0.01679835426341111,0.4857855658221277,0.11758395812340988,0.29318752551367944,0
0.22747797050556645,0.27079719741239916,0.2707668811602245,0.26820429634207454,0.2684370285057653,0.266585734354347,0.25618256926310845,0.27926243387009414,0.2525545292973602,0.23100090664161296,0.2733526753483757,0.2650729850758611,0.26996198782464387,0.26979422324110697,0.24162703978678077,1.389623400037777,1.3737897408525213,1.3816368916255377,1.3787608363996424,1.4048411938745584,1.3868055868293485,1.3685828192598366,1.375461988645719,1.3761085736296272,1.3814411710042593,1.3658634543336265,1.3765316400221674,1.3781876084251614,1.3514881434415853,1.3786075418314778,-1.5892717830434435,-3.3407279166913497,-4.054420123060311,-4.955725125434043,-6.138662185555546,-6.271153598373132,-6.829961772684982,-5.158729875356983,-6.703177982353765,-8.637495909778352,-6.806776365596335,-7.44202963521812,-6.6218000222363,-5.688118170020971,-7.990750485851294,-0.014342093604177568,0.32311775755541894,0.4413402212248723,1.6894105084863085,1.2780271522057636,0.6707031823389635,0.23090181667157317,0.7288865919795223,0.8439753690662389,1.1301530258405212,1.0950727884284146,1.2157916435571086,0.7272964962971742,0.41763124893798326,1.696797369908403,0
0.2610008290557704,0.24857668103711722,0.2538448482854337,0.26329268932661654,0.2715435633370713,0.27837034243862824,0.26957195985378657,0.2784405444148872,0.2520347197267764,0.2553758391899399,0.28450042785675156,0.27879804497790767,0.2278155895568948,0.27218710921018524,0.29063461532875456,1.3641737002596939,1.3750181658798821,1.3737152993624508,1.3740763162011576,1.3647333428089403,1.335764112471608,1.3214791018625445,1.33442859958301,1.3406997369026494,1.3355092383200386,1.3506025980040508,1.3637717480405789,1.3311353791072604,1.3242168823688385,1.3255460655845968,-7.972467578542734,-6.853100281854779,-6.679667462173001,-7.900033345839887,-9.284455369053148,-8.44308267590813,-10.987278524990643,-10.878071572561652,-11.062778614156798,-12.452116888299685,-10.98530088267512,-10.291683201674687,-13.831922847615175,-8.411349900106302,-2.4623946313411977,1.1194769999259786,0.4899055885738521,1.1725201226666433,1.0366580274349007,0.8095767999224741,0.2789542105112429,-1.4776220821420318,-0.5477914887851563,-1.2179329359041533,-1.0423090377690878,-0.7575179640923422,-0.3146336816816009,-1.492218007380787,-0.9578235587732227,-1.561199169012825,0
0.282546305023502,0.2717908795457531,0.27500290037996333,0.2794841292507233,0.26801732029610725,0.27367635964507186,0.27884337152473154,0.2593507573424829,0.27906089106347454,0.23226460397661974,0.27743823747582574,0.2773414998741285,0.2702987816303184,0.27337753916654034,0.284605014734781,1.3237756833597312,1.3460266233299822,1.3280837849397011,1.3418191606660275,1.3296927834532335,1.345244384912222,1.338150693113101,1.3417779319006935,1.302934952280706,1.3052087693990428,1.3310744763545987,1.3265018124368655,1.3097447458371974,1.314309603970046,1.2988356392779694,-7.3546348197027385,-5.905994773268475,-7.040315576606218,-7.452978235877481,-7.817828818910925,-7.13555917467545,-7.9061352420253,-7.459423900430465,-6.634213529299643,-9.915118885256533,-9.108218677740894,-8.623486019110231,-8.604246386838582,-10.040166542578561,-8.726080927992285,-0.963127737739258,-0.45385157083568534,-0.5387424244011463,-0.6800793802752101,-1.0351573961468912,-0.35703736462576596,-0.3730952205674258,-0.8172047839225639,-1.534164096646988,-1.936674078091076,-1.2610566182780099,-0.768226601784075,-1.3904364569996523,-1.434616691687906,-2.1476830518580847,0
0.22440052137992933,0.23518773013813052,0.27854327175252447,0.29204167914954743,0.23164267178306402,0.27874667808460746,0.2860228257293878,0.2932744170491307,0.27605490356168827,0.2776372497626067,0.251666828926168,0.260171418922475,0.28100641857365366,0.2436348327351769,0.23308010636942877,1.3470902860895015,1.3058594919075621,1.311497411301781,1.3227684715759842,1.3166658150882469,1.3446002065290459,1.3322414617237621,1.3327768476682402,1.3565053774497182,1.3441313028031017,1.3453596527010303,1.3337622852640378,1.3344026913936917,1.3341912910811895,1.3087524492483553,0.43363708583746075,-3.266304953569204,-1.0093079250598578,0.3711416172611166,-4.979475344738859,-2.4597996671480473,-0.4593192453403958,0.8543918563466377,-0.8295689805491406,-2.5390872230001094,-2.587348112599358,0.24336556301227574,-2.441763351296572,-4.231166408730303,-4.556487991759866,-0.5353989509561954,-1.5550113741165186,-1.8469068815464742,-1.8735224922017937,-1.8583498404272767,-0.9811930409283474,-1.6385029479010227,-1.5733398069038484,-0.24263264227739526,-1.1417430571382767,-1.4991354998381132,-1.141010438559452,-1.386496527795752,-1.6509948200170195,-1.5189873592003105,0
0.2968397865256539,0.22401759474810712,0.2761420634696516,0.227805873092032,0.27164045641728496,0.2706896712000083,0.27221180123988814,0.23287570844922983,0.202324374629733,0.22925776893877342,0.24169825006568563,0.23537129962657466,0.24247239128079512,0.22343289561272206,0.1832174986489112,1.361106575336801,1.3158415488678161,1.3363614626366835,1.3124709491222313,1.3282930912157418,1.3300552562998664,1.3492202922651162,1.3161771394394688,1.3109345370705636,1.3397894999246664,1.3521056942131997,1.375574154144613,1.3225893702898686,1.3956670943348992,1.3938945216028882,-3.654126327311843,-6.620835133659625,-3.912327285911772,-6.79930626518464,-5.465409146484433,-5.082314102243174,-3.674622269766786,-7.100949259106841,-7.492910710110323,-8.3617400002951,-6.599660417886838,1.7702766434093462,-4.10711932642144,7.327039207011808,0.2812514931213741,-0.6912504474565078,-1.4932700682054214,-0.806184403964461,-1.3361318346634075,-0.6843901312431055,-0.7039040597025991,-0.2932090345371101,-2.096593651623161,-0.8776803310446616,-0.6971750692384874,-0.1652738841139471,0.2739382035142463,-1.6193510812491663,1.6831961604482013,1.3318598518580127,0
0.2251334478022129,0.2533267142555568,0.27805063589893775,0.24942030372689966,0.22632759637208288,0.23946430061913182,0.2804039169484762,0.2746714135608951,0.2663939878298701,0.2722821093798763,0.25764056381061695,0.2555584980464075,0.259487292756451,0.22387884055064605,0.2646986705956158,1.3934063476808765,1.3728595543788267,1.3797710683243178,1.3824046410226534,1.3791563530189836,1.390090868863692,1.3733107523420858,1.380018819987822,1.3499306797054635,1.365972091230567,1.3764430839672526,1.3718643952249139,1.3513744914901138,1.3454134638174085,1.3607122697330205,-1.8190440410546955,-2.4609919155612943,1.35151358001292,-2.7370289726252395,-1.0447047116017814,-0.7424626323632424,-0.03655423908145394,0.2938923784811891,-2.9823391526052774,-3.0390467094283338,-6.767629517047254,-6.259440565272598,-3.6246533381771826,-8.119104609032519,-4.978846061907461,1.617110329706012,0.4075311806432924,0.9868745185817129,0.11112775631552826,-1.1307619995049458,-0.5157304205479433,-0.5547230887130035,-1.2008652606690577,-0.27648399785171157,0.21640564799789663,0.5870896658487078,0.44055714208188174,-0.1253490791793519,-0.35546446684180055,0.6800427394842049,0
0.2632142917926809,0.25666867049710207,0.2536275641207002,0.22237075630799785,0.22259099516869807,0.2606825355247454,0.30447218901777817,0.28602125589167604,0.29842812274128194,0.281139404866664,0.2935822126641023,0.2819873184165451,0.2758418263642659,0.28440827541642055,0.282992684112834,1.3782878458113765,1.37293433227222,1.3808153243394543,1.3840845602224559,1.352194350528352,1.3983109286758926,1.4060097012705914,1.391294127830873,1.3892249097318723,1.3815010716970793,1.3695479866023277,1.373961447623756,1.386367200659211,1.377236799752505,1.388209944784756,9.968179864612978,4.989154271232536,5.067241745116576,3.3802097116771677,-2.437156553463211,13.85724123419837,19.14259711993435,17.197138644504548,13.620195052118504,14.162081846441424,14.289589970159142,11.404507091590347,13.06295870690073,13.13002931352284,14.630157129617714,0.49839951661575876,0.5271036249208111,0.3859833915642906,0.44447561744886877,0.17453620838592304,1.3070009776840361,1.381274718174139,1.735109001276741,0.37002298031846065,0.4759061944129791,0.5584869345701464,0.05165086688691491,0.3106780068419224,0.853559161823249,0.8489607287433079,0
0.3077965354572055,0.300579479390448,0.3013218151780895,0.2927611091812564,0.2857795049772607,0.28731691679338267,0.2847292848662737,0.2891459450810989,0.291392865840461,0.289370452590897,0.2783245082363689,0.2818004422486777,0.28277266150670166,0.25861992574989834,0.23154429498773876,1.399426197289175,1.3820352688423705,1.3867699015685986,1.3813367016032858,1.3691550677012114,1.390961701219965,1.3940495618681907,1.3949517025383842,1.3842912771179474,1.3851371905462733,1.3724803295472412,1.3618869534486537,1.3689432217954727,1.3757784231742531,1.3606182931156399,11.52554492065724,11.312085181026475,8.83678509723785,7.12480490798967,7.371086626659462,5.289883558809805,4.851704024839989,6.340599936030117,4.662219542873544,2.564939151828213,3.659962832360037,2.9326786389372046,3.0208413918997223,-0.7366613434400335,-0.4902408717928495,0.5500381261200459,0.054528208136651456,0.21742088586569955,-0.08634529021824155,-0.3301766956497044,0.03696523988404028,-0.23221597642956968,0.06960068253097854,-0.13516823990559043,-0.43856354189561547,-0.4259029350068968,-0.5945242952931468,-0.9112555067371955,-0.8530120217600783,-0.08858486986522085,0
0.2840913004841422,0.27016610942003916,0.25537631188518095,0.25782308421333056,0.24766892123558348,0.27084053921517415,0.2685669870146272,0.26751310759089336,0.27665421589886174,0.27805181100536225,0.26350722174447816,0.2706648627531779,0.26032038062752716,0.27198799424326603,0.252247634106115,1.3580647461343167,1.3624406451062232,1.365323034722153,1.3364235972736085,1.340236519571235,1.358688428223389,1.3517103875524932,1.3712139417529015,1.331275780334771,1.3378282741604943,1.342368068224065,1.3282181544919085,1.3310397442118356,1.3349962905673118,1.3296332311409844,1.2914605336350462,1.7694312037467341,1.6882602687152257,-1.6908833313099194,-1.2915866388914878,-0.7021863610844434,-0.11833015995796359,-1.4726163142680662,-1.7410601366261176,-3.1395874821602945,-1.8225878202680974,-6.847497069846469,-4.183579789612736,-4.427702297937827,-6.119887389481477,-0.4142104347406774,-0.2269173835760155,-0.6119726824913868,-1.2537641780350015,-0.3544333891148629,-0.18836935254512627,-0.01575618753901892,-1.6915252145800974,-1.8848341811004676,-1.3577964185532247,-1.5261341336898397,-0.7185014450105147,-1.6104047744593002,-1.0887909231517567,-1.625253946080073,0
0.22211402596299284,0.27418456571165484,0.27653152372554074,0.22113433176628566,0.26700553370193003,0.2617937649346956,0.2422177469739451,0.26565877292426693,0.2581786154853948,0.2193801270047479,0.26734555388160597,0.2653978263736337,0.23978825853034777,0.20946200846030436,0.2676382103551668,1.3349737256822765,1.341661440742593,1.3216229177408299,1.3237694858921527,1.3266486095797116,1.3042617899499842,1.3391609747654083,1.3303218066649412,1.3218242046013557,1.322140107421927,1.3453482459069244,1.3458786812181436,1.3255107082806528,1.3225773279620687,1.3512471184332846,-7.0393020852879715,-6.332207743587247,-5.703960210504562,-6.6808602805230635,-6.859499949371781,-8.96004917890312,-5.304717049140265,-6.623806389521349,-7.66434298152393,-9.169017172878284,-7.732926884573544,-7.947762569806713,-8.885209245571986,-8.82670864584469,-6.503209005510939,-1.3783173694873447,-0.4867725493054256,-1.1856705858227252,-1.7120333500810183,-0.4869078308316631,-0.4949289091795889,-0.28809813885184055,-1.0877737767812097,-0.28835732212794396,-0.6656720490744124,-0.3379879623158973,0.046187670648753114,-0.5673661943814762,-1.0590910634793045,-0.038756517733413966,0
0.2919301748146995,0.2750905371051739,0.2590506847860857,0.2795078917915131,0.2181061744841677,0.271094173345775,0.2607261544397456,0.28005964933505234,0.26621057361214207,0.23778164021109333,0.19736841891761148,0.26380820171875385,0.2638841520573067,0.28457396077218144,0.2762275032111364,1.3478071925335755,1.362691561718765,1.3782158213348452,1.3751093839014412,1.347411391549255,1.382311706857741,1.3662826148921579,1.3871245136333628,1.3527970316312135,1.3611934279037876,1.3212568514576926,1.3768372134318079,1.3857829367396814,1.3738467717478222,1.3609775067067191,-8.046679406748922,-8.690461101034373,-8.358074455031101,-8.779546762320876,-11.930696582166377,-9.084180743115468,-10.531620527538877,-9.201631105331586,-10.796056836279348,-12.518325340743559,-12.73431208834856,-12.513051508710618,-11.833628505062023,-11.162834932196432,-10.39460085063402,-1.2856850452717197,0.48093557313178426,0.2842620057903283,0.3947072244470705,-0.2570489782733042,0.25866336494400693,-0.7506333962345458,1.0233444396979219,-0.10780317495126336,0.40127625668094363,-0.02604839242171938,0.34579356602891886,-0.1477149281576861,0.24072492131182013,0.3925898699368873,0
0.20830871003046234,0.21967218096539426,0.2262762349603879,0.2727750674469343,0.24757106257684003,0.2488817625499992,0.25313776062393806,0.23727367999070917,0.2637110801293818,0.25104162500056587,0.24345433660928606,0.2235870252829712,0.23407673191797312,0.21780419162638176,0.23993221951833288,1.3355570640705334,1.328839445151275,1.3448498207584403,1.3365333812290052,1.355743695578106,1.3235764072242946,1.3370950032751827,1.3585694360032783,1.3352142124336084,1.3380879484608579,1.343923117465568,1.3227751724431775,1.3355893475309544,1.3260008700360089,1.3525140162653644,-10.83726470902522,-10.14058864579195,-10.845262846361209,-7.8044962222896,-8.323870139492556,-7.345168973334751,-8.096364673999432,-6.926421520995291,-7.273934879996574,-6.813768111478822,-9.225529942845213,-11.04085450533168,-11.672292673785591,-10.56042218140459,-9.196914780640725,-2.273796985588505,-0.6810296518289011,-0.278228035275128,-0.5983211018031959,-0.43823222952834284,-1.1649782379755649,-0.22354663588103585,0.46152733508413085,0.14588991929719555,0.24446144503180925,-0.3811683570881767,-0.7044986244426319,-0.5669260524265983,-0.22226008763052538,-0.2310419936006754,0
0.20473222243295705,0.2356562664541874,0.23665865196588426,0.2843680579745661,0.2758639647438895,0.27568438981743704,0.2877543942963525,0.2634688660759291,0.2819275760794442,0.27724012529759523,0.24814790397817882,0.25507337908387717,0.2520189916829604,0.28192159143851203,0.2996157980026524,1.4880700224863,1.4170078314357293,1.4036126289604474,1.3853407488629088,1.4109278432885926,1.4304486817200417,1.406205709261922,1.4139854462849124,1.4012994730429913,1.3961767876256097,1.399051032604649,1.4021176953933472,1.3835733090314233,1.367628038330279,1.3713868670155154,1.615081344658222,19.406432284028938,11.224528987893137,7.314542391542972,9.94621784429367,11.287565255142482,9.225515863518808,8.599623198850708,5.9819487074514655,5.971081551593386,1.893962571350528,4.177138169053279,4.071064092378208,3.0419154372141293,3.2305401519264763,3.4749213668228216,1.813403132319322,0.36187356158817013,0.2508358539938539,0.4931574738315274,0.636010953572679,0.6959100763116326,0.5773520866038322,0.03331877480823615,0.0274875414713439,-0.5081802707833799,0.008483821612954228,-0.9408241112442035,-0.6003465941289854,-0.9845677342826186,0
0.2964219505166306,0.2769651270775447,0.22042889223453488,0.2753187887621103,0.27254488592548726,0.2690424820835639,0.2327655292786009,0.23009836755290192,0.303378607492522,0.29316652595875103,0.2104675140679303,0.26369303973446273,0.2817279856753529,0.20904020352233538,0.2125589645721362,1.358837225742471,1.3742581629891204,1.388815884700245,1.3653226194988533,1.3792527235652445,1.3460276023371607,1.3923289499390814,1.3682824421369841,1.3690522071407458,1.3458758162576179,1.326531987471657,1.3346420298655821,1.329651592837417,1.327124697554163,1.3168900322387802,3.50526699903304,3.288837196171926,0.7755330904448101,3.751973745341786,3.3898356912639827,0.18439384582569573,3.2051379458394536,10.98816218199724,10.9490308553396,7.751522902488432,-3.2923539518745883,3.5491696541564295,-0.9181247453130936,-3.3804096758081528,-3.7287033345647274,-0.9159405063516938,-1.4490545703169153,-1.4867166872545925,-0.6356022599966917,-1.2336877488401454,-1.3315860747825146,-0.502803666976491,0.1795697548885905,-0.17337457187600822,-2.9198329007114623,-4.499692372010187,-2.5227339081398807,-3.3196212309793025,-2.6298954952178577,-2.3501216604552178,0
0.2507181931737125,0.2665411195177886,0.24824519407867435,0.24264036576511705,0.24337061105990215,0.24740270959571364,0.28563487058295,0.28868446158779043,0.29063189285663094,0.25620121600248014,0.24256205137145173,0.2629924396403981,0.27190068237677767,0.266624833715549,0.22790632781603676,1.3363611200395833,1.3071843861560295,1.3221987820091001,1.3271662899753773,1.3272355566705472,1.3022211344456307,1.3176714529565825,1.310084055429395,1.330371315522267,1.3135466423650388,1.3067347109897451,1.313750308644072,1.3074536785987414,1.309900687989866,1.293008533465269,-0.37008319545472546,-1.16173960617067,-2.84968308735597,-0.5102969515628502,-0.4149588845519929,-3.165321132446536,0.26737027727418194,-1.0696600320796108,-2.3543586826904175,-4.234371270345889,-4.724190856564576,-1.3117463505594742,-1.5908627836172968,0.9442422490000126,-2.171986629820225,-3.2235878786562373,-3.6707796941732966,-3.778358235015227,-3.2447428898821062,-2.917904509589845,-3.2407802549663423,-2.910893349045201,-3.5960301814855797,-2.3929460320854736,-3.4444700016403265,-3.4645199644118705,-2.907162780620959,-3.5012567542452846,-3.3898072164870676,-3.451182863804593,0
0.2758352768088925,0.26959096125148185,0.20852129317312612,0.24408292770456214,0.24628949088397972,0.25922833934772926,0.23163068515329607,0.2473849412323686,0.2629431595642032,0.26534229823472405,0.25600224907923663,0.23338965688514968,0.2561467865670551,0.2611898150680668,0.1853454746539872,1.3109934200478224,1.3253023233328516,1.307893270121219,1.3263621503190017,1.3104611420155894,1.3392402965460886,1.3284146203103955,1.3294531214159748,1.338764151743502,1.3213970041714875,1.308151134890475,1.3257185786850743,1.3503739942328996,1.3234300808230712,1.3386244538478989,-2.0580446629000733,-0.19070755137713036,-4.271007810454279,-3.8409251955275465,-4.020499140521366,-2.260624426571866,-6.437837478771314,-0.5682207586413597,-2.62205638788825,-0.44259585243167976,-3.4878593877475623,-3.24174448074794,-0.8066325150946341,-1.3602298276571503,-5.808201035196191,-2.3658831601934165,-2.7759566604271715,-2.839075080209236,-2.521395091919346,-2.577152891771076,-1.865482829793146,-2.1507483565739096,-2.33708674538924,-1.8292063327545194,-2.8033472886049777,-2.1919905261655623,-2.882801902177323,-1.9108682760406412,-3.0189557206641267,-1.9094978924902684,0
0.281861277660231,0.2327773357698391,0.2484611659214082,0.2360289847549375,0.2621887494502933,0.2585952257903694,0.2585979467718007,0.2550769460978626,0.22814016364060963,0.26060103664414375,0.2624133757723136,0.2675051846606693,0.25341546375034446,0.2536639589423497,0.26759375196452273,1.385872656385956,1.3903961228300254,1.3951124348011013,1.373799287651315,1.3197080632050848,1.2830056784710124,1.266960163229284,1.2115127620596837,1.2332883368867187,1.2559758735265494,1.234568949937295,1.2345888059855112,1.2520897365813435,1.2545838238828726,1.254043638276277,-11.49755009835394,-11.744126544658457,-11.801943943763405,-12.1519673279073,-12.821222320194153,-12.218654774855878,-11.772977171379694,-15.245293753601146,-8.983860634236578,-10.845340647227829,-11.211930969537491,-14.166510456747972,-15.191134644662355,-14.54897902805709,-14.142342731947707,0.8065986256243438,1.5116756782388194,1.2684953719890921,0.7846584213112903,-0.243617444653615,-3.028945350607235,-5.656673468384441,-7.660186531807695,-5.342593166943354,-6.045733986982711,-6.914692849597224,-6.490036052221715,-5.782617032011787,-5.33414662106503,-5.672060157243117,0
0.24359930337315389,0.19464735655455495,0.2608205812536212,0.24806021965517644,0.25039200248513416,0.1982088740512199,0.2695157354114487,0.2488224610856277,0.24304173298116657,0.2824355388198424,0.22210938056638674,0.31269077828960806,0.20063209480002292,0.2644821876583744,0.24567558907038128,1.4928642208263612,1.461238249935755,1.0642348092259764,1.1408468550811666,1.1312262098807853,1.0121178663873853,1.1325806615286096,1.1472583794387023,1.0661378521441343,1.0330167433965105,1.109667380713891,1.0486481173564515,1.1642685678075153,1.101008362069459,1.1503653054137644,-14.778795178172686,-18.48467666555544,-20.04939580405002,-29.17669312641101,-24.1871821473884,-22.654254084646652,-18.953603469513496,-24.6317166163538,-23.24742552040965,-26.194887038866597,-21.881018254074775,-24.417906393420026,-22.365583061186157,-22.347354501305006,-22.383606561525266,11.263270997820733,7.532612488900409,-12.768049259778175,-10.64183453896609,-12.158859863104968,-17.401862226208507,-13.51856548384847,-12.873450356348453,-12.324035143947933,-13.465021941617575,-11.369238360563735,-14.243050271469851,-10.287129710948028,-10.513088360032508,-9.483450145008081,0
0.25872918600052547,0.2531657796083055,0.22313661413677002,0.20293771981281988,0.23810816400919346,0.24110993459756494,0.36980418078236144,0.27444046292575447,0.27949023498341624,0.3146790180621273,0.28265728714553523,0.27960886083970315,0.247941626167382,0.4005113836903613,0.243317827813281,1.1777630837467739,1.1235041654104092,1.083944165333426,1.330064051315865,1.126562606554683,1.1289819835880182,0.7568310428418549,0.890302369680478,1.0866730718508402,2.425404158125957,2.413584206084622,1.993908266987661,1.8919495368089934,0.6612770930204696,1.5385781380946355,-28.742739006188145,-28.87513014377265,-29.718477225433617,-27.844004937230864,-28.169193325458167,-31.734539969915147,-14.133704657215617,-17.622365807891242,-30.706903326589583,-8.485388611929608,-5.578391401625765,-28.592848533164158,-28.820645818529158,-5.840090914207337,-2.4514894049218867,-10.25726052441963,-9.406598344345491,-10.438301575046525,5.234448886043,-7.281860659216292,-7.347111629161769,-55.73717353080689,-47.172770736163045,-11.62134717143422,34.016357276538265,35.68862529083403,35.20895653630117,31.370057060635943,-55.709664602878625,6.069501550912669,0
0.2104612257926628,0.24192323965605655,0.2185880501098548,0.20939527224527382,0.27262047877751616,0.2614798240674644,0.18772612211477818,0.24028755545504737,0.27479168230126216,0.2478507467261959,0.2530304923165533,0.2506497062913037,0.24332937221465636,0.2877871761799083,0.21928258177491555,1.438190278893604,1.0006438483372535,1.467162790877948,1.796398226227587,1.5619197361263897,1.5568798671123036,1.4588809267265181,1.0883472936919811,1.0688949567196333,1.0773492401805673,1.0558570484053895,1.0276249208235084,1.016059916355793,0.9576547770852185,1.0705606554488072,-28.63927097335113,-25.98554239394386,-26.95647475024262,-24.938230386158892,-24.838315291057484,-27.54338571298979,-27.497693129611434,-25.506456914721014,-26.64397077488627,-27.372496165478793,-26.923238065081904,-25.948730203896815,-27.921697172790573,-31.269345257472168,-31.44471709692533,12.829790334437453,-18.37855222957767,9.738068343112255,22.221483507962283,17.010237569887842,21.220173951606043,13.850164256294555,-11.995395181582182,-12.720092863259627,-17.458258210640565,-13.385509890233262,-15.607505982950059,-16.877308881294162,-23.705931015847323,-13.531223906157924,0
0.268471656490055,0.24206115688279228,0.25752802097773775,0.23321284178397905,0.2303992804206543,0.23530755619004012,0.22624400858789648,0.2662973419781018,0.27272842342504444,0.20106109880717052,0.20931736481129104,0.22504599044021395,0.2015939261859072,0.22953315207377262,0.18853382106940214,1.094416276911013,1.0330207876358672,1.1060402303199706,1.064929440100915,1.1979693673984861,1.0934917408962246,1.112563548226232,1.3776557257475297,1.140146567163001,1.1555096370884084,1.1878128149473657,1.194145250700972,1.143097660225627,1.1432422802844344,1.2601550451783583,-27.52110067198737,-26.626819331464986,-27.968205468722005,-27.18038854162731,-28.228102913318594,-27.03298098915613,-26.1772336801848,-26.566624527480457,-27.287162342920823,-30.432830420993355,-30.57770250723695,-28.422959065921162,-26.494711016984297,-28.571955233390128,-33.84291180056283,-15.795776517616869,-15.806356830923812,-13.43901019637832,-16.818717879629144,-6.536381437833403,-12.086183231054218,-10.141709307553786,5.862969667882964,-8.106935067010886,-8.397438394070639,-4.80323664691081,-5.699102292186823,-10.343233608191492,-7.971244028471814,-0.1673379857382252,0
0.24275998696771223,0.24004065179415787,0.2306349785432166,0.2614882835888276,0.24704953847802602,0.16735148036908448,0.24030968658253105,0.25982391885111455,0.2426826674561947,0.255398246557925,0.23583955574164076,0.24537160422329712,0.23163001508978787,0.23241211829669164,0.2399090625688549,1.1992618739486978,1.2027880512834088,1.1891280351981899,1.148969666158763,1.2985690135406835,1.3769892063814004,1.2210351905469337,1.241948953548399,1.2994587299510771,1.2619995134529696,1.1839004671528737,1.2110814373661825,1.1850236920989519,1.1435664614253926,1.187209000482453,-29.566318414564336,-30.470223041581136,-27.103848943323726,-29.32359012211532,-29.44022454810431,-30.434928384913064,-29.460601552685034,-28.404452115143954,-32.147329069241806,-28.366828339207075,-27.7717381586711,-29.613118166530455,-29.72249197971621,-32.16572690319114,-32.90796792405345,-2.7217431906007765,-2.237704797748325,-1.4824421516768802,-5.150858905001283,4.595918124679449,8.238819505544738,-1.5571504356176689,0.15490424426426197,3.1036797233391864,0.7815883820412586,-1.2693427567052662,-1.6849543158463303,-2.3819002294052867,-7.408829595352708,-1.5287433447201217,0
0.2475809867904423,0.2648740217171098,0.26209275374006524,0.2573030598069479,0.2514826134173063,0.22934195061270737,0.2712060626008623,0.28236648066000103,0.2595673588968691,0.25611757889100323,0.24116293496070662,0.19997115041662267,0.17857464574783133,0.20949465259534772,0.22647025874637883,1.096482287845938,1.0610918465267287,1.0935892916262202,1.0907861524934106,1.130128055511777,1.1188352780626334,1.0484303245631479,1.1991311560971736,1.1149597304891574,1.1422524830778142,1.178958211796056,1.169217250961218,1.2852935406730828,1.3096031676510056,1.2227710871438187,-32.5432741311935,-30.072606023232908,-33.66325426671213,-30.381796572490742,-32.194006481328614,-33.37236906121811,-29.146963202075597,-32.0002289348605,-28.862033573279746,-35.674749353188645,-32.85513820116768,-30.200905207691903,-30.375304408734564,-28.408328509100215,-26.28097052980877,-8.855783304837269,-12.673653882112506,-8.713051274538996,-8.784526756409445,-8.365012475135545,-9.588396059070764,-8.755714500592566,-6.365535314940971,-8.794703498019697,-4.041857892183629,-4.514845145116167,-4.274764985990678,3.244586196524748,5.319413640641941,1.022061219592443,0
0.18414945907052072,0.21302271194686012,0.09591774870784228,0.11388316693300692,0.06101473723795095,0.037252578588899146,0.30177770597955916,0.21578856116472778,0.21998114307501176,0.2034089090722439,0.26009030638339026,0.22761925691050652,0.2302571746165535,0.23388207040666847,0.20996652553797657,1.5931845055770997,1.4542699212057464,1.3937175847648176,0.9927667070273518,1.0648515657638524,1.2149414120088735,1.1901229437225147,1.1765869756586962,1.1441079793966125,1.1524328522546394,1.124317146990433,1.0952491592075693,1.1914285606163615,1.2559142036339652,1.1518724391169288,20.96142820382437,21.08056266697986,5.648096942416771,-32.293241149094825,-25.046844445171985,-25.754990019055214,-25.211578038535208,-24.37668104713478,-24.014288679093085,-26.6500711146858,-22.121659469010126,-22.366865730916174,-24.97540380212189,-25.564766664911502,-25.823902327681594,22.573489947823216,16.820520320675868,7.951675009438534,-8.688033804086086,-17.784536485008406,-13.872827020757834,-12.266255208742658,-8.541711856054485,-10.277265055063703,-9.47070052864687,-9.089490680534007,-10.112865369592223,-7.189415958244511,-4.09077845657696,-6.97979077474655,0
0.24769951269578208,0.22464994747232878,0.27733234605255236,0.27103298982856777,0.2498543562691798,0.2044809269654943,0.2185263374472301,0.2620817394874792,0.2273428721266873,0.22259647274007904,0.21162431520551994,0.23763918482661828,0.24452821145254544,0.22287360651771693,0.22233959118929938,1.3386954084817064,0.7891812065383685,1.0755781356192264,1.1869286596303454,1.151348304160649,1.1121109680369379,1.1421103937918298,1.0267525119618313,1.2893517072447647,1.1776735058979768,1.2392508975497976,1.1747805366317259,1.1918138254048232,1.1777821644251634,1.215971078449868,26.48289051963701,-6.415994407972306,-29.164938665399035,-27.497328838394424,-24.454729161309302,-26.285049890327087,-27.814830291869868,-28.39586813134727,-26.3903590384607,-23.748386429926484,-24.31974068130239,-22.040646330624128,-19.453490380277714,-26.320899241595015,-24.559956533386355,9.62362291975408,-11.183210314492916,-5.993861826258184,-5.043591405747862,-4.851201969447073,-5.283380143797907,-4.507824037930592,-8.568379423445302,4.3022291229777325,-1.735017801858584,-0.71547591939736,-2.5495760750248952,-1.7381876269907621,-2.9018986596998277,-3.6033720392604405,0
0.22252322742631436,0.24671349533675274,0.19880175678464176,0.24224967103117623,0.2277714720060724,0.22112402540695086,0.06318411269589697,0.25425560596332625,0.2390913952013308,0.2312281213047417,0.24065796684833926,0.23555401050994493,0.21102496389643033,0.23046392652513462,0.236287486480126,1.244884786792838,1.2376664348831339,1.2854053991399181,1.2156713673212953,1.2860388623036665,1.3865971929862928,1.4083369045351604,1.4449438507786347,1.338052374440427,1.2886163005642404,1.2573790266619929,1.1893620591392482,1.2486953697645802,1.2340541311886393,1.1985865110444214,-26.317389324780265,-22.970694863729136,-25.42466600689872,-23.68367206691292,-25.550545239044965,-24.276245447780894,-33.6494608557897,-24.088277657921168,-27.762676664345747,-21.78668069147784,-25.316409806708805,-25.78920853421974,-29.618948785349602,-27.576352611775434,-27.242250181174455,1.425850162002271,4.43953116683861,3.915120413218334,0.3899594483854684,3.0570373936919166,9.194790945361158,9.37133208209451,12.972245085000141,11.689517785210743,6.2193834698685455,2.1209498154339834,-0.4379547577952324,3.730123905585501,2.4087474184387236,0.7564398352742594,0
0.22780045181539899,0.24331733883883966,0.24367078165022338,0.22889217177250737,0.21634739662163915,0.2078043827672031,0.2091562245304222,0.2083962857890289,0.20491901843689891,0.2537066198378379,0.23517705687949203,0.234459318435442,0.2311818994188086,0.23957808926372176,0.2426528378106747,1.1935750614116958,1.1905377144983147,1.210743715165177,1.2209745233674072,1.280835696993607,1.2356235099441433,1.2322873304672728,1.2607063551684072,1.2224255308359915,1.1432575697104532,1.227880731998764,1.2114882763090462,1.1324571470333393,1.3890799699555691,1.237471532064682,-26.51217421078678,-26.82636601814542,-28.540719672120673,-28.978365025186378,-28.8018839371897,-26.423323141289103,-25.875044398476774,-26.82085469933577,-26.5725315927414,-23.19813960581274,-24.80497175461383,-24.047725154073476,-24.607584971051153,-25.332943474285997,-25.727933820514494,0.5003124746847659,-0.0027981011197139756,-0.18562894574560215,0.9055938328591557,1.989667508949178,1.1400076694764392,0.4814794068371459,0.8007036243169229,1.214250749648749,-3.79904151515432,1.131037615874996,-1.099042915117615,-6.3466974687218425,8.514378679250061,3.3508610204599476,0
0.23481435055073435,0.24340355973981842,0.23572083661626786,0.22716127293149463,0.21824436924568474,0.22312691130990908,0.2678302133932293,0.232033145090469,0.25076261095040253,0.25396196763788303,0.2588268078827296,0.18993973372370426,0.24963719424519032,0.3486669831363953,0.1905029952047231,1.2199374735206014,1.1763871427891688,1.209780981169931,1.1012575479282756,1.1731195784086608,1.239979029756742,1.1344860008406912,1.1745994597836507,1.1064139471925447,1.375550330362283,1.1881423055620948,1.1276022457375197,1.021523906721288,0.8722786935345247,1.1578477173374173,-24.95597423121282,-25.439714607258594,-24.749403697223045,-25.302849852750427,-26.87144306797657,-26.302358795863114,-23.426087491445003,-30.90976735226323,-25.514445686939723,-29.25695290560924,-28.283123466015525,-28.927577736418613,-25.599440188471192,-13.022373774231255,-30.21044719886052,0.4120961087310317,0.047744206978254815,2.247775906892244,-3.5404751002436776,0.5337100333383992,4.661311476608896,-2.36244814683825,0.6720832749862651,-4.227203923121981,10.433352697579505,-0.7293862976624274,-5.095968466750461,-9.962028754728443,-52.89334550814804,-2.3151048447151905,0
0.25079226373675745,0.20349087127027438,0.23450913462193507,0.2474090870492261,0.2487364824374249,0.2441064431833401,0.23092637623299855,0.2193735930288897,0.22728909136204978,0.24827679832892469,0.26076626020717875,0.20866259119440703,0.23861372565626945,0.2795746222145989,0.2342336378524798,1.028352628174898,1.1767774922566183,1.2656003278132786,1.2043863981851222,1.1843299463903851,1.1134926263084162,1.201299815200031,1.1811818008800945,1.1379837890735771,1.188919053289436,1.0556789352737286,1.0291535931452638,1.0540196328917826,1.0033359449474586,1.0486714229863408,-29.820731688884365,-33.510836609017105,-34.34860728486413,-28.822113133708086,-30.084830956102138,-30.00038421432629,-32.25111149080425,-29.67123267792229,-29.29586470274981,-33.30682258450463,-27.368186641429048,-30.02710059863287,-28.367816567296757,-27.57987261291305,-27.842676434015885,-12.917477580098844,-5.1303361396338305,-3.2100457153251885,-1.1318913304540263,-4.802977581779135,-6.37198944481647,-0.43204257000029744,-3.5884400701751993,-4.779433544284713,-5.319977735121331,-7.658172071415897,-8.242480559088786,-7.9700944059525645,-11.380020622338998,-8.325118054419288,0
0.24250222725684428,0.2366829773246561,0.3184702018295342,0.2220422430316848,0.23661928195934573,0.2061920925937046,0.2621037397074466,0.26166638552860233,0.2190394266439694,0.1955012358013497,0.24032712455739072,0.2342632193189561,0.2951453697875521,0.18181576520682985,0.24304706775443227,1.0768624967801168,1.0726048095574459,0.9538739922799643,1.1768665042428486,1.160940964847955,1.1580118771749082,1.103520253449962,1.0799902048044618,1.1520248957507442,1.1629706755025015,1.0995336886038287,1.1167023358328336,1.125504616238965,1.1383890067102527,1.1459336120605295,-26.147117559145215,-30.127802458009143,-27.59528289892836,-31.612409936448074,-29.219992910079668,-27.864578888869715,-28.79444260539549,-27.49624316067684,-27.666484479765018,-29.442446845828215,-30.085807814662303,-30.306067442374115,-30.664877638097778,-33.296834454050554,-31.213411763403712,-8.80582046112264,-4.576783608750527,-10.554693031231896,-2.8279332433373785,-2.222391686461122,-2.4511764727633514,-7.506504780694778,-8.790021181683478,-2.9892030174226973,-4.672771618909039,-6.027162279292829,-5.585794394356155,-8.996869215557881,-7.9566053034214885,-6.870433957480331,0
0.23068229461214723,0.2396333714255509,0.20213080339183448,0.20902069025308534,0.2445894963246691,0.26471078794997466,0.23459117898588394,0.16703307461586256,0.19021681959924627,0.2515901639716148,0.24341284804992933,0.25908402182286644,0.18287872129149174,0.23659986765658453,0.26451868466382217,1.146116186294495,1.1446740750738107,1.0938093629464143,1.1086554513567815,1.1451372833706603,1.178609017537869,1.217226418188891,1.1339193945814408,1.145081375960817,1.1472814953497192,1.1536733824995486,1.1547158332091414,1.1843046888588673,1.1399356417151225,1.1503934576153445,-29.86286850639695,-30.29531598949532,-30.96299662461942,-29.949977090667232,-26.718418785888957,-29.480098625162583,-30.92339580081773,-30.5132058631373,-30.9335263018979,-30.08692828048109,-28.159642675719397,-30.36130455439647,-29.903020072040135,-29.407594955695004,-30.161201647451975,-4.931215921287425,-5.55853504348696,-6.233542592948016,-6.0518217783532124,-5.491998315616198,-5.164432370277213,0.03461625974160273,-4.6359651465409435,-2.5156809535369926,-5.872309258421846,-3.605288777124104,-3.9445775534541485,-0.9681020063747674,-3.7134463734964607,-3.9918972838280697,0
0.23614850186198588,0.2642806450325206,0.2061920925937046,0.25332475822554257,0.23486137302224205,0.23620540763444448,0.2266906394138662,0.23997633484120837,0.2434442627923391,0.2632006714087635,0.24963755380185387,0.2431296471118301,0.2573881482260991,0.26503064870766674,0.23835950836843975,1.135489208791111,1.160999442941475,1.1897976770434866,1.143954275061523,1.165183785260989,1.1512342594773928,1.0975473451510374,1.1383320989132033,1.1310573687770726,1.1719308360516143,1.098812419223533,1.0773720425410798,1.1285513835360492,1.1436755892025245,1.3018278561533652,-28.599158914898794,-28.769592488476803,-28.864193214598686,-30.326748889948107,-28.99594068867134,-31.129886838761593,-31.18326559945956,-33.91344485670015,-34.4780059758082,-31.29035264130519,-29.715431177113174,-30.864274306571247,-31.145066650673243,-29.501172384623374,-30.83810704411937,-4.306659152270926,-2.817711427981978,-1.2338520856079214,-4.043525827481204,-4.096994225880128,-3.922129205244346,-6.6804491246941256,-6.240131510840787,-2.8387374975299076,-3.2613482716772,-8.325952704719185,-7.758803059058701,-5.2017741361218555,-4.421328423588265,5.182159445528183,0
0.19063761188094833,0.25376790834083274,0.2283833011497418,0.2564660164501222,0.21797767679865518,0.2521964649367584,0.30465993025493926,0.2336846430784775,0.2493642376478518,0.20806558422959287,0.22952560394466348,0.24088204206095137,0.2264917072953191,0.25280005374516756,0.25561908757323476,1.2064499814005027,1.071901030323354,1.157141571628628,1.1546603776757043,1.1698142409546797,1.1949066318592054,0.8489932843879558,1.0998034272069108,1.141541269581703,1.105198912286697,1.0957156128181016,1.1302952271421858,1.118763366171509,1.1395548761457104,1.0825922744360188,-33.656741728383366,-30.20064355130549,-33.20477950861755,-36.33758406931818,-35.662888601538185,-29.357017481123478,-14.501761574779835,-30.51936085850454,-29.93461711224603,-29.217266868660886,-32.00437002809804,-30.030652010483948,-31.438628529523385,-31.419628090152685,-31.929792947361392,-0.20029753083851914,-4.410174854649452,-1.5018783242841343,-2.21119222173548,-2.0722229321005834,-1.0022082247174648,-58.721240961415475,-4.7170212003831615,-2.570475299957697,-3.1399000558196444,-5.2737728207452585,-4.674308522135176,-4.302731157333594,-4.137373653780235,-5.91963065321577,0
0.2776164406270485,0.23469080336837392,0.2559818484916142,0.22318792976012714,0.22117419671624144,0.22386459460534702,0.24492516341620385,0.407274724664674,0.22218912068891183,0.23667502794097678,0.22748057603796562,0.24492516341620385,0.24403970027753005,0.26513137424016014,0.2505892825484195,1.080317025913417,1.0902670976612112,1.1387229180969896,1.1116859543500306,1.1427255893392183,1.1783340260867352,1.1298795353112556,0.7307661338498744,1.15554949295642,1.198820132608954,1.1768048023648727,1.1512079009968441,1.1439638886683026,1.0940130300142892,1.1466120386630023,-30.200562186253876,-30.64158041338038,-33.565178096610936,-35.01839613475477,-33.23431487123645,-33.460657973247606,-29.072732246192174,-5.959812750470832,-30.72733231672254,-29.67578817500265,-30.785407151590363,-27.76429631442315,-31.246115502977375,-28.956894660353356,-27.945419798513655,-5.2006210022381,-6.064547110183203,-4.096764509580484,-4.376620074536976,-5.019432441268176,-1.3784605364283586,-4.207417202504734,-63.314061328173864,0.738083148515679,1.2274047662174217,-0.41667082241777825,-2.4380914725537175,-3.295572926196475,-6.334338516657257,-3.120336858609951,0
0.18367438611102493,0.1837612505884137,0.14421783464250149,0.17145374547421388,0.1599331706533407,0.24019938564479587,0.22279232541149124,0.19345457913182515,0.24589543315691625,0.22129816656980023,0.18899551299490353,0.20536140460986452,0.18662226527331027,0.19210893406363116,0.24782693795269373,2.3674895272841896,2.4008973083138545,2.1297476945862805,1.9663259406691205,2.3252896094214046,1.518487616052707,1.2772858479866822,1.3176769582629766,1.2543846766397166,1.3811074982120064,1.5236450993725665,1.5340341601895398,1.5407201549115084,1.4405628444749488,1.2284973272850037,30.884051875558384,16.183945573449364,-2.8865369329027715,-15.801218777670442,-8.542048269567829,-24.1812457456887,-28.281255910083075,-24.37806398639418,-24.191082057556713,-29.688012495038834,-26.335983865669505,-26.998329511018937,-23.765262188130436,-23.844430956813767,-21.70635844564282,1.2806910670481844,31.384487482472597,32.94530666215676,33.42593629191423,38.257407874726184,18.96260435270304,0.8797738568849636,2.681128671153162,3.4732176399563817,8.189888167097413,15.846712436199626,16.640728529488246,13.421335214804998,8.095431194415642,-2.3976385910430933,0
0.25604531977851885,0.25329595483899714,0.15296688672464545,0.2631613065147763,0.25143796370951504,0.22243020669217642,0.2324566098360616,0.22481621259009654,0.2475295273869916,0.2606087833155781,0.24500257863091715,0.23970471256128878,0.2533220111248965,0.2350705201983011,0.23841775670734006,1.0778556591545185,1.112296533349208,1.290426857231635,1.1651106211490452,1.1738597889905706,1.1384507988675439,1.19623799300847,1.1192440142008075,1.1276346296547495,1.0810668772371002,1.1492111579098596,1.1461783856724963,1.1559882586872885,1.2102508092055275,1.153129456022773,-27.938276911888778,-27.88283114551072,-26.8036843434071,-31.52570396186593,-28.89653056560806,-29.655471468820195,-29.664579275900365,-29.501926628599477,-19.917519838338677,-21.59562635476999,-28.429901259440555,-31.75537727008762,-30.85462461772508,-28.426715131897396,-28.06062634099,-1.7047264005004124,-3.370542829025293,8.880107935223915,2.5552965972350825,1.320889958056883,0.6874128230327541,0.7320592508323903,-2.9987740045768247,-0.67731401616324,-5.0872613520713665,-3.6135276654407824,-1.080383284640368,-2.3627374455514674,1.244974177400866,-0.39103758972770447,0
0.2555732792531773,0.22045911770044407,0.23146176926739853,0.21753505856483257,0.2507776995825751,0.2199332511365769,0.2442597097201395,0.20965285781123827,0.23627442322734932,0.24194515779032116,0.23235194261470674,0.2350705201983011,0.2233539434110703,0.2318411269100415,0.13317575582280874,1.2546773838736605,1.2486949142549881,1.2006259770850058,1.1968127580050578,1.2470586192143784,1.1838527760512765,1.2063636776189357,1.2478918476973628,1.1584736289402566,1.2313165893283233,1.16937551369879,1.254780366889217,1.1929298666875956,1.204040520667489,1.190778175811931,-32.09295429036831,-30.83654559642099,-28.932807032370164,-27.8812798574707,-30.781026276683576,-28.34088974987887,-28.66283196148271,-31.07361060346608,-27.614403287906413,-30.04755122150496,-29.94721305455795,-30.41370609685015,-30.397437604765713,-30.07054911833069,-29.642868442983257,0.7083817707598511,3.03902792788603,3.6546556944124013,0.9414738106135769,2.631467166882235,2.0144662927277754,3.1380785499924255,5.682259892159037,1.386489747487585,3.5631945936086726,1.5947448706016307,2.67669215035266,2.1899786839028264,2.1034977532641004,1.0825442798866598,0
0.21676138795208166,0.251968377102176,0.22454285740678068,0.18945195580230545,0.2209533008072524,0.22877037531544586,0.24037528528903584,0.19179949207393526,0.20975569044273132,0.2532341513250561,0.24661514081105712,0.20235293337531857,0.24756622585804258,0.2565034389779295,0.20835583813729613,1.2710056084636272,1.215000034442729,1.2055248036415682,1.1568036949522909,1.190334448328272,1.2119555047889032,1.224964739422786,1.2140473445323952,1.2391419858870865,1.2414547982242399,1.2621579942305983,1.3772324805594416,1.2396740428940718,1.2267112447671367,1.1909399686764224,-27.49331971903152,-30.092881663693106,-29.34302909008747,-30.95756800555006,-29.230613087989525,-29.22056785441174,-31.487795047963175,-31.184285608766857,-30.180020994460733,-30.0215226552925,-30.21043747903724,-29.631117546053446,-27.98757830981154,-28.83963273973663,-24.324878834123012,4.562264069213709,3.2642036945309005,4.176799472038039,1.8414200279620125,0.42024632075400387,2.5878573534042495,3.8113197580726363,2.25021406661332,5.417950476360421,4.126357974974453,5.319392700749104,17.035334076252038,5.495386541996562,3.8287812164581103,1.7227180185267086,0
0.26745959200908576,0.243448168395153,0.22409834060306574,0.27468402458960034,0.21525056874711926,0.2255352300892397,0.19746250630886591,0.2433731012093472,0.20962910527508258,0.2263817898382242,0.25152538411512493,0.20779391299208222,0.23031476465998377,0.27035404881568054,0.2469314531076246,1.228666104305943,1.2600055646160309,1.1686920023077438,1.238565083869261,1.2901150481516759,1.3192233421127066,1.22997175763286,1.2339543254889627,1.2632981163660046,1.2104054552929953,1.2184726266836412,1.2209761594399235,1.1855483648518828,1.094404745278135,1.292593994997131,-27.10943468117668,-29.97178049643722,-30.892600346240556,-29.728888596661534,-31.336187430068946,-27.981833695074414,-30.144748898931056,-26.609481666630643,-28.237667728942057,-30.657858404022193,-31.26150994486713,-32.24467805021902,-29.561338390103174,-30.85512200732373,-34.39448372225354,4.712039804888978,7.531886930054441,4.3551700024640505,5.459647163440787,6.5276631260143665,11.564061392702257,6.260784642041277,5.393030004739445,5.213295994659534,3.763857281570996,2.9050429416637233,4.264127369886131,-1.5933955567416385,-3.3494315376678747,6.393771940127188,0
0.22720849979007224,0.23925036528593177,0.24798640054457533,0.23970794497464343,0.26814170004340554,0.22542719446657677,0.22247655892694174,0.25246313638922185,0.2302534715747807,0.24014445289925465,0.25235994148738855,0.18814985070409937,0.25531005109302324,0.23129624004166088,0.22010154147912264,1.2033381163860108,1.1760626770462852,1.1238223628101502,1.1783773482726936,1.2396693627436401,1.1824734883423882,1.1755976549923308,1.1787100337366136,1.1715589011262426,1.1216327007192763,1.1585974253467275,1.1550354759625476,1.1576713885891914,1.1737426188720077,1.2180393464885264,-28.069954694767176,-27.52762462388057,-28.701064368367867,-28.28940408182538,-30.970049755855655,-30.523056866498678,-32.62502408223841,-30.65463477641751,-26.411585054239822,-27.298533253543894,-30.206696933589143,-30.179868683040468,-31.412606883906022,-29.23011168013275,-30.58751563370788,2.852744670942921,1.7950342664385868,-1.8174195548951202,0.20809517413228307,3.5408612200963447,0.45027852612912495,1.4059355012858716,-0.6148672322611461,-1.703986582108829,-2.195437751540588,0.45565817747586945,0.4537740570647077,-0.35320747552563886,-0.7538402984134872,-0.5080108676486474,0
0.2773616850002283,0.22785784456299282,0.22696622434928274,0.2572047839551445,0.2596839316545243,0.24342793668210194,0.271701563143527,0.28036934438124533,0.21113831274932296,0.2302012879516963,0.22730449147226406,0.2082598605111591,0.2350705201983011,0.20018558151243143,0.24751615505241337,1.2117358375719693,1.2127448729963564,1.162531208962657,1.121594976666482,1.1490058545142072,1.2655798862564143,1.2107257744422117,1.2039296081123327,1.1624952554987171,1.2087669649244028,1.2442105281372091,1.2403885209356995,1.2011846369954757,1.2707829606759449,1.210288430294011,-29.5567971306736,-29.966488086933367,-31.757940820316264,-31.958224066011866,-32.74589384647959,-30.92788138094795,-31.54028460203139,-33.016515032271826,-31.672756236524833,-33.28002385319442,-31.690705756496982,-34.13193867545766,-29.58575692975859,-32.878422226441245,-33.17890603808951,1.2350454469762593,3.0449433515644855,-0.8228149655713932,-2.5053558910826768,-0.49135648450320596,6.053246722496039,0.919043425233921,1.9114459669129371,-1.398860455138082,1.1007120120383194,3.8012228476264043,4.668221050581509,2.596996267421668,6.593881444692047,2.8192348873613513,0
0.22901596567458826,0.20963390904676193,0.24726218236522254,0.2106868817140019,0.23621149420187126,0.21740291393206143,0.24081688891329928,0.23290281431689536,0.18204787392997415,0.24612401490895958,0.20118547465940634,0.23583210082538272,0.22251142422319414,0.25329595483899714,0.24249125707205235,1.211955634712906,1.2532517560493979,1.2360686412744848,1.18863832604662,1.1367801691817225,1.2393072440503379,1.1101496790624148,1.1411972670625927,1.1898941693983416,1.2932563575531066,1.1559882586872885,1.1073272802363663,1.1410097430917405,1.113995081397649,1.2811566165306323,-34.54424286310015,-30.17340803261237,-29.371757396421287,-30.851712743293604,-27.38167177910836,-26.78924127415496,-27.26959837942306,-28.104589060878055,-30.746686093215317,-26.775453982620718,-28.713719405584186,-28.26244055537353,-28.27694797039274,-29.07952882412721,-30.07313362011655,3.2268044460452874,5.473915981301228,2.69135495859977,0.2749010230369221,0.22524345756694727,6.306450960363964,-1.3061181052518953,-1.722966131736424,2.5116151317241537,6.332267274553099,-0.7754177766488204,-2.0840143237276165,-1.591396816902388,-2.329002668201313,7.974150711276565,0
0.20342307222119715,0.24445080850267767,0.23375439953441104,0.192256999017689,0.23773811179945825,0.2596919279718186,0.22930340922631526,0.2613416158434879,0.2813906312474101,0.25023687475555684,0.18603021513265966,0.24030983023944347,0.20428473092468713,0.2777224261207706,0.21728418006976674,1.1740275837485465,1.1644213832482042,1.0634156949252136,1.2777777484042754,1.1745383441193789,1.0880635988835599,1.096043040760691,1.0765652705983804,1.0847725205368397,1.0784766418638505,1.0855537312387313,1.1139854008580699,1.1299608528364817,1.1321649949441797,1.1567126963789223,-31.516336443433744,-30.670801383786056,-29.458936339680662,-29.567207508853073,-28.565328351417065,-27.285660312217004,-29.137017065116993,-28.760568708457413,-30.232000144852464,-31.35886559251861,-29.744931815477912,-27.65192509043564,-29.64524916799664,-31.791872528585998,-27.909241268692,0.28964417836158196,1.0649595323878547,-3.8444905322285585,9.219839802339767,1.0410440865966388,-0.1022332697357464,-1.6557141350151274,-3.2423027030713953,-1.9922200195571989,-2.6986630580601867,-1.5184614904616731,0.4032646341206542,-0.9407530977082003,-0.6401228598491114,-2.495840082693851,0
0.22151796746309801,0.25076848590950074,0.22770321167808644,0.23114739989606756,0.23970794497464343,0.2351912084563723,0.2600317568506702,0.2205135831242116,0.21399840862274322,0.22645580769258017,0.21960936375394163,0.2557866749670612,0.23151470049668005,0.24138488288681131,0.24774100798140936,1.2988487161727023,1.2655798862564143,1.2014717952142262,1.2677521153869715,1.2064499814005027,1.1959934143942632,1.157141571628628,1.102477187030701,1.2691583348918796,1.126252136180299,1.135666962988637,1.1561353068397984,1.159865541624227,1.1648897355040209,1.1124224048067994,-25.180680642055364,-29.023847961268643,-28.48134360577484,-29.80142615467213,-30.12039115074154,-31.25257537843052,-28.801317985564623,-28.754339567419095,-28.404760723210472,-31.160651828893066,-27.9749789704818,-30.458689324699833,-33.31555127068887,-29.91525982371016,-30.471849480770942,9.019493756569567,7.176925585049479,1.669448359804887,6.594650001954779,1.8489630773421915,3.721553676552189,-0.9273607124284663,-3.1222556105145,5.1133478762103355,0.6041413303523969,-3.535902052098217,-0.8053629470392152,-0.4197106482014562,-2.9298889772789014,0.0391398829210206,0
0.23070656498898992,0.25027382051166885,0.2365357534703404,0.239649979726813,0.2139974199778366,0.2507225026346809,0.2467886007427504,0.2371444466060993,0.24930503692111453,0.24826135319889336,0.2417537727896255,0.24764937960456795,0.19241427370836656,0.24851497960579952,0.21450936020406092,1.1669095915826615,1.1345978601050795,1.2326047704771843,1.1450642924390846,1.1095075905696157,1.1510342677208352,1.080466193947793,1.0459892359268064,1.0397120844548862,1.0520140543806096,1.0957250774725416,1.1252793231118392,1.2073093544348539,1.1203338380119539,1.1810846803651498,-30.51925647526292,-27.087897983262337,-30.356260192637677,-32.26556447968119,-28.276587530680274,-28.99571625410445,-29.05188651533527,-30.467521368805535,-29.293383182385696,-32.88627789734559,-32.19165419189204,-30.11824365520863,-32.407354888945946,-29.906069441506446,-32.117304851997744,0.6512626658690523,-3.535479072228345,7.398821741134824,0.5756238423656076,-3.2171460989460794,-1.6217780257646393,-4.150287940968521,-4.0361337526057195,-3.5702913133881267,-6.80646590864623,-6.582155134024776,-2.8438291390682022,2.377804957320578,-3.8164984740087746,-0.43603419867921767,0
0.2833445279403395,0.3010891347701565,0.1929586235552757,0.2124872072516203,0.2220846678929064,0.26474104156566963,0.29265991841254524,0.2625265337380236,0.2639230507882562,0.2621037397074466,0.23270846297789308,0.23482805407664262,0.22093448242724772,0.23078229531666833,0.2483694100300494,1.0306647925218095,0.9577178792713581,1.0237903199630711,1.1565348276976803,1.1150498538431883,1.0827380988657134,1.11043779353646,1.1280172486061548,1.2119975389677524,1.1017369139602524,1.0782852645439676,1.1165814444267677,1.074379685417016,1.1532026506734339,1.0957953080210447,-22.56505505051186,-26.131720849747495,-29.53005017220832,-30.98319056927872,-26.892415064742835,-29.427464735024017,-25.40407750124919,-28.145610350974493,-25.450120490035204,-22.83430966023323,-26.376973207863557,-26.13232789428838,-26.519736518162148,-26.252401204255108,-26.617532376326754,-13.642511301328677,-20.735276524505007,-17.798698643202368,-9.444302362610253,-14.541672805403786,-13.779429639958835,-9.664390221868569,-6.7809169352628835,-6.7641953973376605,-12.499017030828446,-10.35385400498437,-11.098032990070278,-14.48845702217049,-9.34501674742504,-12.209697973354043,0
0.19153407840544429,0.21928291530586738,0.22910923970729702,0.3580029057646845,0.15670429017254375,0.22337300969224827,0.2149378142534063,0.23621149420187126,0.2315866658766309,0.28712818801686407,0.40670544059476393,0.20292482642301168,0.21836858585358954,0.2245135304453387,0.24288449890811153,1.3922122997139963,1.1840321712150155,1.0868463609890326,0.8325977686203625,1.1920361922531497,1.320290764185726,1.1972056673972955,1.1567499536541366,1.169514127203243,1.0147216333654585,0.7061870882656854,1.1041143581228805,1.1130487009969185,1.142879925444686,1.1151740722448273,-34.47185635833907,-30.266894872003718,-27.783307258588394,-9.750001345429922,-31.163048323039646,-27.689141402719144,-28.781604072057007,-28.098800167601638,-24.935829102235886,-25.73863907577666,-5.844452847746879,-31.910308923216064,-26.86584179352883,-30.934822409884077,-26.01675342515478,19.719544828662396,2.787224944266278,-3.918867080425686,-63.16255574534138,0.4657450734834208,9.394818931976177,0.5737057357141898,-0.10297351305950017,1.085024351668022,-10.484542460405882,-68.02996494988807,-2.423385452071967,-3.0830078460476327,-2.6074392270197273,-8.55619088632067,0
0.1867689315823471,0.14903624994119236,0.12746726058607252,0.18468199882692737,0.17220463666910707,0.23009655093743805,0.26673687371210686,0.2053107364096384,0.22962091422666359,0.20867581047843983,0.23772914162569275,0.21302735107382237,0.19746841275437468,0.23402474117098387,0.23814637760711077,2.297491828847808,2.235332249716431,1.9763572446294628,1.9582460830487116,1.4292591335539873,1.1304460836149814,1.2900715073446791,1.218982090224705,1.3047111830161533,1.2992428057174608,1.2287196027391185,1.2625252131884104,1.485204562239654,1.2761542959218495,1.2517700999104275,13.734379254359453,-18.883635487766412,-19.213914966001823,-19.64858492310134,-27.94946373983487,-26.62403640426399,-25.874220299657424,-26.509736043071854,-28.031950321786297,-29.823519734778102,-31.76408069609738,-25.727474712455916,-25.845546386497517,-24.11992392285879,-23.314193963298408,33.96593362893076,41.10433475768481,38.62426643741883,30.51636481797306,5.589241953039113,-8.133740940293604,-0.3818210261947358,-1.7569829455852883,0.9629706901332773,-0.44943959037586545,-2.5463658999092846,0.09871282911513952,12.717935696098493,0.8174672422146216,-2.616342065926669,0
0.2661693735412969,0.3408583840387558,0.3106642224336762,0.3063279417664741,0.298156232756413,0.32955935624372434,0.32897929763318656,0.260112557318821,0.3265704254521883,0.303000587142478,0.2572449056764066,0.3249022263444708,0.30526539989814894,0.3096342224989105,0.3048175094817823,1.615470326855375,1.6665223752944787,1.6609253011329477,1.7536007996014122,1.7361456834954518,1.7589569382049848,1.7693975326577298,1.7628109968837524,1.7301920391321868,1.7821236438889727,1.7512074700433398,1.6920333652443476,1.718585977001922,1.7576668926052035,1.7254028101458647,-13.07781166971185,-13.76192284926421,-14.030637815912314,-12.898589124747303,-14.516694721362654,-15.6464619655045,-14.592967342833873,-18.833621607566187,-14.491579070478451,-15.76635314280631,-18.600712709813365,-16.40043948053517,-15.80446922310415,-15.848425705829527,-15.305049030676418,12.635169955856597,11.721030616315382,11.752545323853264,14.740315062244887,14.814948176817762,13.982378615976229,15.488086646225993,13.096301042943558,14.567136117381747,14.70699566475278,12.860753363108262,13.330071417372354,13.768917790122078,14.331377630959327,13.699716244566446,0
0.2276691157502439,0.2950014249487338,0.2874236481894903,0.28246356531852973,0.2916376965690852,0.28475951353479345,0.3006878099194719,0.28686453914118726,0.2854681032804311,0.28542016777581836,0.29126326202820785,0.30076869666544803,0.2999429922970051,0.3056037491924294,0.31613284370623046,1.8665028839592221,1.8379121644697891,1.8024138173834114,1.8127182742067631,1.8276525125133924,1.8355439280452241,1.873261011710228,1.8484189185560262,1.863506025479996,1.8495304468823732,1.8625031618789145,1.813700568996914,1.86301557871381,1.6373959373917404,1.6249458644928436,-19.10660553938368,-19.2687948096615,-19.312538286039768,-19.20396158166585,-18.74285105411738,-18.919884386087375,-19.298647869195435,-19.998186083237044,-19.6750343965914,-19.797888733715638,-17.024141427461785,-17.961476602992178,-17.36383474188699,-24.234958386457038,-20.827849912640744,16.091181525209755,17.480514186733505,16.465927609629702,16.82481661732856,16.88529879527007,17.272309217125965,17.127978795767664,16.799217038556268,16.35242119986309,17.051998853306564,17.324026290738924,16.253335751658334,17.04072556534211,11.741037456664454,11.468167537675615,0
0.30909633467767417,0.31673861438377515,0.2829638955159024,0.30692901299684994,0.24733373743691028,0.3018120356119695,0.3197987998848344,0.3065950786010554,0.289772761812751,0.2941131503296662,0.32156393023512353,0.30662398258473234,0.30702735024575656,0.3169698324678635,0.3111089695121776,1.6777815907395828,1.6847508947269074,1.6709374255879677,1.7235086011820262,1.7266625762089711,1.7609894007654987,1.7288291558017723,1.7665601783546565,1.7327017346901035,1.7519459598039513,1.6903977873416567,1.7106979584972992,1.728908399486061,1.6966948252655905,1.678050576819865,-14.77960909881645,-16.181755120659943,-17.147493614264732,-15.459129519291565,-19.10898190317775,-16.156354677881097,-16.505412259363,-15.738147484712869,-16.15583074073328,-16.94186200419972,-17.33886638129738,-17.17972214562485,-16.630875301045563,-17.99086820454525,-18.978368396736272,12.650033686527923,12.092059981140023,12.499862671312231,13.029178167361827,12.970542359973782,13.442552010185747,13.477875652185311,13.860874365323498,14.038400606884418,13.468154422623225,12.367935024806082,13.037413717451285,13.157219548304955,12.358397350458391,12.108420872542272,0
0.3219474967447622,0.28737316549459935,0.31224056031158764,0.31436985284388486,0.31183383387131747,0.30925089302065456,0.3083703987398738,0.2633957289996466,0.30894472721623134,0.3059076358294951,0.31681678985387285,0.3076780016275378,0.29401442187422877,0.29325396960133115,0.28106742563388254,1.6770878775277516,1.6578619857473766,1.6671429089193923,1.6593594529243336,1.6767735691364836,1.680575850141743,1.672426411365841,1.677281620622477,1.6837612102210744,1.6688310812883835,1.654376558598529,1.6541765370334278,1.7289151067073958,1.6448300306179362,1.6336861466575785,-16.50330983700556,-18.836839949033504,-17.80307401948889,-18.109621713430613,-17.10752939842172,-17.986815976577134,-17.378189513420352,-17.84614776951068,-16.30721753030093,-16.94466753449828,-16.93196309658532,-17.099119553079845,-18.4630006883593,-17.041361645233167,-17.737870504856772,12.455726761959406,10.977935057744915,11.482178113146892,11.166948524761219,11.617530147946983,11.490026740008739,11.032238223707063,11.056673383462506,11.449249408454182,11.102108735267715,11.08154228860233,10.518438045913111,12.210617233252755,10.870702732330583,10.071936177069844,0
0.2985349851818949,0.30144241088741675,0.2936333488413168,0.30115093502535073,0.2840864753145631,0.29755002930594315,0.29470033564106257,0.3015624423219513,0.2904844983726491,0.3049970435759505,0.2995197590077518,0.3041804925437578,0.30410709509705286,0.3063174723498215,0.30443375070714734,1.554860383960256,1.6332131847562,1.4644737916841304,1.5900581627841817,1.609095547535404,1.641083069831614,1.6920381052683198,1.7140090518183027,1.7095310319887804,1.6963066509502267,1.7293551999533792,1.72979234219766,1.7159864658211952,1.698067398605369,1.7176814109273222,-15.288889460355591,-16.317314709832914,-15.542902454588983,-8.899242250587605,-12.03492376533876,-4.830158670087997,-4.513596740282452,-6.533482699674721,-6.357806362958286,-7.288665646614163,-6.217799855947931,-7.227504615383509,-6.241724150280703,-7.554750324852165,-7.221953513568309,8.349890107263311,9.22393164899131,3.9232105142335034,7.145996061365069,8.351378684511236,8.32850124274388,9.01655531573385,9.728487090824679,10.027775766565263,10.355899678955023,10.333197996481575,10.500120225844375,9.983781711839418,10.224274522756634,10.076763727153311,0
0.2944613350905159,0.30256962842768265,0.3057784901298084,0.30724021190640977,0.31049439567387327,0.25424988051322495,0.3028356773498475,0.31176365662492234,0.3011521050948722,0.3030597718043747,0.306190345391392,0.302991383223846,0.31376668503557925,0.30225814315426813,0.3093044148035664,1.6696635293395805,1.6850776718009357,1.6696635293395805,1.699398505616661,1.7011307594827925,1.6965066189800349,1.67675551248581,1.6816587329536823,1.7158131321096903,1.694717227474006,1.719309372403769,1.694717227474006,1.701297768808733,1.6696635293395805,1.7059187656583878,-8.773452974024764,-8.11448891077194,-7.927576748780496,-7.624389290947192,-8.003395654610046,-10.500991211653428,-7.834100445895331,-7.846668445148367,-7.3747558667586475,-8.358993596512306,-8.071347754506974,-7.705483906531413,-7.86103509650755,-8.23978048512663,-7.885149282467239,9.758008238688419,10.336585850418489,10.125576776928797,10.276320574492734,11.029925767265109,10.643642019318015,9.846292413113236,10.51943919105045,10.741969241107913,10.017731837842165,10.923835808000545,9.85735184110596,10.692982894932893,10.436652365328838,10.867643854339718,0
0.3262714238516699,0.31979811717158313,0.28849780336839526,0.24863319332307218,0.3058675517226502,0.30948923750363955,0.3135315743337388,0.30220919569361715,0.29260023294258486,0.32761881962563844,0.30429512828151306,0.339695105060546,0.2995445152489623,0.31193181576293105,0.31894946052642276,1.7517117195179737,1.8499365803254852,1.7656753316870633,1.659976775569388,1.670217544849667,1.620211223845607,1.649223022722943,1.7038003552334784,1.7081086095451872,1.7885496845257227,1.852359751263472,1.8913711224877034,1.902908812570031,1.8739432155799431,1.9367198007706605,-15.505880096272847,-11.615713324585187,-15.199247705163032,-19.708661630026796,-15.2366435132206,-19.667336384249097,-18.80365201446753,-18.457691881670968,-18.725624907875527,-15.15269242532463,-15.71681544017909,-14.671357374559562,-15.395495561795059,-14.922137500425151,-12.894098098153307,14.417664146620613,17.396902836424623,15.536905405356794,14.147156769462184,12.547622653593079,12.382433715245277,13.153130699119178,13.53224043615101,14.274551813892932,17.808389052214203,17.128413818875842,20.237367787438018,18.645353991468973,15.479099063959097,17.254361698057,0
0.3171124514612106,0.3112328804725545,0.32459443020202317,0.2869906940680546,0.3117400449845333,0.3153489229257578,0.2976582004603371,0.30657789137432845,0.3018531019055084,0.30174808730797714,0.30174808730797714,0.31395351244215697,0.29556621100534264,0.30913374820136896,0.3116808654361578,1.6829800687489582,1.740424682773467,1.682132730333316,1.6669672299827247,1.7052392338731048,1.7124494413684619,1.6697427486295813,1.7083005527495358,1.7031693759000712,1.6627670517307007,1.6915981515490477,1.707745273908182,1.689086273678407,1.6985861865837073,1.7031693759000712,-7.427071443572942,-8.463725809611446,-8.5375543929718,-8.207906693504214,-8.167129047159875,-7.895205671158209,-9.060058044985595,-8.77613468810884,-8.757784736060444,-8.73451950635382,-8.678833598103694,-8.605189564413166,-10.009543136769707,-8.519115781757336,-8.735137351471082,9.820428132768575,10.462082019535242,10.338085136389157,10.037746227904957,10.474029957809357,10.711675578882643,10.044806685865895,9.964430520794323,10.244003170421095,10.109574823036965,10.31670927187008,10.134660115655542,9.788748743804469,10.266326812625316,10.361050237388197,0
0.3003110308521211,0.3051131397250103,0.2826066849024941,0.31479367058894403,0.29754203636992804,0.2546707333062962,0.3047689063925152,0.28930294769498877,0.3005733593652164,0.29229229940790946,0.29887185090395835,0.2383343564640072,0.29890187652098454,0.2850893874056666,0.29618255571105734,1.690723961563478,1.7018264267889343,1.697217924511372,1.6893656007322175,1.7161008384242085,1.767253476060289,1.7447650081413042,1.731805504251091,1.738006328450092,1.7404065172355345,1.699340684867073,1.7138418565997997,1.694717227474006,1.7074006724829152,1.6983158141344243,-7.7618054545643815,-8.569848194479334,-8.122947588551142,-7.1951595178834395,-8.072790027398298,-9.951535619933253,-6.319732356660211,-7.697519873255516,-7.901627259708903,-8.52604698488446,-9.347733150254413,-11.073246758414285,-9.346822516993313,-9.183938333382827,-17.151847463353732,9.952613978863752,10.170300645509013,9.956132269411947,10.613997931317844,10.68848244053168,10.952694798230539,10.919582985245546,10.454496003829856,10.863707705327602,10.754403528712642,10.025561572877395,9.990516018669418,10.366933760119972,10.798114207561742,11.255229908597128,0
0.2991809107460849,0.3014460761591732,0.30553693637009716,0.2971356207874113,0.29668113296954113,0.31035051104517397,0.2810743347336885,0.28097892498981747,0.3110439784618503,0.2958628583632635,0.30563146991563106,0.3019982850920949,0.3214909513668993,0.280401012350569,0.3079557322834773,1.5874935662436997,1.5825441022891127,1.567526629290332,1.5666011942129092,1.572343674676265,1.5659511861087683,1.586809953110541,1.5732160367549208,1.5573369233347245,1.565830512181218,1.610153433761039,1.6072668560503633,1.6017606572840306,1.5968737269202928,1.6363358862407342,-19.18093872150095,-18.928601074807972,-18.55754822917268,-18.968318934234986,-19.730852543335345,-18.786853565096294,-19.601550000628748,-18.955999081365178,-19.63603494566172,-19.427074295819097,-17.510232906618825,-17.516177637054625,-16.98844948993073,-18.64508844496322,-18.03226286122336,8.971483996830539,9.10708142627444,8.787098944136343,9.185304028528563,8.446322677714873,8.419365616638618,8.892805660590406,8.796221839715328,8.187688352231856,8.87710145316482,9.5387143971575,10.455928394834771,9.86632295194832,9.715588924830614,9.551517346780273,0
0.2881103042906749,0.3143854819967936,0.31214591312198636,0.3048943293853543,0.3116073986123601,0.2742787029791827,0.30416540613019755,0.3071234561666867,0.29450968450314674,0.2997959465392146,0.3108609515381888,0.30919638136616395,0.30006786740630165,0.30730382827836933,0.3011446328293612,1.6316111543193221,1.6358021388760917,1.6168043962778997,1.6251104074435292,1.6224973565436198,1.6072668560503633,1.616980834008223,1.6109603246442705,1.6083672909293618,1.6129353801909538,1.6333021831895158,1.6441491293161115,1.6308100683951081,1.621815770624689,1.6419188066413994,-17.795982658083716,-17.799549991091624,-16.884491823713205,-17.120821710178035,-16.648473169359846,-18.148650841730046,-17.725519049870826,-17.31239123102054,-16.917656016632748,-17.56017239070536,-17.0256976971512,-17.27028376210896,-17.98099866362756,-17.358130248361704,-15.019589887300384,10.593817357237228,9.799326410733642,10.404247241403242,10.598318564138683,10.43208228109262,10.143652932290612,9.728355794332783,10.51960362158619,10.454374768266344,10.215153150276574,10.641163899179004,10.46761044922621,10.027814737560384,10.312970874179447,11.031407068972781,0
0.2975169037143713,0.29866533141794555,0.29027803062711877,0.3045428443724947,0.28916575849402126,0.2921962888006733,0.28758777219331894,0.28566345536724236,0.2838853263209171,0.3077475827116329,0.30103644285619535,0.29558323627192584,0.3195779874809975,0.3130532325968749,0.2920695550951707,1.6636035440633077,1.7039654684242973,1.7251989554868734,1.6883699430807166,1.732258821894319,1.7322006630087652,1.7464798754024793,1.7461233855860023,1.7461233855860023,1.73782820570091,1.7365873787564934,1.6940402757953736,1.6822225402941946,1.553259551188644,1.445126467331094,-15.697273714541637,-15.190492272658645,-14.904933217083965,-13.80039160416149,-15.062319417489363,-14.856899312848242,-14.634219609305916,-14.706087460290945,-14.423616749833343,-14.105232445464395,-14.011580233543498,-13.736817738402948,-13.632248876983368,-20.086706362070203,-29.278774780240468,11.979391444423623,12.545482540549594,12.332015060300487,12.188306193296267,12.59945174547389,13.418018970533423,12.84435040944959,13.29076551958743,12.459918283844521,12.150707886878447,12.780936343124116,12.225720186562368,11.970033115390198,8.142874334487637,5.187711960175072,0
0.3218708101033995,0.26297324771179625,0.3105493650588408,0.2951217662504494,0.3010572782889365,0.2884629235662062,0.29472961589002233,0.29110595586405436,0.27156526786267654,0.30649853192744947,0.2629274712192642,0.30952516870775615,0.3023555104190091,0.3023555104190091,0.29507993200528554,1.5287605836273308,1.4968750367550872,1.4915757970184316,1.5240836768504449,1.5020816684090814,1.4883390145784245,1.5148565453204446,1.4981050673940572,1.5020836298910438,1.5101801587343893,1.4768350982991147,1.52007132221182,1.5330871430318262,1.5136000737800412,1.5197165694117871,-13.515515516162537,-18.43877569147662,-14.219473282811634,-15.572826054075477,-14.773703026337216,-15.22232738917603,-14.607060926239399,-15.574446172157081,-15.377853579988624,-15.87055701149211,-17.02202273337005,-14.464036288393345,-15.416662099926754,-16.43594401295482,-15.792591043583968,5.8924883983791645,6.455977368330424,7.4059777724061675,6.80454991538012,6.946146090702963,6.86249708175193,6.929034009856083,6.347160378094031,6.529678885197677,7.113095522979881,6.767805472933683,6.70381926332104,7.008696991027841,6.515320424063862,7.115265157421842,0
0.2945980563187938,0.29044049038892716,0.2860759575494226,0.28633050198692545,0.2944107559574792,0.2982722983049487,0.28454740009615204,0.2432360940958923,0.28857253651680925,0.28928726697222584,0.29688604486408454,0.29211947609546984,0.29627306105903733,0.2824612908878438,0.3040696349444438,1.5151953568891963,1.5178574105328626,1.5031486263761138,1.5293902972604312,1.4807145694795831,1.5002142067116113,1.4904010241452454,1.5099739837586819,1.496812178482799,1.4898263562911676,1.476901968529758,1.4995943422406257,1.4870327011946016,1.489022088436753,1.490040833749569,-16.024208853575658,-15.919735776774871,-16.163236837979213,-16.99258505217125,-16.05151293573806,-16.0863238457232,-16.631344766105457,-18.041614485965937,-16.213905221251025,-15.743189892978023,-15.721353034181902,-16.08521430481281,-15.40811149109814,-16.80787097504546,-15.047807796989815,6.499222370091913,6.9585898680658484,6.16560972973079,6.416248957929523,6.806654072483941,6.89790350833439,6.067613672508521,6.398819203966243,6.430012751729037,5.822923839359886,6.211237398216439,5.384232029417069,5.687249446483385,5.890287900608912,5.803176500302358,0
0.30158176568670203,0.29605687661201646,0.2982245726188091,0.2945980563187938,0.26669786061781536,0.27865601318571587,0.2933866385882096,0.3096285077121752,0.2966649112893197,0.2883375570951251,0.29259680078744194,0.26329575354251433,0.3000268911554708,0.29074132298562905,0.2859953423830892,1.5010844610881926,1.496380119525887,1.4901625043950357,1.5360668744480341,1.4874285608295355,1.5013227710883414,1.5002051549470186,1.5189911467185047,1.5351463853549165,1.4923986323293559,1.5007202096909684,1.5163566636342536,1.4748445604513385,1.4850558433006686,1.4898328362482522,-16.061496942081163,-16.128600192788497,-15.513591485900804,-14.886187460725438,-18.54979407691991,-17.619476593288653,-16.451068393265956,-14.391217808524374,-15.150680566421755,-15.077068336119737,-14.192477741870448,-16.186786361727627,-15.17663780711726,-15.552168863419382,-16.195568749559357,5.594318292886942,5.616262463256261,5.925003698130759,6.642119202686329,6.026766527965925,6.136323237592168,6.61335532679321,6.820717306454122,6.842010966511029,5.924475914459384,6.0416683310009605,6.202316788019939,5.536602777552713,5.686198340159119,5.705040182860082,0
0.29039619191790206,0.2944724348109524,0.2805415517910622,0.28763807529904806,0.2801585384242679,0.2880299931863571,0.280370731434646,0.2882880624258793,0.2802719096224223,0.2862476431726169,0.28282857309708365,0.3031732426596209,0.2562745429516693,0.2899678918852846,0.2776604016786356,1.4910873446011514,1.4721778060017292,1.4867067647376624,1.4831209154495701,1.5032656494063787,1.4953770674585725,1.4946065320654731,1.50044982240593,1.4864631634066519,1.5241122858982463,1.5850226275071393,1.583210615831178,1.5667105521029887,1.6293100504791567,1.596146616976388,-14.760436139975297,-15.627242651864407,-15.535190767828823,-15.873732916101318,-15.806574976683578,-16.14812542007988,-16.82008202843022,-15.743780183539712,-16.298843806411725,-20.697465639205546,-18.946103521917536,-5.158956852466076,-21.83869022358266,-14.301520073277459,-13.873302158506192,6.026353922032186,5.914787440208769,5.629148869680943,5.633859468223474,5.743453655728081,5.579982565258832,5.859276170672689,5.380951675270963,5.643227443913454,6.818296275969767,5.8826472084445225,9.046148364518546,8.72783553523885,11.455558993641377,9.265780492493302,0
0.3167089890241731,0.2922639820276569,0.3033059965260775,0.30261393343718834,0.3007809529044485,0.24361469668300584,0.29322948030020457,0.2836215350313632,0.3029780294852361,0.29816231012318883,0.2862400514565382,0.3006022767032469,0.2867813227237894,0.303083908618268,0.28790369331981713,1.609556967334992,1.6051866975834779,1.6176352508413236,1.6121926856812872,1.6027560638555556,1.6205915292353337,1.6212660051901724,1.635765300020197,1.6109227228113725,1.6292806913492601,1.6359142736217025,1.6342046706457702,1.6342482215635272,1.6292806913492601,1.6190946911294901,-14.339285788116314,-14.461928674424968,-14.93595738777853,-15.460041439536155,-14.596458549321625,-15.596389281094616,-14.006683807031578,-14.927339410903954,-12.679532689171964,-13.699933579829292,-13.82215392326512,-14.13191323104519,-14.604647780889678,-13.342227304668057,-14.782410763160954,9.050700322427106,8.998324431565408,8.794237369619141,8.876277083553816,8.843720434293555,9.434750280377697,8.72325503228852,9.183813505078719,9.57545255293164,9.448689322611004,9.61061651812759,9.130871965032934,9.64920560551377,9.620703099326848,9.733576990081007,0
0.3140332701649894,0.30735831845711314,0.3082959492059617,0.3072718919679278,0.3133333330164899,0.3219458174938369,0.30976245896434496,0.3285150375682549,0.31105646064268655,0.32905057959357964,0.30921630054155624,0.3236137362514774,0.31365601849693364,0.262449280982763,0.31718685812915837,1.855223689077771,1.8801972433271805,1.9024310153266444,1.837764244467217,1.8836189002629167,1.8815869044110733,1.9058920135939923,1.900888162557057,1.8515191738958892,1.8311108425125704,1.8506194264070472,1.9117873363863318,1.952533921598436,1.9243238703833836,1.914260068087798,-14.575214027875973,-13.729084698738461,-13.653959492770014,-13.580966440431808,-13.418450166521666,-13.822986472651564,-13.964875002765325,-14.101019613788168,-14.893076983096307,-14.523577585572212,-14.238691363041426,-14.119703867654295,-12.514858307129828,-17.236859450918843,-12.398652809461112,15.285394844543672,16.94255329378201,17.09248301877558,16.54443980970284,16.951659494290475,17.352543856816467,17.733455235839955,19.611931360181316,19.268176324019393,18.146658643059382,18.288791412189685,18.860083479473527,18.549541283530495,16.78682858212794,18.914983285405317,0
0.30164990315642254,0.2841539557323154,0.2850033056905261,0.29901008818752717,0.2942616805773676,0.2897675915072775,0.29641019196376817,0.2963421266135289,0.3092758360426258,0.3028233211604497,0.2904184721944285,0.2919720865858045,0.2905318070333637,0.2983752812084028,0.30129566270045194,1.641387537114395,1.6126417280722507,1.6292736297992239,1.6329835510897026,1.6300400735766896,1.6415935866200788,1.6238812014179684,1.6527471154439375,1.6718357339026093,1.6565429208752274,1.6319951257554155,1.6416039096078792,1.6326921190963586,1.651123630719272,1.646506625434092,-11.850163205798367,-13.146432213083642,-14.473948900987125,-13.225060690664947,-13.974417122583446,-12.975991762888441,-13.464674138430553,-12.834431682593618,-12.796032345619778,-12.531783567612308,-12.125440325089869,-13.609395827292559,-12.508419586118379,-12.12354320006915,-10.92250516088069,8.76291102131014,8.989778826888331,9.576796671347271,10.10043919610599,9.905428093364295,11.430815374477657,9.810427646725417,9.879484265323335,10.982626298963739,10.241432613204827,9.811476600388078,9.165214281578656,9.715921728933836,9.680648625454868,10.427831667096788,0
0.2931614170737157,0.2947907266528505,0.2910183606301896,0.29044154955233337,0.2941019659626293,0.2858004815379576,0.2926008962628899,0.29764683974835143,0.3068640221866642,0.3126226027514426,0.3010551537446715,0.28226716488778403,0.3085934217777838,0.31062782647954745,0.31179611240108834,1.6582353989739,1.6288494254291,1.6165639638551583,1.6288494254291,1.6534529715556059,1.6336376637083778,1.602947748313742,1.5821264240054698,1.5799948640331785,1.6014097671966643,1.6087409748162165,1.6016529555723171,1.64985243165312,1.598586609018901,1.6035074737595656,-12.362459151452157,-12.421876508099245,-12.7267272424981,-12.970320646930787,-13.629787975192528,-13.820603077525874,-13.248415484405001,-12.350645657069634,-12.732869427866518,-13.490187130700377,-13.754965999452338,-14.646304181700913,-10.144705184009865,-12.43996480839101,-12.995387937834892,10.154776298115962,9.756915139702377,9.574205031705972,9.874294289451699,10.214345347276012,9.241039383864374,9.630879269280106,9.976026334776535,9.897806589586034,10.26119141777536,10.137661733243768,10.301974170608936,10.89700348861331,9.889498554938266,10.013623432214914,0
0.31446435183995036,0.28737751548331575,0.3032211224617049,0.305488461780445,0.3048884007470426,0.29981991579647616,0.3005788239945625,0.31062782647954745,0.32015488419550475,0.305443910467489,0.31083545795579165,0.3112695359359777,0.30062317251605375,0.31271612347456523,0.29645546145246404,1.6441495454185853,1.6283388612104397,1.656618776383843,1.6651856586828049,1.6509821015426267,1.6231262939680622,1.6574540686301045,1.6250497045608416,1.6369440169176233,1.6166607897049992,1.6649675859708082,1.6406548963761516,1.653982211013795,1.6438977675394266,1.6504445420566596,-12.6265903974396,-11.971738832671008,-12.143799065768206,-11.521890543931107,-12.148587441799975,-13.315289043903306,-12.685020171622313,-12.8961338356481,-12.865504403986819,-12.851602591770614,-12.944309263953159,-12.957653156663326,-12.86139734133522,-14.733511882347443,-12.395975979929517,10.014431063070129,10.439962617133242,11.001198418680707,10.398857281350491,10.484178988523833,10.016862963213843,10.288793881395213,9.996240422916443,10.087991093504478,10.172152548327238,11.076662108125875,10.81511932839093,10.456424238238727,9.962455587125179,10.921860868129562,0
0.2895478049908231,0.297474798520215,0.2910259575055425,0.2907312401400731,0.2908318586854747,0.2954087648167921,0.30710285231183704,0.3085815497620996,0.30644908048430375,0.29918524712404215,0.30103014784628934,0.3042324017831789,0.2900612125542468,0.29632389632717865,0.3123439396896448,1.6775969363371885,1.6535368646138002,1.674819875297771,1.6557142313311464,1.6613502981791468,1.6745266353957087,1.6896582218467686,1.6629040616447879,1.6716873273544466,1.6647772254653388,1.693342434102669,1.6989213672158974,1.6721493358463337,1.693198988883227,1.693198988883227,-12.801713873471812,-12.496903621586597,-12.400379821751443,-12.196502726367527,-13.060102942179554,-11.88234526095701,-12.011214583922992,-12.228374212807694,-12.52307053470065,-12.15572683836308,-12.194282040979346,-12.181856004364818,-12.796587828625974,-12.420368095417615,-12.074964638640466,11.31198673130671,10.790371655273288,10.714742350000273,10.962596950557801,10.52977964098425,11.482950804449468,11.196074027034463,11.185818059686138,11.295173210142693,11.77061536868797,11.376400709584596,11.293164889725729,10.944202428062264,11.197164278819555,11.539827348379962,0
0.30151377568994364,0.3047855731241042,0.2936707322615238,0.296794787991567,0.3129463085019299,0.29359456527193245,0.3063263261390542,0.304735872098409,0.299972264941634,0.3065291570452927,0.31712600495704346,0.2964300370625748,0.30062317251605375,0.2908561718826971,0.29238227928616,1.6763311750915166,1.6596044199710367,1.6829750162107537,1.678015566152239,1.6605486666522742,1.7092505011768044,1.6557259853617783,1.6647772254653388,1.6558496478674318,1.7000569216566495,1.6455140916002524,1.6827595712030325,1.6871839164509905,1.6796488454280671,1.7114183351630514,-10.509162921086869,-10.916847780471755,-11.976737665641764,-12.018454985891594,-12.089270398130765,-11.54369943321555,-11.337573236777757,-11.29313564219234,-11.526474258616162,-11.21348874679893,-11.32856275670099,-11.244882429496727,-11.977089577131437,-13.43258140088372,-11.456632232263956,11.673885852581066,10.897773578301429,11.03967333959913,10.788635100261756,11.201079897140083,11.206571568007773,10.83512657512781,11.187131579688607,11.488382117531605,11.445031043689362,10.59950464190424,10.876076968341176,10.892115108371467,11.500861830249118,12.012460595191982,0
0.2864709044081241,0.29897615958714513,0.30491389268640606,0.30392597408885025,0.3041253842341583,0.2954969507672773,0.2973574909218636,0.2982621093317245,0.30196003564183216,0.30129566270045194,0.30718188016717524,0.29763272645656613,0.29220912054623854,0.3002132791751754,0.2962668533559792,1.7466483848207635,1.695484001176526,1.7080699753400217,1.688739011797927,1.73305272415814,1.70275994355717,1.7584480291311722,1.7077984024592336,1.7229074497296835,1.7209481502902126,1.7051199992074062,1.7252741589115868,1.724215899397298,1.6975926741125749,1.7016319904643522,-10.480266375957228,-12.755635711721396,-9.72881947058417,-10.56853562066982,-10.26534472561326,-10.77898153159964,-10.903967085915667,-12.063991231205364,-11.392332901162717,-12.09967280614893,-12.297388987834864,-12.130724275757643,-12.77915160114199,-12.032796574646028,-13.050328642815117,12.931744218547438,11.365261924522523,12.591457683794841,12.101363586159195,12.245358631281555,11.92676136256208,13.128459444848813,12.658667907971127,12.608651549794024,12.283651169144598,11.917327262064651,12.667612670557094,12.638603933701624,11.93540438616921,11.49721570385168,0
0.3117670627652037,0.3306192795716031,0.2689256663478896,0.28755554861479293,0.3137948299759331,0.314783923027387,0.3331368527191654,0.3413020125357066,0.31394973559154593,0.31631951204208153,0.3082939801128871,0.31785995533527234,0.3058572875428136,0.3053067947533933,0.3237587833509111,2.134301401618485,1.9055394341370127,1.9012217840785823,1.8175678063043141,1.8644697747745298,1.8980194469150884,1.8729693661652849,1.952258132511017,1.8245861762703406,1.827366407395997,1.8674421261895364,1.8374161445078263,1.8373104688753923,1.8399238528628823,1.8467410857671926,-7.509058603682405,-14.142416091269666,-19.141902738004234,-17.439106107637684,-16.975067350556657,-17.06877915994309,-16.69342380925542,-14.184240698827267,-17.78619067425018,-16.915070264412492,-16.275551035678234,-16.70331481979187,-16.799476707644203,-17.639969595941693,-16.816929137233643,19.976769756606586,17.811705774228276,18.8212616177201,18.510504342887042,19.376124471980148,19.032035864190835,21.779539661527604,20.121251437763455,17.08015277795595,17.511428351513118,17.997325042547942,18.093285415348525,17.85061654656891,17.59179997237122,19.316138985172316,0
0.3154702950937134,0.3127429846476507,0.3226749835991458,0.31194805366153944,0.3220106541938812,0.3044123192714881,0.34198632798426915,0.3334426270931373,0.34080153353128806,0.29815094287570837,0.3212117389967941,0.30002775022610906,0.3005182754839185,0.30051721221748995,0.2894198676723399,1.853276546708357,1.8814250903071106,1.874013138154639,1.8536274414980924,1.8813841274900343,1.9027422537260186,1.98531369733517,1.9473555054857494,1.9020499411894203,1.906886661421694,1.834474185023953,1.8280972824959247,1.8494902855184243,1.86087925413862,1.9233422334824064,-16.998398946428125,-16.735903732275972,-16.93826101172263,-17.222952666064174,-17.18389395692131,-17.25671361752515,-14.385536968780457,-14.796986248045641,-16.196007623901636,-16.75654000985793,-16.571006473135782,-18.174560985051357,-17.327374698150777,-16.249771988793185,-17.16989239241383,17.758795335215723,17.263521534833668,17.780278722877945,16.958180030308355,18.80760888913425,19.69319558037193,21.92771846186767,21.061012307806777,20.837503326041755,18.196364552682606,19.209972167066642,16.33629076314032,16.565670732200786,18.485020328484254,18.284626201480354,0
0.2801625858299077,0.29791547797065576,0.23274762323429604,0.26238855271779227,0.2655102727612837,0.2814399514643964,0.23149512620339144,0.26030283016465927,0.2655327247089678,0.27713893527135425,0.25434750209854307,0.2566692041368317,0.27198202339811317,0.2601550894304126,0.264127707099329,1.4659354058551233,1.4940592459705146,1.5194384967130985,1.464244765295334,1.2832356142563277,1.3733138804668077,1.3441430242477221,1.3330478281540863,1.3400978456121961,1.3924988163662477,1.3335155014592843,1.405131679860742,1.4298665287329297,1.39794537845287,1.398319572245949,-13.31398940048993,-12.186993712241161,-12.817009891362005,-13.971446796722063,-13.967601328262504,-11.706962497015411,-15.23861267296462,-13.414636828012277,-11.403256197137353,-14.348620701719113,-29.6142492113768,-15.158216085269231,-14.664335165140045,-15.314296729581372,-14.794301944092421,10.940559537023077,11.86332428322491,13.952532974592158,9.692194851266745,3.1138145997565316,9.157821030251158,6.45109138752653,5.855624010066308,5.943999932659332,9.522228830424112,11.869829385233237,10.864861584981808,11.708060909313701,10.253933326436814,9.370705474482602,0
0.2719042367444483,0.2974581082692215,0.29234595974198585,0.2636001446847935,0.26014245691217547,0.2462326092826268,0.1267981648994239,0.2654250292235705,0.26406661283253346,0.257783153750967,0.245434781150399,0.2798114759321668,0.27998210746378754,0.29097454395406397,0.19112005794790576,1.3691641692702663,1.3082993431099672,1.3904107206708411,1.373750007461266,1.434696682048463,1.4366359356840694,1.4774076563792238,1.4834162045804187,1.5178190044112232,1.5335958626053288,1.6000815055129025,1.5700602368283676,1.5707373471943578,1.6033980265964807,1.58710797278961,-10.664875810347695,-7.771601112192684,-7.743510356627382,-10.53536307583991,-10.274949261656019,-12.29532020994435,-12.128873592220486,-11.89453159961846,-13.148403774172323,-11.425335788612273,-14.922091465234274,-12.840823666068786,-12.583456038795589,-10.83122107327398,-11.712641723876288,0.340814213944881,0.39695556977305324,3.438092033253592,2.0821008630068873,7.241755452582751,6.498613635409542,9.454445273794773,9.072032242814148,9.07570842118447,11.80119450327194,13.197155611506778,12.7455054678068,12.870559993551689,14.513491686340572,14.601223930894555,0
0.23933744698063758,0.2582300682663443,0.23400085609187127,0.28374687630016765,0.2602781110677729,0.24383490771019425,0.2364612469396336,0.22928680358280948,0.25043750568209167,0.25267895304314913,0.2636508768860705,0.2503409846055159,0.2560396411632393,0.26360550438806774,0.2335275459027642,1.458456240476723,1.6654813353897062,1.527849932463361,1.311259529837758,1.3234751733360341,1.3127652253428066,1.2687026968411947,1.271534965482486,1.209395411478143,1.2754689155641266,1.310099639197103,1.3478135936798432,1.3508910532646703,1.3933650411588863,1.386703633610131,-18.635235862636534,-14.879392213434613,-12.195370619300462,-16.22905209465256,-18.50875219446479,-18.893815993642704,-18.518514862510813,-23.750439726039872,-18.967283368406726,-18.4506738000494,-17.912889472961893,-16.873993789254996,-18.77264768219365,-18.763014505775885,-17.555203465360165,6.95325438904263,14.796276299188593,10.907666369635324,-0.4104145382910207,-1.1928630097314465,2.693527573326332,1.2751721689427757,-0.9683497893066542,-1.1591158890102278,0.19331428889445806,1.8625891551036766,3.326961502779384,4.644258882310152,5.636426119841087,5.408873023610575,0
0.24227403345657214,0.26186978701849084,0.23921981697349137,0.2604162809041949,0.263532849015464,0.25130211953629455,0.2802314381173977,0.2639114698029955,0.24239696215403078,0.2518446435193771,0.2620847236998406,0.25787295126279375,0.2981968281998686,0.2613320550312535,0.23940575382744253,1.296258260162716,1.3046669854589248,1.3027508888953914,1.3140188136078204,1.3378614039037942,1.3146221334169288,1.3236355091042642,1.3329659204450466,1.2945407793774857,1.335710415854516,1.305500838357606,1.3313892053854157,1.3212743857401483,1.3133915383118437,1.3404164974358732,-17.918847657374528,-16.8965695848984,-18.65974655385213,-17.58540815014166,-18.957081760341055,-17.393121754756976,-16.43398442998972,-15.59037710338643,-16.354684287582586,-16.610995345632716,-15.812434206293574,-16.39194500152783,-17.544386704721205,-15.63349158088613,-17.520951733835943,2.696699848340841,2.7015874955132464,2.3172203260986777,2.759383530470035,2.791724814558111,2.492957491069266,3.452384060451626,3.753714832706465,2.9273051525910003,4.15243614978574,2.95221206408891,3.3903175534511236,3.4674654427276566,4.284141099220294,5.089977394365942,0
0.23787355939418425,0.24555780173489908,0.2356976299425162,0.2415440497003965,0.120004863191677,0.25942670301264154,0.2343598829850306,0.2215971810474827,0.23868204924474312,0.2528767765390494,0.23390213137921367,0.23893951789512657,0.2546039008726081,0.24501597312057563,0.237733343088427,1.3280569263562425,1.3310513836774636,1.334253998557683,1.3321420380301285,1.3191997151449868,1.3360337431262983,1.3319923078284255,1.338903833169048,1.3158912366782896,1.3241927967401923,1.3287327315510922,1.339403908077562,1.3348777472850268,1.315534669467167,1.325059796677529,-17.75105042649946,-16.96445922086488,-16.89043694124308,-18.10171008041607,-20.949686080720397,-16.50180568497376,-16.98066884098762,-18.300190530696625,-17.856846674583608,-17.911424108836115,-18.374482596741984,-18.104966231181976,-18.480282391139582,-17.943570966396948,-17.713814469648526,5.371585715569468,4.0473051558240725,3.500108780436735,4.38982734425861,3.4813083579825634,4.128259006502489,4.599611187811629,4.194672249558316,3.6410038448268045,4.634378604384642,4.2932360613270015,4.079312682530008,3.863793112664691,3.8721882122481603,3.8369638065093463,0
0.2592797091297787,0.24085378792112255,0.2652865878108508,0.2575332841807334,0.24385718259513126,0.2455024642717246,0.251630894594168,0.26509159729047466,0.2608233382616031,0.2626015370940399,0.26542703707950377,0.26375061345856915,0.2469716966683118,0.2636631735397936,0.25903215268888347,1.353068982497128,1.3536264885861216,1.3861514611981534,1.3518068058815667,1.3664734271589862,1.3317356291713625,1.3569503931532072,1.3603601391168563,1.3638171002589765,1.3694377150665926,1.3793174310646044,1.3750723702614505,1.3486479654010337,1.364629305584242,1.3658802103735963,-20.198138836544246,-20.07309415670136,-20.476896722303053,-19.600841701096016,-19.641351544690224,-20.44839596132232,-20.511476287884932,-19.641516485584447,-19.584470231965383,-18.553813931581715,-18.369775297322064,-19.99733521693534,-22.009135318942214,-20.108642100176866,-21.02895418669158,5.214953095827361,5.93107224300164,5.596844913312727,4.744959738668294,5.4585142434052125,4.7885278203239015,5.931462806171112,5.54636611797181,5.673473355070167,6.129178882625894,5.885065222428891,5.753013336421537,5.025850477657592,5.46308320321076,6.246616065575407,0
0.13131695582625644,0.25667102079702664,0.2668712596035089,0.2146285071895948,0.22836435264594881,0.2615963648533317,0.16939699996050073,0.2820688780744498,0.2545041030295452,0.22323971770079465,0.22043054559962566,0.2776114937346179,0.27445399470170706,0.27055103546777787,0.2379789449417633,1.3456011354325927,1.1967369336449756,1.2465320962154256,1.3021915079843827,1.374270109738779,1.3758709320694318,1.4158722983600014,1.3178892035264798,1.024300895619427,0.8192514381312342,0.8839994217553789,0.806125451807995,0.8628060934887455,1.1480167053903991,1.1513903016546607,-12.609193405510098,-14.990980199724845,-15.703677157982867,-17.488315209779614,-18.299752814920993,-17.151203102940627,-25.348206060861486,-19.72741754012867,28.618169638040456,-7.516903507582811,-1.1157646444646332,-12.11861179058289,-14.907160991382227,-14.41777145591135,-11.626913445980904,8.816743933315442,-3.5702777603282967,-0.28735653654409066,3.050484364487447,8.410366231798989,9.5510035391914,14.62573629005119,-2.471034579075113,-19.307863311689736,-23.770750376171364,-24.56892857110142,-35.43968309704848,-35.256189061274284,-4.842531139177607,-7.504305719540424,0
0.3074701630776918,0.25643554763736853,0.25321341219185745,0.24357726635289423,0.2620514713592663,0.2516063579437787,0.2590321621344766,0.24858302053732945,0.21884298708857644,0.2308837693930813,0.24050907390711923,0.24399215490454174,0.2639912492133959,0.2507129946358092,0.2483332798256699,1.3979562656507931,1.3474675743805145,1.3736904076351002,1.376277069958604,1.3674066843140444,1.3629461708557433,1.361797486910491,1.3720438085190954,1.3320718858363187,1.3362084916535553,1.3513831766721232,1.3325608582174784,1.3721876982554553,1.3570872470164408,1.347053877220939,-18.25615747437672,-18.622074120012513,-20.906886711594893,-20.832732662810372,-20.48430896333349,-19.967780045172276,-20.070516647493207,-20.113977947439793,-18.09527260866068,-20.12585730880585,-20.063598526080426,-18.80357763098047,-17.950073904203663,-18.35691549052342,-19.156325545961636,6.0294917171797415,6.619150663894855,5.7581247072534305,5.862917618071566,5.453844470767638,5.764006914310529,5.681585873759791,5.240079239061841,4.860821033070342,4.538159316037042,4.968564731999161,4.248915041321969,5.03964885867223,5.436801295762637,5.410626716132537,0
0.2472343034986013,0.25472824347493206,0.25458676133715713,0.24993719404430176,0.2593181352379558,0.15983092413010996,0.2593715718199676,0.2532505720927475,0.2579785356187311,0.2546753536220447,0.23464935880006751,0.24847520523288075,0.24709193816873426,0.23942707922126952,0.25620633400923815,1.3584980782216318,1.36025076468705,1.365512370611515,1.3635474256768578,1.3650360699729758,1.3535027664596209,1.344475419132832,1.3583759660481294,1.3680565422610724,1.363777831165111,1.3617231949534352,1.361429070932765,1.3633070297394927,1.3660734867152637,1.3710937813744786,-18.98305475268998,-19.6857404399629,-19.821531322783414,-20.1315934850183,-19.186344219317533,-22.0900486362178,-19.25248159157144,-19.748156764796704,-19.323350178274495,-18.795232841587193,-19.792440945415592,-19.583403362065155,-19.57620298960248,-19.660263385128474,-19.570450784477543,5.897995708998634,5.2247805453594705,5.19884087611525,5.282317670268625,6.254870039737392,4.950664525908046,4.757280611621545,5.383658778916851,5.092482245941767,5.083233318451856,5.3358793554827395,5.81124279141339,5.361917447873873,5.378920043868755,6.50836457099651,0
0.26215255225683187,0.26427793648674724,0.23914219101901785,0.27201909507847083,0.2594654206581855,0.24233601159038665,0.25774769758697813,0.25002443208730896,0.2578296625974918,0.26507693944616806,0.28129711900397625,0.2757618817604851,0.12339734225311164,0.25004063706347385,0.25004063706347385,1.383173075599805,1.3729909602535262,1.3900677509238988,1.376933862873676,1.3562335542837614,1.3508367415419458,1.3804595988106125,1.351041556604613,1.351893071989729,1.3317288193621204,1.831952147383014,1.296282213150472,1.3016860893004543,1.3904061109290482,1.3904061109290482,-19.070566158167964,-18.634750056378465,-19.956698986663383,-16.752310239189285,-19.1479818400924,-19.23636746365861,-18.48538083041086,-19.50823990706499,-25.199502080490248,-26.170405789557776,-12.844200707311359,-19.70613611464202,-19.681598900839532,-19.568779928805146,-19.568779928805146,5.632779204375432,6.447667034028129,5.273788940365535,5.858283561177039,5.9368940448789544,4.396787093573056,5.1324058979760885,4.695758105301253,4.451794047038891,2.2195146275475244,15.28711315445028,3.6929844512329155,2.8627022916118823,5.52988249642746,5.52988249642746,0
0.2926853927141164,0.13793160482861816,0.1180748552948265,0.22895838101662142,0.2373800282249654,0.19474442239991724,0.2539230397541886,0.26503974127365104,0.25941718367483213,0.2663831538005837,0.27699661975939105,0.2612250454672165,0.2558585332159507,0.26387775307905054,0.26507783100898685,1.7461661660549674,1.500385545297505,1.296830012266876,1.1824286047808248,1.2490124055409144,1.3387778752171993,1.3092458729779293,1.312446331530953,1.338781748338635,1.3063520022761874,1.3048273357873656,1.303921786867282,1.3251523164788663,1.317988981814955,1.3444126803914134,-5.336208267199879,-5.919966972519745,-21.88429608740057,-19.97620893904167,-18.6285844074379,-23.52637310143868,-23.032111930319758,-22.203614096685925,-22.923498952305806,-20.608712008946156,-19.529263451703827,-20.66302678691443,-23.192653917743087,-22.31120470494716,-22.834955574633682,17.617283998697822,8.11594829229071,2.1616011781696876,-6.004614141656788,-1.4855315165233463,2.1348448912929627,0.9739703156471411,2.1228398077008923,2.1359620290509316,1.7423586187922062,0.24498026057824437,1.4876166064412564,1.9374636574543547,2.28343406570091,2.3746612154397995,0
0.26137132646354844,0.2022947912187294,0.23124155785494677,0.24721009725760174,0.2451860485839708,0.2538682363513155,0.2147223132569,0.35042464654898065,0.27306935238545804,0.24817203380004155,0.23472808876282125,0.20228446857149432,0.2148146189729714,0.252678420850801,0.25415594260008967,1.3672109079456862,1.3136836580024998,1.1680434258226626,1.3057496870123293,1.2484267686492567,1.2110808748584525,1.322362199365605,1.0934064458731425,1.2280003866254179,1.2731932274819129,1.2851176358387504,1.3299789023224684,1.378153707984472,1.3945612416608788,1.3610694870105102,-15.518611156391927,-24.642344081234853,-25.54389889202284,-25.686682540087077,-23.878870650364945,-26.644776260473094,-29.251728699106962,-14.801602052795005,-17.98045999550766,-20.557666050453264,-20.341927027980176,-24.477515035031615,-23.98484290485152,-21.790758678398447,-21.406689034508673,3.966312759810985,-0.9214676368486996,-6.037126268812724,0.5042238898462068,-1.0535268790705952,-10.58674815715871,-2.0144907566732537,-6.3615620148443,-2.52782205889767,-2.2510156812663924,-0.9002150488076209,1.5372117178076117,4.996627606137637,4.305928316108104,3.834879744343152,0
0.21490218388178967,0.27790563194744144,0.257097419528439,0.256357737275028,0.2678382669350685,0.26971423422453156,0.2537542622757358,0.1942133813182244,0.21861276868137902,0.23139347997162785,0.2931671939490482,0.2868810334449933,0.28649735391840897,0.24906738514375137,0.23662339260400234,1.365735017321776,1.3574969788689704,1.2984500548036144,1.447803462058687,1.5693507607213117,1.3741144406843384,1.3452836942767084,1.8779437301037107,2.11045796907855,1.4145306900776826,1.8139427684751426,1.03498393032007,1.3347028245784296,1.1428873138382307,1.1490183393476883,-21.160713825167505,-6.239653884240141,-9.18815401778835,-10.418283284636715,-13.245231924023926,-12.031283386362446,-19.234966402951017,-16.178230977881327,-0.7613967923478242,-21.02691217831378,-15.496843129755547,-11.595672558983011,-14.02716919758538,-19.041729999028036,-20.013011719415545,4.786663464331455,0.9584709751967607,0.6042857480537825,7.851260024447987,15.214764109198047,4.686677263723784,4.953719367011696,29.548284715729967,33.2499691542171,7.778847429498796,13.847533060054428,-12.279003945036164,4.576830673390914,-7.241198700072294,-6.467618297303463,0
0.24248583633780213,0.22140058411952784,0.2531081363519513,0.24680998870813814,0.2528734188839008,0.2419239800643216,0.25341736362056927,0.2315224054511067,0.24589863333745177,0.2501058081662507,0.2651468438701048,0.24221227057124795,0.25616407414550013,0.26513721834978554,0.24592551909906413,1.153286546658378,1.1217639678576758,1.1430802712889947,1.1531203091085869,1.1476905766885583,1.1731339255772395,1.1348715514856682,1.1643439906078688,1.2606248423331663,1.3116681054978565,1.2781900862549713,1.3032230286121242,1.3249521416401613,1.2484487374021997,1.1766281235631906,-21.44685879585586,-19.11283951780328,-20.554593473477127,-20.675055977802714,-20.486797379859723,-19.405463978153648,-19.650853970111314,-18.538048594833327,-19.059202832099487,-20.445944924356468,-19.253783494715293,-19.87701251966999,-18.67175535134737,-19.117756393672977,-18.341966639099695,-5.713064283446244,-6.448940596325361,-4.827600250690858,-5.492654416671043,-6.118580523393142,-4.500138281625769,-5.1952625683817555,-3.391194764768379,1.9269813348120137,3.312374770375535,2.7797482105696973,2.7175559658623625,4.446855403447498,-0.49119609238869905,-3.9708545099708035,0
0.23311802125020337,0.2580899235203282,0.26252868652994765,0.2566184340975922,0.2762004213268404,0.2582438036389119,0.2667603147879502,0.2627529601526222,0.274327604285666,0.27803636376778484,0.26245035971749275,0.277045058364526,0.25180985218746055,0.1710090900366239,0.2669589693254292,1.198279566402258,1.1841720916098841,1.199298641896017,1.1868903613520763,1.1602789789065224,1.16071755187725,1.1888094398705351,1.1736191214955918,1.193648225074442,1.2126535136386636,1.239276966284251,1.2025061896485025,1.1892803165314454,1.170037302765945,1.1708326957564654,-17.266826222961328,-17.69952109661139,-17.42382942314427,-15.576886029909076,-16.103611112104176,-13.964443516349945,-14.959949891315432,-14.512471428700792,-14.947137066682672,-13.708232216462164,-15.092958112354324,-14.398814146095162,-15.029694794090886,-17.109367435070823,-14.26507128899732,-2.7760872990641343,-3.5138260063975078,-1.812463820038195,-4.183913380970841,-5.363423786832011,-4.953271288888889,-3.1788995232839965,-3.76502301361419,-2.8091130907670716,-1.3732509653431233,0.3403421125663018,-1.8724061591946255,-3.019700946521154,-3.772644081784026,-4.4408865268546265,0
0.26683124047163265,0.2596135109002263,0.2628203130306057,0.2661486047757373,0.2563771324038787,0.2597573440563433,0.25562203474845185,0.26689669367692326,0.26851026945593615,0.2594556686978672,0.25756614228051594,0.2485762001729345,0.2639442137836163,0.24870806328654985,0.26127059372138806,1.1822458987275895,1.0728442448530795,1.1507406311698019,1.1918193761822058,1.177268261939674,1.1768334381779126,1.1698450751939502,1.2985690445241886,1.3118720758293991,1.3399142549352396,1.3325641728087427,1.302916061844394,1.3025256538087373,1.2623353372142567,1.1787511517910607,-15.908702671533234,-15.468229075912006,-16.30406032225241,-15.000004561049337,-15.045297346469113,-14.651225738684587,-14.761398919151844,-17.707954592294783,-17.13414899450902,-16.51720690712557,-16.607571029070698,-16.04913127792213,-17.758644446461602,-18.63968376207859,-17.393581902053825,-3.122544578381211,-10.83747425193757,-5.209426155049384,-3.137507126198178,-3.335779932105113,-4.230173211508288,-4.855958184513477,3.7610104807951212,3.5887581650205433,5.331520988266203,5.391232943580532,2.7769315315887524,2.74449316027446,0.713988780921372,-3.647928215355345,0
0.23320611522562407,0.2504093216994419,0.2596048605131508,0.22043377869340836,0.2487236256264455,0.23837844891562981,0.24042792660485954,0.24104827654047523,0.2439935184664162,0.21554017286238544,0.23017679326930587,0.26094547193196743,0.23519044641433806,0.26243061387508826,0.12156120300385351,1.1748436547243954,1.187014439758192,1.1998482396152075,1.1893301383209611,1.184319777393134,1.2254896968707703,1.2048126899242084,1.2397547865958713,1.2203869049544105,1.2336310686126735,1.20950313358935,1.2232261262220165,1.2648083715301282,1.489380124249911,1.4846207931782756,-15.87209140292785,-16.453821463204918,-17.524197883519236,-18.4477605507916,-16.416245244067312,-18.017495683220943,-18.804667641887505,-17.849721386672428,-17.336556328896847,-19.212303962766356,-19.012313615180915,-19.00730102306852,-20.68967096220203,-12.931832010018752,-15.539878864252671,-4.046326314769324,-3.1188755932771857,-2.281884832821176,-2.639027244874824,-3.238089713208781,-0.8694341087780554,-1.3259892518714391,-0.6054058437493623,-0.6961903059293761,-0.4528656998261519,-1.4296313871032873,-0.4995204922421194,2.1498891287133004,12.053867779466746,12.385315678063227,0
0.2556445806090075,0.24340564985049806,0.26186915260292337,0.2526163389109485,0.2590966097888656,0.2391785364059073,0.26251175359472423,0.26572924431109723,0.26888616115688346,0.25267068749803756,0.2670086654999484,0.27908852201773826,0.27841478545420156,0.28015772382545034,0.2764011591177311,1.6743679037492671,1.8395805089393484,1.88162067979562,1.8991393691870644,2.0027803318493085,1.8973290220237136,1.5403246347333608,1.325814385084117,1.2623710340225,1.2748211662956117,1.3063381065616957,1.3529882491956982,1.3526363625168458,1.3735789786301413,1.3676571776473183,-16.97664155536819,-12.70190968412129,-9.147830195007032,-9.335834449186308,-5.8509132649319895,-8.732415057970456,-11.791782778995952,-19.421366292551255,-21.10569909594537,-19.490249194066024,-18.266660842396533,-21.82914547720145,-23.928747329152486,-21.208232588372113,-19.03998377892657,23.70749365877602,25.56472570478724,25.639893910647757,25.27578827175519,27.18009097976149,25.555131368662007,12.960968615615503,4.403918437069947,-3.2137533434944596,-0.4729279677119183,0.706706305108099,7.543582065038839,4.453436243211679,6.493334335771706,6.173733949513993,0
0.28532306288945425,0.17714918337595437,0.25185983322486116,0.30490568990417943,0.27961671955387957,0.25613605792044053,0.24394248261320445,0.2651816155453315,0.23718638520194252,0.2489477201492329,0.250583607824885,0.2618002187373617,0.26229676431132176,0.2203180045401285,0.2521970873707472,1.3746534136823896,1.3893607363962064,1.3737580013585515,1.827957423921843,1.2830504987510034,1.3519359512167588,1.3521085674407636,1.353990516304228,1.3513148696634996,1.315561448994779,1.3236950952881572,1.344848209294845,1.3191201083901236,1.3427716835641157,1.2849729006833563,-9.66534580807695,-14.980584487254646,-14.700689555111609,-20.33889128489639,-16.845131787711267,-18.64506197196897,-18.564062154941354,-17.456628065512717,-19.59560391364846,-15.984982036617964,-18.450038408887167,-18.390984558516095,-17.53439021720527,-20.07567421040372,-12.697943800977981,6.372404555418728,7.592152314636025,7.451716455173846,29.879702575107302,4.620669504301182,7.063079355400391,6.013382489099049,7.02494778251577,6.057382081607183,5.613700536950504,5.208432431012352,5.6893072762693615,4.926616079737447,5.5726796294092065,3.910557265596742,0
0.23262588797055364,0.14365475157545762,0.1565443344216379,0.12939414178613923,0.20941925894454066,0.2414474217859402,0.0976812003386607,0.1241140656477746,0.11968577041825058,0.2833530141733652,0.27601687531344654,0.2491470215692781,0.24518226984952496,0.2727949097927712,0.24543654143810417,1.3361717195206118,1.3543447887588664,1.2853326973971957,1.829373963835919,1.2663730941834928,1.2543441946952423,1.2150610043302597,1.0974090840550832,1.3280419089341924,1.269179418410281,1.2898909769705902,1.1910259145188231,1.2023084806993647,1.2220499521639285,1.2879527059478297,-23.65580891030828,-27.448061207184907,-29.871494137970245,-30.464260162844738,-36.16589535373976,-34.701382161362034,-28.523642864346897,-15.262176598876948,-29.95525401411942,-6.342471334577738,-10.72882908173662,-15.739139136524557,-18.750936706636026,-18.50401035391542,-19.542713647662566,14.772535690535715,6.990602256177848,0.5093212158862475,27.097652221216926,-2.0455320115884055,-0.4730903807307032,-4.2316087909676225,-42.21767778796625,2.4181956143626624,0.9286363476598566,1.2847958304854552,-5.6435818650764915,-2.945859113562078,-2.4791620860463164,1.1953377011461408,0
0.1613606503488369,0.25636797642258663,0.22331298000646232,0.22515491278416333,0.24347682079700095,0.27086773228979755,0.26651534369703417,0.224795328579246,0.26300897679291013,0.26426484085736535,0.25961280558371247,0.2569427488283821,0.25181747593096204,0.25650038897619243,0.25020558672439464,1.2840648215801027,1.2806374872855748,1.322811498229732,1.31114771880026,1.2866887603225672,1.345651544773831,1.3792051959612674,1.4434607748587298,1.374798277515004,1.365646272308296,1.3757944262280322,1.2370869867803387,1.2354244442539002,1.2637510696979959,1.2869056801404073,-18.052591052068976,-19.784254074569134,-17.597261905409255,-15.491200682815958,-19.108607989702364,-18.937823721727142,-15.964599164100093,-18.559503229657224,-16.907786346336735,-16.887863271601503,-14.707010483004296,-17.474566588796023,-18.312004796979153,-16.023273732609084,-19.100587097198883,-2.1144447099019565,0.45703940914171803,5.294354225371122,4.37063573409486,3.8055972658010844,5.975165874305536,7.395815023693572,7.96533789580667,5.973225601329416,6.188971595154761,5.832210695228145,-1.848904586962069,-2.473919085858694,0.034082640985465464,0.6622999866613312,0
0.25042292210169953,0.22846078125209224,0.1677507876092178,0.2827112443567612,0.1891699724428442,0.2293572087307164,0.22897937097038296,0.2597184212984147,0.2021102916356595,0.26317364930183795,0.18952474015595977,0.21735086641243,0.291846833871114,0.21069053291083067,0.26123322702053,1.2871890021154575,1.3801709653699272,1.3096223353411294,1.3218270887752845,1.2973876955773933,1.3255606111860463,1.323023836733818,1.293729901468432,1.3530117835431508,1.286716861601931,1.3251616142627614,1.3089979452777816,1.280136851474376,1.3835593333128098,1.3015941441140104,-16.237111551561384,-20.683502951266007,-18.312800657400118,-15.040251192504371,-17.745637213555938,-17.483233897714314,-20.28772082355124,-18.865077600085897,-21.266078033612416,-18.891897188259378,-20.90586081437843,-18.681681826071696,-20.388688578659185,-20.57653094672844,-15.859983965301836,1.5983071378962843,5.324031817727951,2.4775405184054384,2.177181696146928,2.903780918329494,3.0489660444359967,5.113379733517604,1.578769315746408,7.6294889849034035,2.5743039016826446,3.5048342058379496,3.10246863945031,0.3688565685116129,5.99708846500946,4.952582395541512,0
0.25638972549118494,0.24238905071410718,0.22526492825846933,0.20954913258770852,0.22639487958627516,0.25278386803880337,0.24266363826828852,0.2406705158911433,0.2832334783011853,0.24905971122992276,0.24808475667497154,0.24971384873446517,0.2258277095890348,0.2443851986435317,0.264571808716216,1.310178044266566,1.3544007114173122,1.359700748525276,1.3445892059832059,1.63525783744673,1.6205051009446056,1.6171924385536791,1.5961930683172543,1.3695889534728005,1.8021983380945368,1.7528293289074122,1.6635001632317798,1.3209964350185983,1.3783088364200917,1.379193362965148,-17.62245626293395,-20.764588511681154,-21.05792732962709,-16.64193980433356,-15.963283046010304,-16.851768138516974,-17.803678526576647,-18.306803386722265,-14.611701545057997,-16.166811674216092,-16.80687486443736,-16.63503142469264,-15.729999471770782,-13.438383139711675,-11.849919069359487,3.3573045408595155,4.61328560850362,6.458220817872937,4.153985846685094,18.580755413742487,17.628131075333368,16.357212033799506,16.475798416330026,5.881591684976455,22.179542954884713,21.7004509085091,19.301401151157858,3.3000872413775224,5.454282419157999,5.321437175857846,0
0.2697467201661692,0.19606887791668942,0.21147007019067288,0.2687524635179227,0.21707387450068333,0.2550974347863939,0.20344511172067592,0.23460595504612236,0.27381805903139345,0.24705412486473843,0.23975402896992654,0.21249647247537462,0.2789604154680927,0.21592681003968267,0.26118580794699264,1.3096645827922055,1.3430517762839687,1.3533508150992186,1.3508800723789505,1.3044240871693404,1.3262396900578293,1.320876050308076,1.3441342070104605,1.3481364056244483,1.4133886000975588,1.3846701500367102,1.455627475516732,1.400622961940919,1.395622692175762,1.397929114270133,-12.547620195087006,-17.980164143192724,-17.916450259828792,-15.52496510715548,-15.851548343336816,-16.251758339079885,-16.842584073120918,-16.192366601623746,-14.394166367275858,-17.10653150002196,-12.92020087793884,-17.785638642650355,-14.09322552068221,-16.414963540074012,-15.637241356024788,2.81269697496634,3.5085374739559074,4.324053773240178,5.089139192801515,3.973043525823499,3.3478609369667605,3.61641364083362,3.6685322849065702,3.8843844043321956,7.260141250549176,4.959991884202527,7.109274769333474,5.6647192796160875,6.35136890942687,5.736545629987822,0
0.273584869022504,0.23787670569468483,0.25090524638099254,0.2583001230670503,0.270314380102498,0.259938405654566,0.27670575247605933,0.29632377871788423,0.2582073717475978,0.2635501670213837,0.26887218200289265,0.26308354941607937,0.24551869169771195,0.23467417903668597,0.2983348904698217,1.3807429691956277,1.3310862559643883,1.3206837517758205,1.3466120528624936,1.395198305225568,1.393263208078667,1.3800950028639511,1.4181116408299035,1.6892137845155115,1.756840860422623,1.7524738507857904,1.7273101229532297,1.6811812032731452,1.3434523933204683,1.3359546397490822,-14.125396601052756,-16.076807084427315,-11.995788692516157,-14.532331475118923,-14.343313573102904,-14.476086311021817,-13.648658627340183,-5.427362799524047,-14.753230918621966,-12.67326486272708,-13.05547448145174,-15.316637813845915,-13.7057060549742,-15.209712041934807,-13.331080889071615,4.117222684567638,2.410700995756619,2.4240143914047807,3.445530317087619,7.180367020663206,6.022987010602779,4.97154027591182,4.758196966304086,19.043373238154153,20.861472494211807,21.400976161677168,20.816299958843377,16.55879752150451,4.177755785706875,3.453389645815586,0
0.26785347483247063,0.21023524146033445,0.23146919694684276,0.2151742119085655,0.25255292270233265,0.27732224884841916,0.1501920717795556,0.22312392866709158,0.29251393831250017,0.22368951807418952,0.19786240387000054,0.2214987517381599,0.1842372937252102,0.2626420892971935,0.24936273999389447,1.3364304097255801,1.3719391042332618,1.3507840215531475,1.362183490320123,1.7618133872602215,1.907616220171672,1.707416151730462,1.378008295484682,1.3845273442052006,1.3896077749101703,1.2670395256904272,1.3943075649939127,1.417944594238663,1.383369715528912,1.350595834682732,-13.587002089280361,-16.219263809443362,-14.529460486035845,-15.645638468882453,-12.956605868865438,-12.380891438278184,-12.64189297492345,-14.82355177169427,-12.654550168851586,-15.765435410147717,-15.328227768532315,-18.35398480607094,-16.422772460553887,-13.98891573339722,-13.482986164468599,3.6539135908116087,4.134426021678937,3.8461404996317645,5.204212477324978,21.662224271284437,23.949470136292707,18.862739557754228,4.9335492858713055,5.709203731239966,5.86797808624636,0.48124277677889654,6.089720539047757,7.060173176355334,5.961641361676899,3.1197774527543674,0
0.2084265077418731,0.2579305231793252,0.25309977356693003,0.25019931703377074,0.2687994207461323,0.269160552787332,0.2707383309524234,0.2731373306804511,0.27609737922920363,0.2699918334585959,0.19639241160122406,0.2626708368057755,0.24910773922547208,0.2700630184719094,0.261205606591848,1.3873892316172025,1.2654453252839333,1.3805110673984806,1.346149001657424,1.3226774232690577,1.3540773437821803,1.3033241576714147,1.3144449669714786,1.3334552858997495,1.3150460299133102,1.338215561407421,1.334439659804586,1.1992899981467546,1.3200465061008988,1.403368908464793,-17.86809220996065,-15.360016997065543,-16.352068074036282,-19.288344498285937,-21.01361868725334,-17.296646763635152,-16.49312635509287,-19.216424170108553,-18.72299585889968,-18.512186308181953,-18.662995268564316,-20.40605061289037,-23.88674537363798,-23.258407952594126,-20.82564993034984,5.793451447611372,-4.103818381767945,4.2725302049888505,3.363804368926199,3.004002079654895,4.6162463073489075,1.6315424922527932,1.6042041184741458,2.6179063818520625,2.201393420572572,3.936247813335291,3.429736092710216,-1.1054167635014274,4.461010987298314,8.053137049841103,0
0.24659584062605855,0.2790774165391292,0.2612056581252362,0.2676912297885029,0.24841833214872314,0.26529071229239276,0.2782570991010256,0.25774613375832905,0.2511429976751314,0.24411653052761068,0.21933608505311858,0.2284538055190984,0.2233145059996507,0.23534941601418216,0.27535968991831283,1.3424780642898155,1.3448370171742827,1.3710654781752598,1.3487410058164762,1.327920291307481,1.3365032187876789,1.3320037140372674,1.640357718489213,1.6638156677125053,1.3523319603919732,1.3267201509038384,1.3358782308448969,1.334476599516772,1.8239830421189567,1.3660273755475316,-20.34246792427848,-18.518641664509943,-19.607583165496607,-19.827252470657868,-19.39909569475762,-15.429682959831553,-12.870522634250563,-13.739972606052191,-13.157334736510165,-16.796118319287018,-17.19827055976245,-16.185576558407007,-15.038169812484796,-15.110756898454952,-15.652291328289152,4.557601059756374,5.713283397622812,5.968745448663745,5.567714893887317,4.702252913188984,2.588635409612519,2.576114475882012,16.572002244350244,17.272125815200916,4.419716187676934,1.661006458372967,2.8364468605074964,4.102379240458889,20.565714658032178,4.771929307894162,0
0.22126287221816582,0.2921049423348474,0.25956165361145633,0.29606318799338904,0.25315536380204084,0.2532348415941733,0.261223849089352,0.2531892871826695,0.2689186531092627,0.29502236220816674,0.20855473419371215,0.26490268476921874,0.20740044645716713,0.2489625795206479,0.2808924819815076,1.317192310835949,1.4025695461119556,1.3971760550887173,1.335006745788335,1.363618677706399,1.3611624540203386,1.37389961069499,1.36757855516636,1.3624130947697768,1.3240776752382597,1.4165165094038263,1.6948793573670768,1.7294017666109784,1.732061862915725,1.4828459254956985,-14.892221699037407,-8.705067188254702,-17.77843581654861,-25.17418267337419,-23.23165703509426,-18.94439252674519,-18.26060564667236,-20.75461588676501,-18.44759020354843,-18.101976228448848,-22.933778631783667,-16.981021956280188,-16.925509302839544,-17.333262104087197,-13.772848560759684,3.7169047488701543,7.101891001629964,7.885948954341549,5.342752393155578,7.154487997970632,5.336743897105893,6.848150884417517,5.698290819961996,5.018625014104167,3.5566308691960336,11.717525341426857,22.263075170194494,24.141925594739533,24.485346690988823,12.552055424831646,0
0.2713033862617906,0.199435852332712,0.27192004501026534,0.26886700928132445,0.18608756392227116,0.16300043092996672,0.2662990597577034,0.29903450777448265,0.19638277277824606,0.29798366915691576,0.2691102920059839,0.243574237134331,0.2501892512769158,0.2473042638893359,0.25830508906235944,1.3576103101604662,1.4594578909132403,1.379154190258776,1.3885729410790761,1.355077206167999,1.3358432470668602,1.3726660623575824,1.9545130971177491,1.533809728321549,1.883280518433254,1.6413804958905298,1.4897530776690167,1.4378539131883576,1.4894972323790217,1.5088372960154641,-16.730242308991848,-20.18323901813835,-16.080601239562014,-16.706407740574093,-18.53685565856378,-21.50769066625574,-17.495581300314228,-17.326570614165774,-21.385756948390224,-21.73130700135752,-26.070974440289888,-24.271242707119598,-21.00440877819699,-20.97445801640049,-19.409939033260997,5.724579732614421,6.590369060513463,5.04377011460437,5.3392737613682115,4.6576013488758115,2.6101397039139242,4.9846508947871335,31.63690112080495,12.623132510048752,32.257338794378676,20.599212663514795,11.478815262041827,8.539629452818382,10.440304592696426,11.869989484534075,0
0.2976965524610758,0.24290919992104143,0.2487022724107043,0.24799501844069244,0.23812815369191126,0.24689867466004578,0.23308628388560215,0.2863286965651531,0.2744597441505283,0.24883866349993694,0.25199091344068414,0.23260849707946055,0.24175511730383345,0.2669153031829324,0.27704457919465947,1.7291966339296998,1.860482637473877,1.7793368182720017,1.8333737139156558,1.8167850199355668,1.906795591759183,1.9578082055354449,2.2564113416714306,1.4864151680918354,1.4808679143555432,1.5199933473703293,1.4779362390867403,1.4871509523447406,1.511796545039287,1.511732032434196,-13.75184985703575,-14.339509458614998,-15.387328122023519,-14.075018980540108,-13.738059145863303,-12.032370711709461,-13.45556417764675,-12.412246358538027,-9.955480384152906,-9.781450323911002,-8.43317541649705,-10.356999473493147,-12.854939210340717,-12.927078135412444,-4.2031050702039465,23.99304280384894,24.724527493714355,24.274942646479154,25.13245014443478,25.016133676412817,26.068620749108145,26.880449626220695,26.249384337982004,7.660607549168818,8.778664284475196,8.622338051238648,8.247277787307024,8.51528700116436,8.653535986226853,8.997341183217591,0
0.2518149565625689,0.2576813274831358,0.23304988742414628,0.2353993344861988,0.24043206961884916,0.23170368749191103,0.23044973958454606,0.22823142351542555,0.22415452165897687,0.22927148947045567,0.2041434997749778,0.18593484506735958,0.23798152169278095,0.21372001988623146,0.22885488026554032,1.3287999448560108,1.3294145012543492,1.3383795673152954,1.354376186953567,1.3463253297614113,1.3398874633873539,1.3367527052312937,1.3417856025267871,1.3440170144178196,1.3475256558975717,1.3394085008224146,1.3530204208474121,1.3249491931063777,1.3403137838483699,1.340353990730431,-5.741408317197795,-2.9111138896427917,-3.048121780324209,-2.179278969186612,-2.4421226384969827,-2.8038426720989094,-3.3406877516694635,-5.588705921160994,-4.4111333147664595,-5.326589383198382,-6.470610517190494,-7.019435691591838,-4.790361318618864,-4.710868743894025,-4.341734350645559,0.11545193709651572,-0.2257500040469488,0.7860555637931338,0.6141019633859734,0.3368799953685864,0.9159157649806707,0.1938597611541084,0.5731757346182316,0.559868054612128,0.8746562880916963,0.27496042506456936,0.6571184880457165,0.2721911177783324,0.11458919034344331,0.43307673430615407,0
0.2807013848254717,0.29057025593480723,0.27970652873688806,0.27865379918265737,0.28178727022962946,0.2775414855421958,0.2890959884478323,0.288058697554611,0.2973575827013376,0.16714929119477268,0.22851169343100855,0.2492747481510688,0.25029656220002716,0.21940136115623934,0.23454183825679942,1.3257259663308074,1.333963747767591,1.33067413973195,1.3198709941671052,1.3231313139738479,1.3280509983294435,1.318698601649821,1.321410359559531,1.3079472689381695,1.316531833804733,1.348150650711103,1.3297391038933268,1.3354825522595288,1.3375767568572974,1.3677173346613039,3.890934180165658,3.5291767709322244,3.7733720990651705,1.9426244573964766,2.1514864273147225,2.5546236489916225,2.319222339318685,2.4874852802818452,2.168064091352676,-1.1821802092190978,-1.0291866858185585,-0.9331753399257252,-0.797176449264839,-1.0206165325158167,-0.2977072239224583,-0.4087529019570562,-0.22778711953372788,-0.36057787120926127,-0.6987371937272551,-0.2652810846440915,-0.6219188768788447,-0.27471514527740337,-0.4991406783369028,-0.37914893732596316,0.018949245992007226,-0.05713659157044352,0.11225298552991433,0.2596163950768179,0.2916457873729459,-0.13061880757502237,0
0.23763932477892513,0.25274068392908267,0.23811554741153984,0.23553140918942794,0.22756364051614758,0.22937664712417344,0.20465022283960677,0.20874649667299278,0.1993801506435906,0.2122071109947899,0.21908397003910235,0.24563627373623725,0.21478987375331468,0.24433380318303816,0.23828782751607383,1.3703612670657,1.3636992692091754,1.3869593179259496,1.379461086262747,1.3744877248292955,1.3918109270295433,1.3731955668257654,1.4037487235902943,1.341133195861799,1.3727412870717868,1.3675054065625218,1.3551912966788158,1.3440223307093844,1.341534036035994,1.3890589853771271,10.018195192217007,11.67619714584555,10.79717231982545,9.44550038496925,6.897985717085703,2.8165835420021494,2.8249979454648724,-0.38261988550740966,-3.475537304739106,-2.2819068365252804,-1.223627230811445,-0.024124423715448984,-0.644863244962977,0.30191768024292287,-0.6947501277482502,0.595755562039012,1.0688382346269345,1.466035201051654,1.5021712473236775,1.6875860204621078,1.0184808897679944,1.3007663530935305,1.8159369897513944,0.8952214537732971,0.8660244180744597,1.1432678664024951,0.24270581943694167,0.29802488061698396,-0.20555441563494573,0.679685430645671,0
0.2563583283490173,0.23344400329803033,0.14684297162362875,0.23839248715094838,0.24432604722517148,0.2443180820855923,0.23711492081248853,0.24085157242319466,0.2397122351604173,0.250327648990432,0.24184336798551997,0.2467826769810758,0.2407653473061049,0.24308713584441755,0.24418353299767445,1.3763790728467853,1.3691412501219073,1.342298311688494,1.3677976336111832,1.3557169483642209,1.3538122948454863,1.358906994195891,1.3500863817111726,1.362972905287846,1.3501065278004105,1.3495414402222174,1.3520740496935593,1.3633439303087433,1.3429287577783908,1.3563234188963205,-3.729755302979328,-2.205687005290571,-3.4009495184016316,-2.464984004338959,-2.892866997512755,-1.6297421008214599,-2.199587304707393,-2.3921852049016366,-2.7496963123170985,-0.7088291015934374,-1.3665482497671064,-1.4036293103468438,-1.8982109544402306,-2.5936071433292227,-1.2170323140133235,0.8422956833279759,0.8013968789707814,0.4309629171127623,0.7151247591979074,0.7787892270734207,0.6403472437281011,0.7105999349596646,0.5551644989074225,0.5847864076925298,0.3519307854686235,0.3482430998006376,0.7228667797830668,0.7947689717644788,0.15401755623362273,0.4398608333437134,0
0.2420953167069438,0.24901655250949933,0.2646836728361879,0.22955848160256345,0.24425005727972693,0.23963883065442637,0.2561832693703928,0.253913773452618,0.2549709267037054,0.2588174105152672,0.2658491119115731,0.25507576765763246,0.25262734738637915,0.2563397406414696,0.20782337940886872,1.3459947143121622,1.3614172752861458,1.357277232312349,1.3657539419820843,1.3646536447362794,1.358660483677351,1.356797904446699,1.3447042829789648,1.3491404667523936,1.3645212962937063,1.3569694315408816,1.3521093052294277,1.360013464352904,1.3635459470061024,1.3623616823552824,-1.4593736879744483,-1.0181975893658546,-0.3906677269837928,-3.141304687597767,-2.4485050538162056,-1.8870009188828192,-1.5837395491526252,-0.5869067990986707,-0.8260593670149206,-0.7408551655207702,-1.3006457561870661,-1.7952562511026997,-1.8027673333408245,-1.6328427288,-0.36183750195675657,0.3868755981082243,0.3896175354986493,0.41342826039399105,0.8894205184982468,0.6301369441290842,0.6801941109693623,0.621721601962226,0.47979008263704115,0.6545767542204097,0.4777666917519269,0.4874794939014256,0.7323336112681557,0.5069296752310264,1.0344758330618737,1.2843111764141104,0
0.20541433110805488,0.23347916110809705,0.2407401792215933,0.2381036744912411,0.23370409449420793,0.24986765034093192,0.24364618221851686,0.24225501072613592,0.22415511985821424,0.24558306104132782,0.2564850979371758,0.27329921633899845,0.29725834957231345,0.2800435793291177,0.28160442503277927,1.361699865432704,1.3719217936917025,1.3820762599484309,1.3601894519606623,1.3779912285107405,1.3712336039268243,1.3960296158467147,1.398242802019815,1.3874839396182344,1.3802282545220015,1.3640848522990305,1.4122912655955069,1.3913877668581016,1.4086478176662616,1.4091734400555234,-0.3222523950153686,-0.717131177325598,-0.8786877887344247,-0.5397475023623031,7.684226108477503,17.31974618981755,8.546500635288396,5.9244061690742456,2.7594705685231418,3.521650495021305,6.182468654768911,22.229472565770294,27.79714035525791,22.52142150592053,20.589091990910816,0.9924108715011621,1.0582300838986338,1.14788189638597,0.5420505611158034,0.9752508748647016,-0.3063842233069515,1.4108579830243384,1.323250133221959,1.2701590174379456,1.4849945452525573,0.8625991841112828,1.7567080745910435,1.3725513705815025,1.64211919927036,1.5907033108212387,0
0.2404512412538011,0.21283678511499332,0.21381207604192037,0.2505187049612244,0.24597427323291549,0.2739546358455031,0.21992162661627904,0.25393236191193097,0.1998115677072472,0.22172346606749951,0.2268871970353447,0.2255337524185882,0.15853257818469962,0.2217011771803976,0.2030973283309363,1.3263531482584385,1.3334487709344642,1.3505336900816516,1.358076742990487,1.3527004947965662,1.3595166695401857,1.3853822469765902,1.3793263808322753,1.3830485549977014,1.3517432811136996,1.3584870208147097,1.373685913768181,1.3791071941263424,1.3797366640711832,1.3797099809195488,-8.45373627712371,-6.55217473237451,-5.5666607224617906,14.112831603358757,10.603230097710053,8.53743991027497,3.893769246649356,1.8320508710111199,-2.1381025570907184,-1.1920995572944264,-0.29600616257135925,-0.4571301955526508,-2.9558859761818894,-2.1638141152959633,-1.3226139032032904,1.1107635071716129,-0.04846065404865357,0.36988783856943436,0.5755299686778297,0.09857423368453118,1.339618848989049,0.7079558524479678,0.19590375596825854,1.3667939347959674,0.7539052171022671,0.0010272834273152495,0.46194222373054566,1.0843757427138587,0.1138853636620557,0.6129743371823452,0
0.1865224803549765,0.2737571238574187,0.27108186577820903,0.2631766827489015,0.24033660119585115,0.1647557671155711,0.21559336900035658,0.24586916314783563,0.24224449845800278,0.2031280054606534,0.21606854612524995,0.21367719541632035,0.22761845085989857,0.2263585393199256,0.23726707279783982,1.1588836260140147,1.5394874658575608,1.2377802924978185,1.3899545004353295,1.319852456261008,1.3161718473802724,1.3383358162221115,1.3302787007619319,1.339004997378871,1.3598252246363554,1.3566074832476953,1.3519569863317018,1.3648854720954946,1.3543554019331299,1.3737950874221918,25.449867717626233,29.063162417936127,14.570829102579864,3.6936857905440945,1.1645604563940708,-6.442320300998119,-0.7909944732394649,-0.6195346545938492,-4.209664615195578,-1.5713359270705496,-2.0418448380965515,-3.135736915944733,-1.8462586093610582,-0.6030295631051956,-2.009107270438051,-12.181239238735952,3.1741408023193114,-3.002100491981794,0.5547763728358048,-0.42318821455324457,-0.5797386590140526,-0.4577424121946196,-0.1363597709405025,0.47426058345438854,0.33564731663786906,0.13768991531436592,0.36281413835482373,0.11263185023175387,-0.21768067016273931,0.021158156109538865,0
0.24204141921305206,0.23845680115129472,0.2515098075511734,0.26304137474135325,0.2606261753036541,0.23236100434235588,0.14948641041219146,0.2620919804841118,0.24537579745276877,0.1646030810650408,0.24527272733468625,0.24552237940247176,0.24764249177312453,0.24441280417816508,0.24540335743091773,1.3336008959917574,1.324980163984458,1.328594613958757,1.3265127289529057,1.3349611407814619,1.3351859866611449,1.3336252401292619,1.3334790365662879,1.3367693759845902,1.3414425539894699,1.338454530855164,1.3374976645998722,1.3174813196775683,1.3365132145411538,1.3542492398065187,2.8164513421252195,-3.603302637457375,1.1478557026959209,-0.623729340728687,-3.1331136260572237,-0.8853230534705006,-1.530429725572077,-3.156630171984233,-3.630455967367851,-3.476130534598383,-2.120577533743301,-2.3647233580771854,-3.766423897193391,-3.8365581766958314,-5.151539958224845,-0.3272051596575897,-0.452258781643569,-0.6327272286308626,-0.8306867819003886,-0.2752200777832254,-0.3604364058768146,-0.6206779471957524,-0.6856742136639614,-0.4626995088732464,-0.10948080203172497,-0.3420707520697139,-0.35633098100648314,-0.4440383120514174,-0.5642180764958136,-0.28271106054942235,0
0.2296682196219505,0.20106901656045836,0.22026267677000344,0.2364726790459579,0.2063001885882923,0.2456714782311069,0.24913917449197565,0.2516937545502883,0.20505481666905673,0.2006361468208181,0.2448557699447833,0.23199139283694525,0.2494161845812875,0.28851260194678424,0.26615295770988956,1.336923309066724,1.3376309797944252,1.360900457414616,1.323357159343809,1.3427407678495034,1.3375307894068884,1.3419686535840907,1.3335408539483253,1.3316763382644745,1.3722336720845683,1.3465659076190581,1.3822592830676772,1.3566577623089748,1.4141083148967812,1.4239066833516878,-5.660405475665669,-8.597442718510592,-7.748533026601308,-4.723529631614866,3.703000563384677,1.2680945573926294,-0.5044203501474271,-5.590653146871887,-7.006486067749677,-6.484762243921381,-7.460210915368293,-6.8069152670431095,-5.748742884077473,26.681575429112968,20.692767801057755,-0.8616795049485793,0.48658452871466296,-0.26830307620066984,-1.116117611059894,-0.9247966026816294,-0.5370006029172387,-0.6021486980946384,0.5417886172662897,-0.26556942241784726,0.7798880003284373,0.6721196903796997,-0.0802126842104303,0.6013976234407963,0.5812771723865363,1.3268046147063195,0
0.27682475672072504,0.24250496828202633,0.23521696437927092,0.2491729653055512,0.25826072333562666,0.26394535967802357,0.22834591732350973,0.24445422963939423,0.24674035787721538,0.2216874349458207,0.20417194145659015,0.24111304972734465,0.20590028892937012,0.23525443241018199,0.23533129593468968,1.4043541477930181,1.41537527735159,1.3721952200544651,1.3690496236978416,1.3695595467049964,1.3700340873755628,1.3612144261375843,1.3796664144718411,1.3850297001611747,1.3984911925115764,1.391386184810133,1.3766385612574916,1.395394484072499,1.3822926292932574,1.3206400387922974,2.6639601882907584,0.8448594904175479,0.18704586131585188,1.3425807365509854,0.47270811808633084,-0.6116810327403073,0.13603188409524591,1.5278422099245574,1.0617458275495437,-1.3403058036703897,-2.7729412215308855,-0.5793181073583469,-2.327615039825929,-3.0298697053162016,-0.678247776257848,1.6601756441134108,1.6172721937454568,0.6162972564658483,0.6319038342915264,0.9502255260443927,0.38502254127620683,0.28162787417249097,1.149238488751291,0.7758481399354666,1.1174133573355987,0.8979772390910676,0.7970421171764416,1.0929131490315906,0.6990156390561745,-0.8614807856480272,0
0.22485361192235437,0.2352792565385438,0.226673846899508,0.28966269464112937,0.17483780577917482,0.2580895139959356,0.276875182708456,0.19455410337292742,0.27994226355885155,0.27229380891272226,0.2847006042562017,0.25930553583970056,0.2769084059973447,0.24923879135155957,0.27824304203327976,1.334511182742896,1.342428433338351,1.3499679198687897,1.3085980156701698,1.3396110294818406,1.3320633768612775,1.338277389438143,1.3342780002946195,1.334955718867249,1.3392490533408499,1.3365978608434246,1.3393344335457271,1.3340688937797744,1.3211664739632378,1.3343011242382206,-3.3330325059696975,-3.9328514465352384,-2.9856216749477653,27.392913765918564,22.343466941320486,17.972458444864884,16.848800427472185,13.69034736552058,13.134863150857825,11.091147023423275,9.705661154385865,9.306774656095968,8.10147119067301,7.488671256364825,7.95394953216001,-0.2252915319470736,-0.44295890918969744,0.07550641158051001,-1.4947198103460284,-1.0024551842314806,-0.043536639539676555,-0.564539337384586,-0.48362012358479783,-0.21643715004089087,-0.3647295913202561,-0.629181223936944,-0.4435014206271332,-0.6486582281089925,-0.6069576980904132,-0.27312785195021744,0
0.24560529660790387,0.2574787263647661,0.25866375094021804,0.2513924515068893,0.2397221689139282,0.24331552181190852,0.2501802430750517,0.23242317657397854,0.23841534770694617,0.2491037833832908,0.245646169104875,0.23438779836453588,0.2526907943733791,0.24422941692266992,0.251776082337536,1.3498210459310946,1.3479448156734326,1.3703608292510483,1.380073935658286,1.3757496660430093,1.3759732132710778,1.363860263674635,1.367991487562782,1.3471292967824886,1.373874222884576,1.3610134649831143,1.3701176157413852,1.3631775625553673,1.3668095775443887,1.3616624947920006,-1.4060544001145558,-3.176689391367347,-2.719341271821804,-2.3265667789135023,-2.2440432440323264,-4.032792830781915,-2.6833258318780224,-0.510439454529859,-0.5471526651440968,-3.4275118023632842,-2.2799686039329856,-2.6610026183790296,-1.526517893415928,-3.4926218231741473,-2.6973171942169074,1.8357127063446124,1.9322170556218747,1.8942581566207717,2.406560385368476,2.487629670294018,2.083459596367867,1.9425770510201037,2.3251697827792484,1.7768186182769938,1.2713927713433413,1.812857378590821,1.8355137405582458,1.928090217922998,1.6213440920946804,1.7028017174262187,0
0.24018493591955134,0.2783655281949202,0.28159052730625334,0.18300818580296052,0.23722940415517907,0.2911251057963586,0.27789298594746065,0.24800271214238226,0.2694874451516439,0.2899068640314062,0.28392437097451556,0.28480418308180144,0.2759910793168021,0.24062458780597368,0.268251428464482,1.3852882419135766,1.4212107409222325,1.4052635732997498,1.38452071002454,1.3762552696835453,1.4019878575889484,1.4139263856841868,1.3834209117940026,1.3736570479332877,1.397978105825799,1.4021727031931501,1.3964428984301314,1.4040864875290233,1.3963911721636375,1.3904134953273048,13.139839409302738,10.521040233887135,9.811115799765645,7.320213650261252,-2.667134663430005,23.134799972866688,19.48138364694904,13.486576154316396,12.055468388291501,12.75635454412523,11.165707234118827,10.204763045387466,10.159509357412276,8.160414756493537,7.438905075949776,2.0173486696703455,3.0952977851752257,3.462890717522239,2.5448559421958024,1.8985510722758043,0.8877195080807908,1.5309636739370773,0.8287717503246838,0.9282701201429467,1.1528748328389442,1.5803547386301326,1.5080568794667608,1.4114538156212066,1.409427279147485,1.1311666524953161,0
0.2580861712411695,0.260226330067042,0.25708445154262116,0.2571968351659716,0.2683870488703506,0.2615767405254119,0.1648278721329506,0.26400096178798715,0.24577684873244404,0.25593665935675886,0.2685539516460129,0.3018427121174209,0.2832232295063354,0.2597937175459256,0.25994965780839546,1.386730022876997,1.3761362065595877,1.3837013809345933,1.3731995237474084,1.3709833229141262,1.373908065817361,1.3797874260126266,1.3676725571699666,1.3677890835192819,1.3794009555021127,1.373908065817361,1.329267451155081,1.3875928881545878,1.371141691234207,1.4421011208532382,5.689727980891291,6.5932739749704865,6.438068653866765,5.951189448459701,6.393571370169184,5.736848084411122,4.207041658147972,5.177101427971422,5.0392546960574975,4.865378208139987,5.566576019580737,26.31794274566016,21.46953095996895,18.52371026760727,5.875417536894531,0.8322713177600974,0.6574340835499194,0.9357768173014289,0.6553726141800079,0.7664716879399912,0.8353892866023315,1.6420696802227683,0.3168450478151219,0.24401342930680825,1.0407021182172203,0.7701815505380132,-1.2218655223876294,1.396307609260763,0.7498458738259269,2.4145231184123648,0
0.22719997922538943,0.23397653256423076,0.24909262813755517,0.17822356619547294,0.23238724116089787,0.22440704440034936,0.16517377228505034,0.233452091081808,0.2140408942935031,0.21849684033772956,0.21883219541903054,0.23197749299147308,0.2637351171619561,0.24110338563754535,0.23559575376651198,1.41394533308101,1.4112388913793712,1.393936884726369,1.408527618784048,1.3931342649980505,1.3738361892367843,1.4004569805758846,1.3852736156077023,1.3774496304926194,1.381081918502256,1.3836799099940047,1.3768048370789687,1.3632260397484162,1.3614915147851316,1.401015111655795,14.992216590645029,9.37200079682961,6.351535384526784,5.907774498864825,5.615067541005374,4.811396572596237,3.1487007277563066,4.087945760617913,3.6260354093075193,4.155926627482529,4.461079472520879,3.0162705039618345,3.3551009804809837,1.9975458329963374,-1.4883892838898873,1.4595624804789475,1.0492253800566655,1.1935966686505053,2.362987198845172,1.3908364756625176,1.2408085633922228,1.5554252079409712,1.1147230556542544,1.135516448314245,0.9925100412664449,1.4321659631911723,0.8052528746444199,0.39483145790866775,0.6151006324514218,0.6327540159649304,0
0.26828271880723764,0.2500633894183401,0.28146032335557924,0.30638962978670814,0.27578165764103535,0.2702361971811712,0.2592368857859965,0.2594484027418325,0.22383668723726535,0.2833096574038726,0.2249802608161517,0.23381378142034018,0.28971458935597305,0.18794875264052407,0.2569875464690945,1.3915940793864368,1.3910663242196335,1.3937312544353806,1.4103827077112352,1.3882865358166094,1.379685465495089,1.3735441517764602,1.3506174478184665,1.3543108760100901,1.386671378391194,1.384260143895518,1.3791073391719935,1.3732922336228677,1.3946413926242893,1.3678787866675524,20.513135218200148,16.943141233053694,16.13397836352175,14.437310874579111,12.285967243544405,9.518908126295429,8.087626969676222,-2.7539135611866925,-2.3934640999296164,19.27135364094096,16.89149574678035,13.085780471718948,31.149386793623506,23.180229190286042,19.993531525635177,0.6696313760478448,1.166332705344263,0.9652584329481863,1.2342450963632785,1.4220454342562068,0.8754973456753362,0.6648796658261636,0.7658853726942016,0.8847781796931581,0.9374567077057727,0.7092275010692676,0.7411372070545229,0.8671769094728194,1.4606957654645056,0.5392002716344706,0
0.055724603997912396,0.18468859149941735,0.1741589075985336,0.2207928916213739,0.2006817836545806,0.23115565728692253,0.22383608017214035,0.2121668186857098,0.22994830751022594,0.22652729075103262,0.1942940725547314,0.22514897394129071,0.22433012417304155,0.20316581904417164,0.22489731144882677,1.193526609876179,1.308222462481693,1.34593543263389,1.3587618241829234,1.3582487318355563,1.2782413865652669,1.3195875535801012,1.329858467036693,1.3408380433227345,1.334143825143053,1.3347802986675412,1.3171058919890153,1.3142403798426774,1.3262514427855865,1.3237660407921517,4.676223407466608,-6.294713111947829,-3.4568936935183956,-6.905460399839313,-8.066028905524377,-4.337594074027152,-9.306395411310376,-4.64185136097359,0.649354384565811,-4.567331395302915,-5.941673131293669,-5.999460396645873,-6.656837899213286,-6.1645901599843285,-5.776425431686363,-5.326949936597482,1.0582056783025073,-0.02782745767380136,-0.3689145865571662,-0.7994638906065091,-3.336030958496418,-2.292473724727153,-1.571023431847662,-1.2031227035747425,-0.21944825141108767,-0.7739968484459665,-0.5082078041543023,-0.9146592307143209,-0.8936690044578872,-0.5397470547597069,0
0.23245603761534922,0.26940028458961457,0.26887612198472177,0.31243866457387337,0.2931752084623067,0.26744402552961977,0.26016002088956447,0.2648876146032573,0.2720604553265118,0.2747894680430477,0.2575192895361831,0.2570487382476029,0.25840734824086553,0.27913472652240257,0.23704611093335887,1.3507292645779947,1.3479079310039763,1.3568060829910802,1.3981819546827878,1.4031154353753943,1.4194407593356109,1.3770452729713911,1.3885704454501606,1.397206451954669,1.3858659752489104,1.3838079321883092,1.3848969429828428,1.370235698414673,1.3920286231228651,1.3156859749643317,11.802948170442932,10.457344796233997,9.601877391428388,24.250550733716324,26.312161127398213,23.39591885131796,19.951513946658224,18.15135444692595,17.21765029520739,15.596462628949809,13.443286081558284,12.241373643499003,13.06539849071413,12.02734068248509,-6.834063542634283,0.320451792076192,0.2736053714874539,0.6587290641168371,1.3631572360501951,2.058520238110587,1.9190825755160863,1.1511409324695145,1.242547702157088,1.2295198779239367,1.42695744160407,1.0658261955826547,1.7572923587573308,1.3370492085693249,1.43969978936832,-0.05040346829938396,0
0.3049245631594479,0.2771365348638619,0.28332034700765985,0.2651012871236371,0.2747419310884336,0.23421662335896465,0.280339278401733,0.28555976798472493,0.2691342283183785,0.27823914710776254,0.2726883963435246,0.27473894367954665,0.268336600586218,0.26252348639932865,0.2647050747869717,1.3823638144117385,1.3721595442245105,1.374605705064838,1.3650398914848436,1.3594747575830328,1.3696587525214474,1.360309260877655,1.3547718363525543,1.3570519128753593,1.3559407548946285,1.3604581478766231,1.3559929988581392,1.3501477237403077,1.3601514896328801,1.3385034477596751,19.664149893466686,15.485993791968554,13.155773065635088,10.793358198868873,9.519565838141261,9.559294142458981,9.511116016889417,9.227908337507301,7.962743252903238,7.5033030292645435,7.450570238851924,6.55189400706692,6.380420159578364,6.270833635867234,6.536725978273296,1.0046857212590974,0.7574245535104341,0.8971604241144857,0.4445317306427579,0.9231185371635064,1.3503619671724503,0.7421056927832377,0.6365209108595778,0.8651154203243125,0.6937205500931355,0.6775600878229523,0.8172354317287867,0.4835060372355113,0.8426008745872554,0.35742922762893,0
0.2479782339350447,0.15852292065852874,0.259342777453297,0.2491432148168287,0.2925941998064403,0.26053912583188255,0.2706543637498521,0.17631415905794118,0.2526294054668433,0.27400593955109653,0.27409837638462475,0.26844288794903204,0.2882576609620553,0.28169768753834706,0.22823608812073973,1.3590206393583868,1.368966070403614,1.3428523846890126,1.3471604302093176,1.3919402271720276,1.3929639398843645,1.3743793090589886,1.3832757380549903,1.3705998760318379,1.3873562324552706,1.3689027644425598,1.367063942085184,1.3535888387960948,1.3421102749752294,1.3598767239431566,4.4499197515894195,4.199413880332145,6.453760037100494,4.782487321055527,21.576254394931624,17.8881446671532,15.396474446964845,10.124888326560352,9.418051599213584,10.120624026218707,8.278305411301687,7.504386882041388,4.226650592699002,6.840821521085843,15.167889075720723,0.6881987966136677,1.465439287343149,0.17777775009331492,0.09750965038334619,0.942260229103391,1.1982044005094457,1.0753746539068891,1.1706306896717875,1.2738565829417532,1.811481778136923,1.0408627292055885,0.7563154248793154,0.4041692988698279,1.07579068779946,-0.16244208600507123,0
0.23515868795030875,0.2749215318966408,0.2723855471441863,0.2714417119957644,0.2692349101959175,0.2758429916534201,0.2824320009884098,0.2769747332517667,0.29062570938066534,0.16809756748979954,0.27472723771842633,0.19900976748464136,0.26259469908523936,0.28070329242648145,0.24912229833928823,1.3802215852364763,1.364572382397264,1.3635170473136469,1.3508130005801016,1.3480774880479223,1.3594345515372919,1.3430442925126973,1.3470898130338749,1.341830377777418,1.3411998080750476,1.3457486329437527,1.3589821163457185,1.343653375344346,1.3413894009517264,1.3498810333544327,19.986370591244338,18.059608043413647,14.69627862725784,13.32270972010619,12.733796445779689,11.722575623615484,11.51603651229479,10.249576785265162,9.678123077603658,6.582412699860697,9.447757293681008,7.686942146081805,8.279019411676273,7.884333250302234,8.11526451853706,0.7865065060569216,0.814663102257673,0.8651200916231386,0.5441906514769942,0.5377173545312872,0.425237975594106,0.021917963806814718,0.2891400991312841,0.15275512609420228,-0.08662170098570925,-0.1092581360620926,0.921113095733587,0.2264223955555048,0.1601586865986557,0.11790524100924377,0
0.2694027999330935,0.28262242647190655,0.27855392093160847,0.2719248958959153,0.27628403066004825,0.16502629487104226,0.25375628283494883,0.26042643753633665,0.2597465678364103,0.25940257785058096,0.27050046252878235,0.27295384440637344,0.2798091751126691,0.26725894283125884,0.15561237695399294,1.3449083411119815,1.3524741877956483,1.3386036258871183,1.351699082835135,1.3446094676875622,1.333157462147752,1.3530926333868702,1.3448005278140527,1.3441826021960632,1.3537935246674286,1.362093299462546,1.3627661975624612,1.365925933370818,1.3644700506465095,1.346321885939953,8.314680057630227,8.013505437618136,7.729474147406734,8.355601002189701,7.44769003298299,5.0642019828299,6.205532590590167,6.543964578565408,7.599238849983095,6.5831807657637285,7.277973586895115,6.720943246300379,7.147383131434168,7.615935349130126,3.212856021552682,-0.03955246272534107,0.4682530072097748,0.16322688000192584,0.12862969718190773,0.04229726072879248,-0.3887853656311208,0.10605931496593764,0.2597652098916778,0.10107505614428226,0.3582498535419235,0.40215039798903846,0.09292911249978256,0.5941142652953807,0.31614359849038876,-0.5403492221332085,0
0.2319170348945237,0.25159536494751994,0.24348666376359523,0.25614457954470404,0.24586225135883072,0.23410752715243244,0.23761879361430216,0.22392730670655459,0.21478167700342005,0.15355854738887237,0.23889146917581255,0.23061836181733553,0.2212352801731648,0.1998673911181259,0.20826148305617592,1.3680280747279365,1.35713624665464,1.3747740074336656,1.3701494974085995,1.3731987695427386,1.365654098718222,1.3564820895473488,1.3832080800347584,1.3787041599647167,1.3878541979701873,1.374981884067891,1.3700599792323525,1.3690184870552216,1.3793796173139419,1.387853507375341,5.074331830170848,4.689320814453623,4.356227172732758,6.522711196078745,4.057507854004456,3.2373548880100884,1.971769099177635,3.4311079616044537,3.1691521411330825,1.787653855719043,1.741669496857014,1.8711088317190558,0.7525477791941739,-2.3949059993917956,0.6105347918393704,0.4547021317395437,0.5243270770228963,0.905842529262282,0.5237759343549779,0.18756648524734826,0.42560138163708167,0.20940401702204534,1.460564099740164,1.1632141377790688,1.2563539577462335,0.6429816857446062,0.6498986598584737,0.6754089968393978,0.8514306872761714,1.0743658597487034,0
0.21379309835031202,0.25016771457623005,0.2389632219585327,0.21768046967087576,0.2794026880988205,0.303927271264631,0.2789975939755949,0.2674202312130684,0.270373239497969,0.2616305822928518,0.18842744708073314,0.24439361239101237,0.22971456858851164,0.2247708794937337,0.21822674323884697,1.374294645372644,1.3489392528712507,1.3616744727400942,1.314008000069691,1.3475211339169122,1.3914320994259453,1.3932583425329492,1.361384200209251,1.3610132465388964,1.3521738498330453,1.3471289837638598,1.3476176060778298,1.341998234300221,1.3318400027501311,1.3382295090532692,2.3557251120465423,1.9927975315518154,-2.0455255333542937,-6.5998475807041075,-5.823207118533475,17.954490404840755,18.27576552090443,12.90024831540893,8.265902593632319,7.077542009508363,4.953569737857009,2.966968770456816,3.7022247070049445,1.9401546117551334,2.8061134913529315,1.1901239488931403,-0.5053322195648922,0.22646176540814816,0.3796109062616313,-1.011236913952229,1.2831785307930408,1.273201293871395,0.32955696309899857,0.46888349835262083,0.16363016730537924,0.4891981773538961,-0.276075967275484,-0.5050148691420673,-0.18578741504988916,-0.3200421371251805,0
0.2248954883406306,0.24094114129162528,0.26177214811822225,0.2235872449059567,0.2212934887712059,0.22127443995332127,0.22353779391839118,0.24332048425996083,0.2327675904139746,0.2363730798076047,0.23963621403675367,0.2445016274814583,0.2341688806105116,0.24448755349235107,0.23734178400050948,1.308478311834881,1.3221888330181113,1.3329089166190518,1.3251153204005348,1.3204356042711443,1.3078768706808392,1.3099668284006165,1.311696951487607,1.327445526455569,1.3117127249085392,1.321730657584497,1.3146607063787712,1.3209850537131045,1.324015258279474,1.3236751845183838,-2.8686728953286433,-0.6529230911473292,2.045752818798775,-0.6433195670605869,-1.5105174184166685,-2.9765867019625603,-3.748854446396564,-3.226438643237117,-3.2530735222080978,-2.938126315667688,-3.3507673633521904,-3.4632402679827123,-4.431060074462607,-2.964835047261488,-3.8297468252671933,-0.43228151660398606,-0.5585283141686997,-0.33365494834840353,-0.6440999037100773,-0.5942954523005981,-0.677689883483099,-0.6512764727473392,-0.8832955657009248,-0.6734656964968426,-0.7026727826648744,-0.8253048990623917,-0.8204312078526639,-0.4690918483850899,-0.6407907254815707,-0.7019859031828324,0
0.21189441187834657,0.24085703603631387,0.2594558777684781,0.27925069424716326,0.2734210622814688,0.25783928325193317,0.24920898827075877,0.2568758966457865,0.2500482242124838,0.251314096436409,0.21443956130671107,0.23151948617562368,0.21547693651312128,0.2407895732834828,0.21454832931399148,1.3109797626963158,1.306805606109917,1.3387782177053775,1.341470454032324,1.3333875406310727,1.3327835173760276,1.3209185787642919,1.3076058250584304,1.3043899860762198,1.3064969206706853,1.3153296832810308,1.2995992915164718,1.3099469467686697,1.3046048786990572,1.3167665849517702,-4.80388580231525,-3.3401140349691616,18.19407222432534,14.681377785506896,11.686055387248786,6.690069616005218,2.3482580685395362,0.9786611445158826,-0.8964283696854238,-0.6267676545508323,-1.7731654188652612,0.5180999682445133,0.30953734431324165,-1.3871472905264284,0.4405431601953751,-0.6736730828577706,-1.0400225514585293,0.13438665548515782,0.3871117486268794,0.1434170479688822,-0.5330720878663622,-0.6932035177498688,-0.8865710330748257,-0.7282701031443348,-0.9185314928116047,-0.7205430564103116,-1.0877149518600298,-0.7599826694348533,-1.3053946265774479,-0.5101924725290524,0
0.19838037851027213,0.21502787988345196,0.24343633974093776,0.23031520789258192,0.23511253023377285,0.2444676960814799,0.21165853563676126,0.2177162419129994,0.1976600105467247,0.23057854805634084,0.21881025533765674,0.22942453734682078,0.2351826901603028,0.2184224964402524,0.2255978329390041,1.3366683829001302,1.3175821553104028,1.3359823403373203,1.331627948094336,1.3209550151630962,1.332882161226757,1.3234724169634473,1.3187541017510733,1.320339955205079,1.3257193249429837,1.3168566490097233,1.3336330523523663,1.328890970756643,1.3176710942739396,1.3229082981590157,-3.372103931854099,-3.748712601068803,-3.179641637015976,-2.5502160513885315,-2.3498150726670985,-5.039377291848751,-3.576480803922209,-4.007534301754561,-4.155723153452016,-2.685289518372855,-3.8442124335316805,-4.155485354228205,-4.763115695588482,-4.644192297080053,-6.262011143719036,-0.43907395473287414,-0.48470496783021516,-0.36570757717696206,-0.3289651281346741,-0.7313675187739821,-0.5809577055430759,-0.3634476367562093,-0.2514918993160041,0.13713566028073412,-0.6963126148003491,-0.700176659542006,-0.43236793435650994,-0.7818747673142714,-0.18868604926420302,0.15451944471006093,0
0.2713286900314147,0.23500378547818984,0.24212621226826897,0.21285356442185396,0.21666620984228158,0.18474645570287068,0.28177294738567693,0.27982635650795395,0.2528972300595677,0.2589988780680854,0.2479395239180483,0.23653874318024282,0.24547877849888916,0.2119098996174144,0.23245137626331974,1.3462392029726393,1.338714746553017,1.3268155241672905,1.3411537025142792,1.3636065860301372,1.355624534644585,1.3659138022342445,1.3655647393854882,1.3544717923902962,1.3623280906258504,1.3497140061106492,1.3383881944057658,1.3329725982869045,1.3363343298636354,1.3438270500584846,-7.200454423409326,-7.275351577452938,-7.154091507769579,-8.350775448993659,2.360434459357606,10.999372979260983,12.118103203001908,10.493091493471837,7.323896495859316,8.376928281445032,6.0964728945745605,5.411527389388567,-0.27478528323865703,-0.710750367615077,-0.1777567439618224,-0.7527676253697544,-0.8769423312940025,-1.1468417285173738,-0.028034844306674293,-0.11119412139906275,-0.1255982752962676,0.4195721095639943,0.6501459015539625,0.43945759349491686,0.3340621700541565,-0.01676234600856692,0.2558899613066258,0.31709740014329124,-0.334173733112412,-0.4320475354634043,0
0.2587240280673534,0.2431236211595146,0.24322268430271798,0.23362603861994868,0.24418523218229,0.24319512267541998,0.24076953083247676,0.24066155959532115,0.24211875616362905,0.25145751345607487,0.24674666179560117,0.25274691253167686,0.2513593065965062,0.24305847552580054,0.2654484165896184,1.3483914867903664,1.3370843928756846,1.3406994479008472,1.3456324530835504,1.3494623012381628,1.3365432973441536,1.3456239267921157,1.337734838960037,1.3549185538295965,1.3442298634180185,1.337734838960037,1.3173794790343027,1.3474194688843675,1.3377847318899356,1.3177330896719521,0.4673193399373474,0.46543948888620434,0.5611139892388906,-0.13634220626283877,-0.4072626586215051,1.5232138895514709,-1.5951756072964258,1.1278831523619601,2.226748302640999,1.5611834568793768,1.7924226623583195,2.0022133853060495,2.4620782057885435,1.733048587776608,1.5837417357817003,0.1463383317711746,0.06550111211349488,-0.14550015377971645,-0.11858954848603936,-0.14457199642937524,0.02436788436806972,-0.13911561792357002,-0.0391474980728885,0.15551196796442396,-0.20597595692904214,-0.12539119164277998,0.026204732609790973,0.18546082668849065,-0.16217313329904248,-0.37897615028778114,0
0.1616556283825382,0.2318045144824529,0.2026338877629716,0.2471046641096611,0.2473175316189341,0.2617784082200095,0.2927505293401711,0.29167320272414365,0.26663395851256194,0.2703591128025645,0.2976292975110169,0.25974501542101114,0.2838344600441892,0.20284290943376118,0.28774963172778245,2.1568716140465334,1.5936313304336522,1.4817655460572943,1.3619058867895524,1.4865293418397765,1.471342984485346,1.5350278136040885,1.5604265100718648,1.567515142940214,1.5850920011083565,1.4991205087777515,1.6656775385562976,1.6253832067911425,1.5013242734613488,1.6179881089238957,-3.2477155369916773,4.86627519807837,-1.5967316440292336,-1.6444286605519949,-3.433384583650991,-3.126692200011064,-1.354533139701232,-1.9011773251454542,-0.005263900065273219,-2.231278359554807,-5.320199002437363,-4.493758043422474,-3.104609179975739,-6.159277188965177,-0.2822038136595779,16.157872172832885,5.498493734993481,1.392665714393391,-3.495891065537409,0.9139687992619083,1.0886345186550013,1.2361137186033557,4.894246460767321,6.404129831655507,5.708803076941127,3.349739207578159,9.934495301991728,6.57414477825342,3.851877601423696,5.712520067358394,0
0.2721097635758258,0.2558854606103229,0.26067724163948297,0.2718925171562766,0.27827777839529955,0.28447575127710456,0.2796338017771586,0.2582982830309114,0.26117097889799756,0.2498485395938777,0.27827777839529955,0.2447751825729022,0.2412131822174584,0.2572655508096997,0.2550092579462737,1.6692394273761906,1.6542348730841092,1.6066496057094526,1.535148317414581,1.5632877293018281,1.6429663564467727,1.6243473100400436,1.6295131235647533,1.6125886697324738,1.5674418549721736,1.5519161877179142,1.6022972779189548,1.556385202061251,1.5101368534323776,1.5736307774618414,0.14301612022939025,-2.9235393379340167,-2.187216547035348,-3.1731756097178163,-3.0942290362546885,-2.7340901232604153,-0.13744312018877736,-0.8248729943697697,1.433804127048944,-1.3056134620509567,-0.23533251423955903,0.7303849153943816,-3.843680945537386,-0.9968808198055683,-0.9905965449504777,10.807773438458533,9.807671291331072,7.596272079235856,8.343895918603561,7.297142945075712,8.590966091551696,8.147920559281152,8.917597503937115,7.385529453257989,7.134228568566065,6.163409410117021,7.927350681700974,4.920055351615133,5.418315419479245,6.82423776740358,0
0.2447751825729022,0.25485207137617727,0.2672455511895959,0.26337136088678414,0.24939429763737725,0.21492951349844291,0.24244611210616823,0.23106493746696266,0.1942571781175166,0.25570773411039255,0.26107509394461226,0.23985653000665982,0.2684025232885946,0.22911572250165774,0.21308977842532711,1.6434697375532126,1.585112187946386,1.5384799391548254,1.5901644198528464,1.5964347282323148,1.5977760235018,1.5851418124329801,1.5663568920498518,1.5331223809269066,1.5693291919890606,1.5723837674818442,1.5046934217478805,1.5983652316836114,1.625203974508255,1.5805880536148906,0.1731374778033512,1.4029108521788487,-1.8147285134124047,-2.295693916175054,0.08428153806767114,-4.0349867933402095,-0.8174637085325003,-1.001723034203991,-5.565294352745752,-1.342345962576644,-2.7112540465476798,-3.8300987208473316,-0.6458053154431127,-1.640761782451591,-2.369666139263302,9.373207775644916,8.280814903039735,7.079269988123927,7.423857078493271,7.5922771835687515,6.698840321900154,8.555690331217678,7.519404951094345,6.94443853637134,7.941416291657596,6.3802446688282055,5.962822504298129,9.915855564325161,8.725719307046221,8.518360433234747,0
0.26122653028307374,0.25580730074646296,0.2517849883189978,0.2650841148248089,0.2823318258510624,0.25474155739187926,0.20947234813886123,0.23439875626785983,0.25023906218814695,0.2206737008631882,0.2572127662991941,0.22401860469530083,0.19741770880299608,0.23978601711207614,0.2210249136801336,1.7286508734735104,1.6019425949194144,1.6460552992391217,1.5576419733988738,1.6220003042984996,1.6248846759984454,1.7054815733705362,1.5940584157015274,1.6126630408957685,1.6475178713121952,1.641189364637061,1.564393342806193,1.5820293088117818,1.572782241903871,1.5940584157015274,2.1728277115687433,1.8947263868369077,3.1121110467614983,-0.6914522567399501,0.12369493539210907,0.1709761929530771,-0.050879872063347875,0.710869521138136,-0.3129059630245479,-2.0762115368890193,1.6133543507599484,-2.8177281922940836,-2.426873833031749,3.287197903913153,-0.06527745984121225,12.364786017229635,9.95089948372558,8.683096777617104,7.052230770287495,9.515243109770074,8.858384259741264,11.010672049443336,9.46384813825645,8.421727259370785,8.937194782353613,10.392703060314679,8.22222549300156,8.088346168811743,8.995758195954478,10.771686621736078,0
0.23953139913556853,0.22380640483234693,0.21498634610757905,0.2808772782902691,0.24151784364827963,0.3039449940660236,0.2910528587709399,0.25696275390831486,0.24547594259084748,0.23901983754827247,0.27977588398103737,0.20728454739586424,0.2791765988106154,0.25241323299159973,0.2728149737832015,1.5981431522486094,1.5940584157015274,1.6416257159274472,1.6822511845622736,1.5924891166042021,1.5234349563981586,1.7576387901344273,1.4247830272097375,1.6795576996574006,1.5809580622760406,1.61702863205421,1.5199752533415318,1.5829207022243035,1.6917850747296574,1.6953984884639506,0.6490220328979603,-1.8254649898306639,0.3772743323936254,-1.5689048197870648,-0.8177247545481805,9.05852516275317,7.420864251503417,7.0147455559409195,2.4521423012031107,-2.325633933431959,0.7556399081352367,-1.6951097950532414,1.145827437330155,0.9924942624772655,0.6693611648464923,9.783361917219484,9.126897075879645,9.87483489677693,10.493952375218786,10.236388702790983,2.2051282671124506,8.14939856077291,-2.1908602432794573,6.620196401151173,4.007878464244042,5.089435799415594,3.840873581626977,7.892050149544951,10.101266197827014,10.891783376662085,0
0.27764319445690333,0.1969958967549991,0.2566475719561394,0.26674848219378394,0.24937828494500697,0.25664435503850697,0.24448890095062245,0.25212574440139,0.2407162663518827,0.26183147236632814,0.24261546405113998,0.23649524667079797,0.2579948145499614,0.26259956329296297,0.2561270978025647,1.6057283118983185,1.5315683522871735,1.5569030045538759,1.5239652188126493,1.5659663660804168,1.547427799153936,1.626539480479339,1.7051897461352565,1.667159228781642,1.6672701254250706,1.7211962728978527,1.6625261702399092,1.6625261702399092,1.761820647505295,1.69529491411443,-0.16495685870478383,-2.621286212149357,-0.29761323938399187,4.842457586001416,0.9315248843657855,-0.5728406149905254,-0.9397757262156858,-0.6316493328546642,-1.5648619153470804,0.5791133477755182,0.2196854299050699,0.24425577834165324,1.336030431425172,-0.4367573567263605,1.322205656299161,9.534665700018774,6.475176668926886,5.341262677910863,9.094653945119013,8.721219921402867,8.269178665645468,7.950571527448446,12.500438716760105,11.972924009256673,12.704696396299,12.836434522055626,13.04518273746602,11.498509218167738,12.597758121028482,12.537870907167905,0
0.24103987697778073,0.27786929900210505,0.28973356899112945,0.24586210969060643,0.2393564818064588,0.27747102261944506,0.2732777504226157,0.2670586206179203,0.2391107587935935,0.2572420923223175,0.20904030615906946,0.24221061128202076,0.2567402399918922,0.21981217559553856,0.2363463209560483,1.7577230965448127,1.6786506406193458,1.6802242668333602,1.492777457877092,1.565275764426878,1.5344734357716017,1.65406376303382,1.661178257208161,1.6381414372912433,1.6077782526447593,1.6297497327189483,1.615123600461705,1.6866274562274655,1.6452013835395005,1.6507283671235342,3.8777988446890674,0.801809380215758,-0.7997069414365967,-1.4861677732882583,-0.6096472276477698,0.06007306119221312,0.7503982954845583,0.3376656842016814,-0.31799121456953117,-2.1056607889185557,-2.3740924333345106,-3.410202518250088,-2.1855785325046213,-2.298195439445095,-3.0161382627561295,8.013333114396211,8.528712872970926,8.709232650505989,2.1364833710605553,2.625408724076671,3.678956091423363,5.724113969951251,5.972948490607302,6.054868518197765,6.884710861681449,8.74414212396086,7.482749258447749,7.007553782513779,6.946677351134222,6.056248937649766,0
0.2566976369004918,0.25774019657345376,0.27301346444916463,0.2734220580426645,0.2663262262015885,0.21514681501294144,0.24693520724010498,0.20365327699572802,0.2865301580704333,0.2835804205884051,0.26008950503508227,0.25430584948582824,0.22491064120698046,0.2152695686555039,0.25473103815764847,1.6815376813687226,1.6861584819274928,1.6625261702399092,1.6239954699708925,1.7211962728978527,1.563675673584136,1.5980903359301926,1.6006448025455928,1.6492477899662372,1.6656354364232548,1.6317728717076172,1.5815450095575503,1.6325036911195665,1.5656499777925386,1.5397422290803298,0.5938838905168211,1.2585850319672431,0.20637411797883942,1.4719766231345943,2.5650315828384294,-0.9048470826755874,0.2859376885138829,-1.6982385237895414,2.421552518130653,1.0292774511046616,-0.6798658843422345,0.34857104695805674,-1.3790125074535808,-1.2922524564291962,-3.799548346901787,9.81745838475957,12.027937544991143,12.52320487231817,11.800693079761471,11.271618247973764,7.359589969642198,6.453073775583154,6.801347957177174,9.460553101303871,10.335863491257392,9.714820623865862,9.040359241128765,7.658085190426421,7.630453163942712,9.8223737475012,0
0.2636810200650801,0.2756869062522129,0.21599019513592785,0.25117097889799755,0.2447751825729022,0.23103107185733124,0.2511489793267948,0.22407119194168573,0.22578056732760715,0.24624960391642564,0.24170567028102347,0.20061133944148124,0.2477615640357756,0.2667384207434276,0.25774019657345376,1.7364322577402842,1.5272171627585072,1.5531046259990706,1.5480473878723597,1.5785814650773624,1.5249336647938494,1.5621594677641664,1.538053627636883,1.5659663660804168,1.5497926600303005,1.5911990215142287,1.656293775413758,1.613621537041346,1.6100267273028377,1.6408707658465091,1.3115326266737952,0.8328966683086776,1.3562328503140293,-0.25114695636889905,-2.2375028336434184,-1.6992861466074487,-0.9164458882647182,-2.8110989393355794,-0.4529133407392578,-0.4973903300107736,-1.4888056087647783,-2.730531582043966,1.2232550330392655,-0.4401974921524925,0.09538600778455475,9.529247749892582,7.238306555952186,7.931653654461733,6.682955233309799,5.693214283833047,8.12369970947549,7.506431711274258,7.013173242703914,8.370495975813538,8.040244159622752,8.757554469115869,8.077723280944152,9.66519405448556,10.91761696767023,10.084201845480917,0
0.2565492309870813,0.2673272589340459,0.25542145248811277,0.23582018833000717,0.24001218300246746,0.25268830912788265,0.24998033578782872,0.20400365831338568,0.2319860719879056,0.24571572452317464,0.2029733149898196,0.19853261245405068,0.2447751825729022,0.2660786257269118,0.2824751025780874,1.6092336788940185,1.6465570541376071,1.5922763779421456,1.6280650325839787,1.6535231727600108,1.6377367005779895,1.6465570541376071,1.6347667676498123,1.628366011215544,1.5945502816779207,1.5350278136040885,1.6066496057094526,1.6858208490833104,1.615607425933379,1.5884368520760506,-0.6761020525083552,0.9328096337956424,0.37190995636126445,-0.46914907578002385,0.4091878027301732,1.2111778212779143,2.294029569236784,-0.09286214082038668,-2.5857758314037937,-2.434926693478019,-1.691097527372932,-2.347639257335004,-1.2623256632447521,-2.62320179138311,1.1194031395562831,8.701127985915186,10.19094986286823,8.958694698372309,10.729275119550916,10.522219936391304,9.956341480370119,9.871606838218343,9.292659926931114,7.452599285033041,7.691728290333926,7.568106313296846,7.989774663847247,9.15161732890186,6.854010515035264,8.419410750463292,0
0.3222519932277773,0.3264135720994899,0.26164788682080653,0.21588255688871882,0.26580278958569525,0.24577637063419078,0.23449711508694965,0.22994433677497642,0.2628742642892256,0.23539585873450924,0.24017043382990064,0.24476550899172692,0.24842250094886442,0.2795520479388412,0.23025245557848362,2.0954711763613023,1.893591619621681,1.6381414372912433,1.5968485438233362,1.6674509213411832,1.5981431522486094,1.6066496057094526,1.612108782443171,1.642047439189442,1.63649892100873,1.597166368498385,1.642047439189442,1.7369017986623352,1.7483443785404185,1.7859205881709292,20.23151454710711,19.982188221889743,3.7258693894846147,2.9437225827375926,4.197242057718142,1.6364053142390276,2.917991785129516,1.7310236715441363,2.0138607483541477,2.521214182537676,3.642628461749183,2.530752786912217,0.6796913391419821,0.4968456853456189,2.4135231008991127,13.303504543288497,13.464116322563365,7.361716389403666,6.75144653947502,9.400100550750182,7.548222303814444,7.580675026024516,7.222539943702692,8.15090407563121,7.03050965925208,7.467143461628773,8.472479060107302,11.716770351528883,13.380954782324169,12.664901635504895,0
0.2630938957020683,0.3144086463188071,0.2557128651629813,0.27150582381772403,0.23496132099435246,0.2547369824888126,0.22480680827996982,0.22401860469530083,0.24126130503029125,0.271296704302984,0.22615628507856422,0.2717523980067903,0.2613720506795899,0.24181233897826188,0.22476495343102387,1.6668968963042445,1.6444530423642763,1.6468939716790973,1.65383678914955,1.7256591748266712,1.6017227355920145,1.6101482491996608,1.6772990748987338,1.63649892100873,1.63551638835775,1.6646829358613817,1.6755885454463846,1.6756968358190463,1.6722063170252102,1.5955333380362855,1.337769416399368,1.9872353608220976,0.0035039750422640736,-0.16352601863658833,2.5708761592268843,0.051959844082148265,1.2119670644460427,0.5641670580611162,2.3147543246266196,3.1913276404229407,4.125779546604491,4.656319707582696,4.585433072508124,3.0490617322975027,1.893335384980844,11.302394717575558,10.071024953411081,9.4150299282616,9.23500075265755,10.701044379047264,7.90241088094345,8.309114987705993,7.657740765576288,8.663946857559433,8.689388377167061,8.100893934368697,8.406654206980747,8.854415110688349,8.310201682693721,9.071296190820552,0
0.24545329970275154,0.22546961924931097,0.18500509594755415,0.24168508666236987,0.1713663405927176,0.2400235197834713,0.29674062484522146,0.24237008425310816,0.26993259402088204,0.24498292109510136,0.28399855591982337,0.23483698214445947,0.23565978930300654,0.25071603297027983,0.2456021465691044,1.6330690236500813,1.629911470054242,1.6075675233028222,1.465540071271281,1.5297024318421726,1.4059701131394293,1.7991179640483357,1.8172449965061361,1.6641429170465531,1.6314914208390123,1.622441302368376,1.581807295900468,1.6504900632708088,1.59114669527261,1.5818405290911086,0.4938921248669601,0.7108002712517418,1.4894639446767428,-4.271058497283718,1.4206316924000646,13.130055470508864,13.679968096001488,6.480975397170937,1.4517897633787697,0.927376474372295,2.0724684514002263,1.0388001464319814,2.708054737449828,2.0409564941045915,0.857875210426954,7.828243314587133,8.254048037512208,7.426045215379154,4.929392052191455,4.431781405038927,-1.033877261597696,7.360541077644191,6.7145415637912125,6.889331768839853,7.677690076029648,7.095995293546044,4.532773587435161,6.529540855734779,5.998454690797512,7.516642334781858,0
0.2532659837639245,0.2470486143426754,0.25571523063732526,0.23088095770309086,0.27183885065253693,0.2660786257269118,0.2564703452016107,0.23056215330459956,0.2096729984504711,0.23056215330459956,0.19489184307961674,0.22174907838738744,0.2218933860074362,0.2447751825729022,0.23056215330459956,1.6406399409398744,1.6371827926956726,1.7613958172134407,1.6027544644298493,1.5350278136040885,1.615591731321952,1.6590723330890988,1.5997811921337521,1.6464108530966874,1.6144414040396005,1.5900011729952026,1.6405781311828511,1.6658655964467597,1.6617235103366368,1.642047439189442,0.9075769350540668,2.124820394150049,2.8702599293940523,1.0627280793048044,0.39120690850722895,0.7748942578623144,1.2867448070665546,1.2916368151342397,0.9857667817922788,0.4389471928080013,2.7100835930604603,3.8458965366080236,2.8453716214167173,2.7529701063267282,-0.34032497758468594,8.434156229029979,7.39490936378897,8.702141759731592,8.398392393627065,6.755064272528609,6.8462691442019175,8.34684283407258,8.840085660560378,8.789054299833081,8.600149289908249,8.497300087062154,9.313816248899002,9.127009019559958,9.400589916274727,9.446461299397974,0
0.24447286422021863,0.24129449495428834,0.22000544368302605,0.239915815853393,0.23475173306345726,0.22994433677497642,0.23634516498623875,0.2634130958518074,0.272634919556187,0.22514345253815615,0.23539585873450924,0.2742377139354746,0.239915815853393,0.2303287534928009,0.2564703452016107,1.6010998495555635,1.627725615132845,1.6046517255809116,1.6504900632708088,1.6217311841563726,1.63649892100873,1.6617235103366368,1.658112800487494,1.6889240635456193,1.6617235103366368,1.6564536236683634,1.6449415450900966,1.6428993886336836,1.6617235103366368,1.6617235103366368,3.157356252077733,0.054047653340774104,-0.2918613977909388,1.1350881139427713,-0.4461768482641446,1.2508403075110834,1.618706092754195,0.3997664241982477,1.6944829651874045,0.363227679937836,2.8421019805620915,3.514476477246916,0.8296013409890008,2.424453663501737,2.317138573055132,7.609146754369508,8.48638423113276,9.081987599160145,9.195703970959,7.945129296541869,8.902186014544862,9.021964482863716,8.89097355981711,9.338945899893105,7.964402610687594,8.322634915727816,8.711132667647595,9.201196009826067,9.41553381837632,8.469126034521077,0
0.2103730884981454,0.2213065806661138,0.245611039132534,0.22604219618571575,0.2429913754974951,0.2675566708077236,0.2615064715007811,0.2203749772536719,0.21726743141079208,0.20980002090662264,0.250248497111512,0.19915906610797496,0.271911039829161,0.3245686585332772,0.28335788605170337,1.676603483065405,1.622441302368376,1.6714996381134275,1.622441302368376,1.5867325239513683,1.6529578502252238,1.6725457368132293,1.759875393592337,1.7258122887620972,1.8609684303588003,1.4485573735958088,1.4074516255210716,1.9836647432308392,2.5895373224578195,2.3792598897355046,1.6671601106727962,0.6543942113736421,3.6840106123840712,2.316198207822538,0.8145723454036329,1.9520425616531156,-3.6455180410216315,-0.5746024324414805,-1.4935853318080206,6.463168402109858,7.962598673731804,9.650265597032643,11.456142960440161,-3.9591349831411833,-9.940661136287304,8.777629043029446,8.939897715450577,8.832396254027627,9.419621878306325,9.421630422000458,10.111152667352222,9.088227047518915,8.03984322879787,8.634671648054615,8.913906106472455,-0.028440175543411453,-7.436015197749982,8.859121849606781,40.50890629302708,39.547760658368354,0
0.16908040422942155,0.22933097006838293,0.23582762530298218,0.235907234110072,0.2447751825729022,0.24126130503029125,0.2456021465691044,0.23056215330459956,0.2347831729856843,0.24017043382990064,0.28465802939573737,0.24610352719609904,0.22053081615096695,0.24150983712998794,0.2517482517482518,1.0627179530378716,1.4024602051479589,1.6529641007895994,1.6189547440385978,1.585877159018216,1.5997961941987753,1.63649892100873,1.6673575520033042,1.5329095131627628,1.5639479705282644,1.6437485011355084,1.7012273366068813,1.6175413843251643,1.6914263401906522,1.6020465661714796,1.932135884829762,-3.5608867567056848,-1.3501208161360694,-0.43168242843682947,1.1654639250046728,-0.11730269712887775,0.615448517177299,-0.1725243883197436,0.7761552381357433,1.03923930864201,1.1627996407018486,1.295342569464907,1.361022585694542,2.1327666920219883,0.9169561819567491,-17.425049705263238,-3.466037686622794,9.846960186888701,6.974256981234653,7.300789256851926,7.040154790366807,6.201302205143906,7.586379914220285,6.154530087615502,6.431335182164667,9.520634038543728,9.178540125869683,8.97845725151882,9.84686457268593,9.016232962045576,0
0.19880235401223928,0.2199813690234465,0.24487106752628746,0.23991604832941227,0.23168621442898724,0.26107509394461226,0.29064038068557263,0.26687383133500087,0.25446434441444254,0.24589924369728988,0.2403116728289208,0.2572655508096997,0.25747256150305514,0.253749490003114,0.25097748566139055,1.6785104014201973,1.6085946918103842,1.6445423806461756,1.6405250616193834,1.6445423806461756,1.5226716234122606,1.5226716234122606,1.5037445165928274,1.5963584697552167,1.5964389232100409,1.5121498151418296,1.5520819805988715,1.5983341595878313,1.6005813592491605,1.707455663332108,-3.96941758898663,-2.59245522399911,-1.427231848710818,-2.177597549452827,-1.5013594431130173,1.8576091376419583,1.2930487910302872,-0.7850045514111059,-1.1941141185315303,-0.6873835626725509,-3.294649196074232,-1.735502573666281,1.8635561731802284,-0.33600307272169516,0.9418994493685773,5.959079222363172,5.070405759701391,3.98715200020611,4.861877516690822,5.680953526029632,3.112604127365574,2.4205058328603135,2.3820738799152203,3.161789134005433,4.485337229990652,3.5440104608605467,5.026030376477435,9.134321055436688,10.884651366456916,12.832326211386661,0
0.24292866069342692,0.23056215330459956,0.23569869282926964,0.2306910857783121,0.23672847338473982,0.25151483901114063,0.2356101369818865,0.2456021465691044,0.24253263427722568,0.20754380007614542,0.2362618468589993,0.22692974908544628,0.1983210832208086,0.20546362542372917,0.22578056732760715,1.6681906512338402,1.647415901890447,1.633761352818088,1.6203879228202402,1.6277058768145924,1.7012273366068813,1.6399128713204916,1.6963360225099264,1.6855267223893053,1.6565651438097666,1.6609151634647872,1.6437485011355084,1.6381443712607955,1.7180257129121377,1.6140732475063087,4.004016196741077,0.7990307516067219,0.8273015798481254,1.6822369037005274,1.3293154631176947,2.194678152334575,-0.15564687360617313,-0.31403952171334026,0.1490809321457789,1.0293079170817805,-0.36453129499531656,1.3262211350067616,0.23133272614489897,2.4180399224283917,0.8558380896573681,10.55337277524362,8.611913799314085,8.42107706186224,8.600944141596411,10.3768785905226,11.391606244377929,9.542491353480468,10.160353551693907,10.508373943092248,8.935941824238684,9.762662816754602,10.184070864168248,9.466713842467534,9.554795565579555,9.98139045361096,0
0.23106493746696266,0.23017773658677507,0.2662145948203898,0.2507082759391006,0.26756341029034336,0.21862736851966158,0.24509152587302302,0.2561270978025647,0.24522508492478423,0.21956398944777605,0.23126826672093864,0.2303287534928009,0.2393564818064588,0.24458485004835429,0.23659954091102728,1.6846934023344144,1.6066496057094526,1.6428327053923795,1.6698636195861567,1.5998237578811463,1.5785814650773624,1.6664601589009482,1.6547089191818534,1.6665961539954361,1.6306165160130237,1.6314914208390123,1.6428327053923795,1.6225798858281706,1.6100267273028377,1.5721214043548357,-0.6829971678590141,-1.307339459078861,0.4182067109676666,-0.07262991719954925,-0.29976567684474276,-0.2633402328793295,0.9797717408203539,2.6152744930483323,0.08987344713341372,2.7848003126123047,3.122573100952195,0.9782409333267026,2.5255054885583377,-6.435948946202899,-3.3194715411585776,7.522735128459498,7.522315556092816,8.137581929252082,9.137316961574735,7.713849083694594,7.846867999812977,9.02875019260869,9.261960138679033,8.306680533219646,8.05757338038575,8.303770997560733,8.174473487416032,9.260508398151233,9.104466601575288,8.523755358344143,0
0.22074169113220876,0.2345207481652612,0.22567665650428764,0.21407918235446785,0.2323087661767669,0.26216533564619815,0.25110298536739095,0.2567314566367076,0.25109358140631066,0.22074169113220876,0.2561049817709178,0.2315135605686779,0.21886076833146023,0.24755317168969432,0.22955874979483262,1.605513020206708,1.642047439189442,1.63649892100873,1.63649892100873,1.6998729348501993,1.677391157716595,1.6323920081290726,1.7829885679325967,1.6617235103366368,1.6405781311828511,1.673261231800457,1.5872037290431373,1.6500437334576157,1.6617235103366368,1.6613645546614935,-0.8595253388952528,-1.35158183111065,1.6756260654745176,-1.094355677720955,0.06593949957527911,-2.074457307873814,-1.2280493689632692,2.1737667656437054,0.9641356188320174,0.1292228374853721,1.9850105960155702,-1.2992359799009137,-2.2490680670184418,1.2749296771779655,0.0030920974121499967,7.37988270516369,7.695675081946233,8.778314077749041,8.222900625493855,10.741758446210115,9.129723220094885,9.834792279836957,11.433227514288768,9.077515542674565,8.431785794491768,8.820897036526729,8.364750645564547,8.73675572690643,8.670391805847009,10.33816101335288,0
0.26091635697578364,0.28783745178746634,0.21942081805875102,0.2180520232442747,0.24087571805014746,0.23565417748879453,0.2578568543610961,0.2508522163694986,0.24581905769454854,0.2672319902706374,0.23509392918404715,0.2675734717406997,0.23436907642277413,0.28351488471109915,0.24203505521054558,1.7155219180104888,1.7760709446370677,1.7182049038252996,1.6718982290207502,1.7213881852055675,1.7256591748266712,1.7515787657658834,1.7929519378189824,1.7427445737047316,1.7539211496983107,1.7307627833869592,1.7618679106974586,1.6810177428843074,1.7654561745361492,1.775839139568318,2.2249218065147716,4.020658804989438,0.4601258007769502,-1.2225889665387513,2.524587645638576,0.23826237281474505,3.167182156190961,1.5823421852901731,0.2813176025862276,1.4419592559355578,1.6239127587701603,-0.7187761096642191,8.363509736234619,8.62535597636682,2.1081052733823356,10.680759591152947,12.451142106624049,10.37193817688377,10.272953292512867,10.558587578913276,10.604664384120055,11.198242186072772,11.071696761234858,11.474331343117498,11.641753541872529,12.265203221731138,10.37296823976338,9.118634845749895,10.679815436736183,8.897114693740045,0
0.22575821554404815,0.22546961924931097,0.24129449495428834,0.2447751825729022,0.24110994705803837,0.24618008193173338,0.2210249136801336,0.2666142779119417,0.21928891202134948,0.23631787932433956,0.23867791834547092,0.2280507242473645,0.22955874979483262,0.2426219813313959,0.21176481975723016,1.5463636582842777,1.599442320803361,1.642047439189442,1.625566528910334,1.6471608906689392,1.7434088271705555,1.7239839115782776,1.6694570901972485,1.7138337211794783,1.6807066364549994,1.6807066364549994,1.6177500774338474,1.6428199750252763,1.7582914959783966,1.63649892100873,0.4102363493673806,0.49254354787603916,0.1687537792968783,1.1903191414096455,1.8872735860606724,-0.8893476001811393,-1.1754717069876222,2.137891762051879,1.3867015974188632,0.12771240942393547,1.3743329810294824,-0.18827802225973755,-1.0097423269302794,1.8030326155175658,-1.3741827954883945,6.5979935084888455,6.913575040450921,7.646318118325753,7.8094966855732775,8.500713247889392,12.37779150757935,10.675041868912082,8.916031478340237,9.264499296481619,10.046383903264458,9.235126273002304,8.402613836783654,8.322567852394117,12.294529309790942,8.405976762084405,0
0.22207793390368613,0.2315016665327373,0.2143819893909156,0.24017043382990064,0.19757771942059665,0.2632242257935621,0.2495284996166237,0.2782242217461509,0.2616309856634029,0.26522561302750436,0.22057902297325874,0.23028259823567265,0.24017043382990064,0.2579948145499614,0.22179435602841371,1.63649892100873,1.6698636195861567,1.63649892100873,1.63649892100873,1.650997588840525,1.6802186412983597,1.5505038919212228,1.5150547280877018,1.4687121743221534,1.7061276788670072,1.5262856412127856,1.752244822079794,1.5997961941987753,1.6095900282416777,1.6128123694850056,-1.14938881523085,1.8281664517072613,0.5033355501071242,0.6619984663906564,0.8175292316654463,0.8731267811872101,17.799589753989977,21.16648117380157,13.278955123768554,6.830381576710266,-2.131049125093597,-0.06051727402797269,-1.4037538914982974,-0.26596586386824583,0.7581619044491674,7.289645129682476,8.327179440100997,8.235018790827654,8.215090419667316,8.494718570277755,10.131788436537166,2.018505778904342,-2.9831864131037387,0.4141410002701934,5.11405993332047,4.269790938577203,11.447073861415914,8.923741100964232,8.448146141705196,9.254861672495018,0
0.25278822441262205,0.2611306295848642,0.2456021465691044,0.25789357502690463,0.2681891232897296,0.2570947154064533,0.2627612579037576,0.1983210832208086,0.2210249136801336,0.2367216117216117,0.2516630026672495,0.2356101369818865,0.2516630026672495,0.2516075981405653,0.24990764682891428,1.7438116925295635,1.6242613297265949,1.6203879228202402,1.6183047161691526,1.6157253694032472,1.6183047161691526,1.6386613525917955,1.636251479066404,1.6714996381134275,1.6453043656620907,1.6453043656620907,1.6203879228202402,1.6436511987101787,1.675302815484155,1.6345215025640518,0.6457688082771256,0.22131144536760416,-1.1497872881190858,0.12845602989642657,0.603686005648683,1.6105578539100236,1.99857698241334,0.4883216225823048,0.4755833402586802,-0.029474766446639933,0.27304964683096955,0.8502893374691496,1.3547174343512154,1.099118736321543,1.3641594383651636,10.085418327399493,8.795175860913767,9.370384922394308,8.829740560237095,8.92919324558467,8.466216031635879,9.758337159340192,7.522835568516638,8.510102934207403,9.090526503679227,8.811607570790473,8.936499369765729,9.651553870936976,8.61659033210556,9.120426260048474,0
0.2356101369818865,0.19936410853496156,0.23248142003707625,0.24191406853426206,0.23076923076923078,0.20785832284527456,0.24950287821398515,0.2315135605686779,0.2568372080600671,0.24110994705803837,0.23056215330459956,0.23056215330459956,0.25421739102800284,0.24110994705803837,0.24017043382990064,1.6714996381134275,1.6242613297265949,1.657225602824855,1.6140732475063087,1.6999909848100596,1.6302600005287962,1.6449415450900966,1.6617235103366368,1.6330273109251279,1.6504900632708088,1.6673575520033042,1.6339987991748024,1.6714996381134275,1.7090146429209965,1.6485334303003514,1.8172332874975439,2.4117370766344663,1.0663618561004569,0.8016540772651979,2.538116349431448,-0.1290593893117773,0.892807555801312,-1.1363775451740423,0.762964783963497,0.4213500330427564,-1.0080861181029661,0.7442031642464713,0.2827925970955789,2.4594076435251395,0.7511163664390779,9.236863959359624,8.452318615425456,9.14434969412593,8.686044974106201,8.59906474216934,7.596347357268333,9.197978724325345,7.844393406912689,7.825173621814495,9.15102997472555,8.016714718092375,9.302579205824848,8.446375697903138,9.549403500461663,8.368260619535388,0
0.22895972450701588,0.2681891232897296,0.2724825448145267,0.272634919556187,0.2712004724599196,0.26747901303222715,0.20804195804195805,0.1928429094337612,0.23064029829551824,0.23573906945559903,0.21343924816880389,0.23569869282926964,0.23573906945559903,0.22547083872399484,0.2838459944607757,1.6714996381134275,1.6515915611581873,1.6339987991748024,1.6203879228202402,1.6100267273028377,1.6855267223893053,1.5896691519898472,1.6190695898581113,1.6242613297265949,1.5900739724105712,1.600659604419518,1.650650060677144,1.6183047161691526,1.5953643729472318,1.6504900632708088,1.7209476335038119,2.3277469352895253,0.34818008783111054,1.7841564556709386,1.2346637662512876,0.4060151491566728,0.23468529170929742,-1.6593217875655455,-0.3549149895606547,0.5719294662834784,-2.5453921974929585,-1.6589194289685167,1.515417378422768,-1.142228169436379,1.7621981614562685,9.194757718022837,8.973664246887878,9.496526768025806,9.18055889960709,8.32438221702593,7.089798042442246,7.812914555213407,7.119986557979345,8.618434913361295,7.917473512731354,7.641670852929876,8.56788012236098,7.062135562392039,7.035256821492159,8.448340560333842,0
0.23056215330459956,0.23056215330459956,0.24571067811865477,0.2356101369818865,0.2347831729856843,0.2194055944055944,0.23145281461718858,0.23582018833000717,0.2513643479770228,0.26752678117387596,0.27210097647384024,0.23724599988890815,0.24767132490850657,0.2318577760712136,0.27268901893490477,1.5779693901848524,1.6461266493635633,1.6317252787539294,1.6183047161691526,1.6297372971395467,1.676163338055581,1.6101482491996608,1.6942689617373354,1.6753887478145864,1.7834460739927114,1.7633547114184667,1.7633547114184667,1.6718982290207502,1.6532955048097362,1.7307627833869592,-0.6782567748850283,0.5103393596074,-0.5557960813358989,0.7443379473074287,-0.7635038380423111,2.0004391927678284,0.4351953109317037,0.05647217302816898,2.204327491665225,2.0952321578730846,2.174585203540232,2.195491188774838,2.820079915366705,3.071230142648403,3.602686203243678,7.6412131831855135,8.314303406899297,8.447702054930764,8.8527188625724,8.424763506209523,8.247962020186051,8.612523892421596,10.089245195307452,9.864498780776058,11.317939534737764,10.398067620502053,10.960745945664206,10.372859255988526,9.787863925427848,10.91069279083698,0
0.2298717052767982,0.2405708906998269,0.28393973044956466,0.2733703504790899,0.29885154464984004,0.28165298547260115,0.278240892504384,0.2898583503105956,0.27223332523109844,0.2752946896056943,0.284666110361701,0.28260837249063453,0.24624465800795592,0.24138382640737704,0.2516209502869161,1.6867475558587903,1.6585071443686143,1.6977782932669718,1.6499439260253783,1.7132574660327466,1.6839549341523525,1.7504827990967107,1.7147366088909881,1.6316831067366677,1.6608195088846827,1.6687046130351673,1.676684012925297,1.7189983153064308,1.7000892172026154,1.642089945471727,0.631462826086107,-0.568407126079336,-2.6376663487197334,-1.2839117460567877,-1.0298276236067352,0.5289967428180944,-0.8721747959290838,0.6772723007123602,-0.23927296303529033,-1.0277672031719476,-2.4208181381934537,-2.274390864778269,0.39877482604435954,0.06644717910120335,0.27967231776398194,10.942308129122504,11.069821158614586,12.734959863699848,9.949472206525432,10.820040599343095,10.508065545468309,10.431842769390752,11.467917957052858,12.216803588774097,10.973515719757009,10.147155067423947,10.499278961095127,11.158114591147253,10.888892765371237,11.008196900867196,0
0.26747901303222715,0.2347831729856843,0.24027460782289056,0.25109358140631066,0.24468099154463924,0.2634994253183824,0.2518660432763766,0.26063947241430063,0.2369875184399009,0.2277527324396325,0.2060205021132187,0.22829350062563794,0.22919764100798617,0.22966161392177126,0.22992403874219436,1.6085946918103842,1.63649892100873,1.6016607072840217,1.623509063422237,1.7436852270791734,1.6535521862444909,1.6491656467591889,1.6613117762980911,1.7454554346995468,1.7362587953333302,1.5878896798707607,1.5915431914901048,1.5726148863754155,1.5623430722848346,1.4987489673038303,-1.286437324300266,0.8660492196471807,-1.8998085891265362,0.25482018014335495,-0.12725036919908916,-3.0664749654661705,-1.9541848241707669,-2.257986815865479,-1.1594942801733623,1.237184519363126,0.14856180197060098,-0.39418266275217206,-1.6738555897726428,-1.7440141761866244,-0.8616431048155562,9.43586564209524,9.233254597420732,9.918693829558167,10.13304370786758,11.237242817695726,10.725682792626777,9.845663050853558,12.383157529565521,14.615685546999256,10.844196701961435,5.986576750026662,6.302963757118706,5.103042001198334,4.300530188380279,3.696361680957763,0
0.26559747322120086,0.2625398871731245,0.24776754723271788,0.27179962515168943,0.3094618501790334,0.27869658620819027,0.2514300911755546,0.2668454496296908,0.2737612852519822,0.27179962515168943,0.2549943130511914,0.2668454496296908,0.27869658620819027,0.2725407468007178,0.24280504423975463,1.6644231865407546,1.6648438183358794,1.6753887478145864,1.7099372540515314,1.7307627833869592,1.7601089073391702,1.690947552046333,1.6753887478145864,1.7343761971212526,1.6377367005779895,1.6567083315236353,1.7343761971212526,1.7653269807778014,1.6992068711876127,1.7343761971212526,2.1737851831815362,1.4027536958936082,1.044681933752429,2.123178722047328,3.461338520560105,0.463385236628028,1.2771823258494521,-0.04715561115298783,1.4228621471793303,2.4638654590037845,1.5495529783743223,0.39785793909263134,1.4228621471793303,-0.7461215381339912,-2.2692270039913183,10.329675421261026,10.17927748151622,11.240102212017764,10.40820499925415,10.83028394235521,10.6598100115205,10.666138457396958,11.788157158441658,11.508326680298302,10.698005607631874,10.700604079967123,11.61756881588937,11.508326680298302,12.646041303611147,11.032915033880602,0
0.14149304513327238,0.2743563697524286,0.2601382640632434,0.24468498129529948,0.23414668495542657,0.2409425964447577,0.2812165929026457,0.2365037489322971,0.20378126710508926,0.22496684220156327,0.24047396377605373,0.248539711781542,0.2641130194922985,0.2536723341312802,0.2389157040719988,1.4287626813386385,1.5482366131257592,1.5772024780741296,1.5252320594955526,1.5076247251598756,1.4794984542220522,1.4948178812025608,1.446762150406745,1.4295152096025086,1.4044495563687405,1.526767344229362,1.593090372788013,1.7164056357720945,1.5862270095243092,1.570974765391064,-5.095965581324975,-0.41590527280970946,-1.330229526751765,2.0044351481064666,0.7422438503664637,-3.010765645818168,-0.042202476108286646,-0.43120173367472603,-2.897234504891628,0.653567678497609,0.5161109820148226,3.869017196265929,3.9414858071725405,1.238710493564895,3.530128419163617,7.299950225395854,9.19746905475886,9.188369890146015,6.701177448417868,5.831928155309946,4.91280990648503,5.489699239877404,3.1484764529672256,2.7877981765176685,1.0736595311855566,6.750743641551046,9.029874081215475,12.71030986227886,9.091978228923958,7.444016027906006,0
0.22577563872501233,0.20993949234021628,0.241089323923723,0.20835196982488524,0.23132453322132202,0.22421489994063,0.20340651327999115,0.22037278673165453,0.22321500421096596,0.24214091118401077,0.22526003032688405,0.24538044935423836,0.2523041373884176,0.2556797546667389,0.2450388967638771,1.4845725126379719,1.5045048033323711,1.516333428691875,1.4624174643188277,1.5120897583714772,1.4665264890238232,1.4762386875608198,1.518930123276332,1.4769551525539757,1.4260937447941886,1.7173108266551975,1.6349682992109609,1.624126322757019,1.6179485500526147,1.395307548393645,-4.93028093980206,-5.7452640420963235,-2.5969553480017,-6.081365524670304,-2.947238300412465,-7.035843850926199,-4.157127814394983,-5.116384866259409,0.9950738804946582,3.530344901067849,-0.2300693319888012,-0.6166996333340933,-1.7578849200079105,-3.5205170660630074,0.8051550532050271,4.513929323652145,4.002124292478242,5.534249683179954,4.515483779323198,5.347794220889461,4.074639561784995,4.555754340806644,5.914464659356272,3.0928856185987157,1.156650216753241,9.41284160620261,8.834633965841357,8.832710814951469,9.586426714773074,-0.047846771253995383,0
0.22465577932694142,0.16379194449244774,0.24406707931003158,0.244947307413593,0.2447760266650443,0.21457652493917917,0.2292008192912921,0.2146750943491268,0.22308150289119405,0.17739484463518287,0.2278342247667578,0.22684466115777213,0.23698987724417642,0.21781506492899194,0.24324440329833005,1.53946266404185,1.5526586553135446,1.5333673829534644,1.5282235597784881,1.5460471970186453,1.5172953597622612,1.4093243018472126,1.4918098727178275,1.4987931091361177,1.4889598198807787,1.5138829990359712,1.5252255576452476,1.5006578776036334,1.5247248345959228,1.5241708635061093,-0.6042804896763698,-1.6244641437093321,1.6405642537166045,1.5768935984972074,-0.492623179884049,-1.3269218291968343,-0.43706589298290055,-0.21147664344704253,1.001051028667547,0.23477566150842222,2.0171880971437304,0.7062245970659262,1.9760736591054808,0.5063566728464934,-0.3226011537425677,5.177431541175829,6.992839969499371,6.26988877633983,6.195576987126878,6.553341772441285,4.312881174067094,1.342988395560859,4.785666256196708,4.426856557318499,4.605858797688891,4.629128682355376,5.273605710726789,4.516132097474517,5.3459584602398325,5.694342558989998,0
0.1402584113867073,0.22480716156270897,0.24497228613521044,0.24620557061787174,0.22897351357220458,0.24580073013083342,0.25449898195114623,0.24857596242520802,0.24080460230945688,0.22105021198902192,0.2381927420839594,0.2506013834605649,0.25529526125877533,0.24524824295833286,0.2429164824392029,1.5208947964915804,1.6162548898330693,1.5982554442650612,1.5594647682519132,1.6300348569072902,1.6348989167900543,1.6509155166419773,1.6198258916907555,1.6065181106111384,1.6290647398601201,1.5859252264986772,1.6261244788364695,1.6023232767068205,1.594312800813927,1.6359979820834918,2.1116948887121794,0.904282353611535,0.8741640717864811,0.938615781631853,0.7403354398853423,-0.24951025066272337,0.2716753019771261,0.9486502533590624,2.4290143873468537,-0.3147116318443466,-1.0136907544873566,-1.1859141332986667,0.41633212060196456,-0.9171813503085389,-0.3897438539108862,6.082211837305127,8.702614743955202,9.564908346467064,8.691450822144665,9.459433559999356,10.895129689331338,10.03509309471071,9.830435055723196,9.388518257809393,10.192826664749445,8.383804714363743,10.094481263842153,9.070018585217763,8.851517688673551,9.923695306065504,0
0.2309774520627429,0.22212258310332272,0.25168454723549605,0.2540282198566674,0.23102361043597835,0.23585956517654844,0.22135743644505224,0.22355116240419348,0.2194632894832282,0.22176619440744277,0.22520500044941588,0.21658180552154205,0.2177524577403685,0.21902342522261106,0.24456278365489675,1.605300677395506,1.5971144788989489,1.5722947403510454,1.5848819704401163,1.592898404455946,1.5799935371183937,1.3623254086306895,1.38001242572359,1.4279288799470364,1.405941482011521,1.4066216938968532,1.407754908098153,1.418612272145805,1.4291686893814202,1.5393346161505153,3.622266655030046,3.023254440565779,-0.9125784828616759,-0.1253668557164076,1.6817818904422666,1.2052488978969507,-3.741906751766777,-1.6480227842229738,-2.660812375926099,-3.843036493283847,-1.6829831915503917,-4.10732521483564,-3.23049993384177,-3.979091166055696,1.500924385626945,8.123364663277316,7.536747762793723,7.266351983052771,8.56325478484199,8.537486336174668,8.003667835120979,0.36068002272304966,-1.2914598056967108,-0.040169159596366126,0.07266244671427477,0.5235971265296308,0.6442877613935327,0.7838353829342688,2.0618506437916277,6.297181539194369,0
0.2467547017438616,0.23674317071349787,0.2426405969712076,0.19647670195373845,0.23970867277419583,0.24016669682514016,0.19634550002185022,0.23587544736580324,0.2202030512732489,0.2228756515387365,0.20682125737600798,0.19616053092913902,0.21053502954172018,0.20192451711004683,0.21537721287514378,1.5696977949204447,1.5659953943059157,1.5812124395340543,1.5182707311411872,1.5827240924938717,1.5951457388127743,1.5817552305164209,1.5538919227205323,1.4872392102751162,1.5639469693088357,1.5932823427785676,1.4481091663288979,1.4646277072954164,1.5433037965592407,1.4892895320145758,-2.309376628756496,-0.6737019832478097,0.2056870921161078,-0.11194241794632376,-3.4047321471694545,0.8818863862390742,-1.4102842535587001,-0.19113043231874371,1.2616630382995027,-0.2900677230730082,-0.4668023621911175,-1.1956041238410364,-2.8229691890889796,0.08973921597186063,-1.6962529100632935,9.228791984425623,9.788423720244735,9.159796693616816,6.486284805991452,8.372907208045518,9.833499621392718,10.694927585363658,8.377590516256262,5.1973164270034165,7.909853290872171,8.967984789936509,3.2827356081860226,3.47616256907931,6.438156742764906,5.5555944878064505,0
0.2546361156473075,0.23482616820135885,0.23837664208086207,0.24007952090722356,0.23000153848062505,0.2582483981753926,0.2250264233994892,0.23629553224546956,0.27303156518612426,0.23540636346396424,0.2446527212361339,0.2765475005528982,0.24770034006597103,0.2401108901462936,0.22864581508714366,1.52017143000831,1.5820765059099064,1.5545379993471005,1.5347017504410279,1.5329758678810046,1.5506402132962942,1.6250408826392526,1.559341939294488,1.6121994507785171,1.4925064527999283,1.5438630563580455,1.7295818505304306,1.6128333415376799,1.5531063449679432,1.551872979628802,2.99463447516149,1.6492374362277928,3.756650077830926,3.402696016371692,2.482651434576212,2.6187603742228305,2.5940114987400307,4.119356585288017,9.098485708458043,-2.112138796939348,0.6853401281070148,5.591803208085338,-4.876666017123739,-5.200216020951075,-3.0201996388703947,7.949886281798556,8.757300246187134,8.084814036352968,6.714935963768542,7.181540300358689,7.567031272712283,8.456832743494807,5.6559928467476075,4.828238459482347,4.0417739993017605,4.87146488096221,12.303544312402847,7.430248627446949,7.459113337319082,6.834395211298016,0
0.0935555826702156,0.2584604884133514,0.23139426967754206,0.2656198885295974,0.2439253311449191,0.24566632442617525,0.21607711318708325,0.23400141782986775,0.2161016336410479,0.22132263376905575,0.2447955359301232,0.24492004249608276,0.28214844321684596,0.2706989988076574,0.23553128237334142,1.4281953554744333,1.5310921453724289,1.526678417775393,1.5634577304064514,1.594903571847207,1.5854692088986118,1.4955576691321921,1.5420565689580064,1.577726794499965,1.5582087922304573,1.5754367583617146,1.5830372497132466,1.5484473157049439,1.5604711979282904,1.6027086256123801,-10.221657055274335,-0.8280513477188549,-1.8412974804561486,2.8654931523124674,1.5355576977340206,-1.0885563250778603,-0.9664512796220492,-1.6755949315803775,-0.05744603699889694,0.9613835374015594,-2.4264126047206105,-1.575223848801869,-4.350090205149314,-3.8351168307717103,-1.5942726090896997,3.5150442666605786,6.601031215889198,7.924771798874079,6.971313862832275,8.693385856393467,9.487555966395897,8.382498276032186,9.264009600711752,8.678388042428757,6.526675830824195,7.547408632521588,9.015141470504718,8.882320942694978,8.576764607818271,9.104531558340307,0
0.20797159374260182,0.22499895604500125,0.220175633983929,0.2539970740727726,0.22758779700933285,0.22698128228957998,0.21081852424836914,0.23132485413557954,0.22459942528283244,0.24090419877015914,0.25746104889749755,0.19680800022949085,0.2409139446351953,0.1986582680622163,0.2326282255955325,1.5506585716210894,1.545775524544395,1.5528905215009179,1.5598595091016094,1.5518469721528487,1.5212549674734615,1.5803703741395865,1.5723343195187183,1.4425412240135909,1.5111197739923192,1.5359804830952604,1.4519258039055347,1.4290005642539239,1.4578385553123943,1.4481475052275257,-4.330029529818887,-4.546835976672668,-2.0013202878913035,-1.5679112151820505,-3.4834348458383886,-2.33030205704776,-0.556542498058576,0.22910222751031029,-7.682563194618581,-3.8500505120394735,-4.843822357193716,-1.0877731691349197,0.76647630444171,-5.576382414476342,-6.541145423074369,6.754558380016519,7.531303740990336,7.1473441335968815,7.882148398076582,8.130250296729118,7.287788655527649,8.967701368223231,8.033251176576481,3.2882857983131113,6.284617650571244,7.984748079963833,2.6407704672862606,1.7463472197871028,2.7946835522083338,5.568327613969487,0
0.22968782454725784,0.22366090944444422,0.22823823144028543,0.2235476770785162,0.19977026531928133,0.15683114407118237,0.20089530473180767,0.19707651990645753,0.20124260842649072,0.1942961626816173,0.19551250621506294,0.2002491829125861,0.19897105856876032,0.1964343514068345,0.1992892352373199,1.5063566373839359,1.383196761351022,1.408760725770506,1.4195539859118549,1.4640633649016408,1.476228957628878,1.457034974303024,1.457538680906335,1.4635693629153848,1.4721658069951797,1.4733635820892876,1.459028577897601,1.4677394996868214,1.4955845004129344,1.4693607287513097,-5.413972003272335,-4.7723905705626635,-5.301741085082256,-5.250974395325272,-3.602739099050524,-3.0694983690016215,-3.987482377875665,-5.124967952297226,-5.445681433170904,-3.3382202982753597,-5.940045725854617,-3.817428983679605,-2.563487694836539,-5.399884349445841,-2.925916571726134,9.068234997406737,1.7074330809906837,1.1703396167900508,3.930829497378196,4.696109808585459,5.282160424934102,4.544262747252135,4.692431971194926,4.452924296570374,4.780206495717223,5.71397337015221,4.496894701458727,4.500442865589867,5.96635855381186,4.56942447313346,0
0.24509390077616725,0.24645017896024493,0.19692800640497082,0.22020273349442904,0.21934836803575825,0.19540426342373837,0.2171928041295647,0.1857532696131997,0.18771825413433685,0.19989605952379685,0.23220788341095785,0.18867120222739148,0.23354395719840393,0.25349828359228027,0.254039642849943,1.3392079060821658,1.3500110916562946,1.3754910795894977,1.446506634098832,1.4653248716169907,1.4825774220148353,1.4557148280165562,1.483269477687478,1.4870980199193746,1.4858910346216063,1.506502688347348,1.570016314022082,1.5369408365467725,1.5557827135694118,1.5578955740166083,-6.910100614484378,-7.322513210789197,-8.66569213962427,-4.273842238610058,-4.854226313547343,-5.428677020135524,-3.2036670589673975,-5.487045525688643,-5.520616917803494,-7.324337829284616,-4.685215566667381,-4.943727319098372,-4.080072546531511,-6.685831089560253,-5.16025123045813,-1.549303109776034,-0.4584746376375932,-0.1304079417407794,5.385132540823909,4.811406179146053,5.92159364772816,5.219007103825682,5.736662852628018,5.694261992430148,5.718535307624556,8.13023633080339,9.762158858494287,8.821237133186253,10.89906312940876,10.092356082145553,0
0.23705961296702152,0.24726861677237283,0.21104395474372495,0.23097815618036416,0.2194362668429527,0.23147637105989996,0.23967024767314882,0.21534373678528473,0.22456641803633987,0.20566011320310829,0.22081474248723462,0.21693519638603087,0.22068714161222128,0.22709282227925665,0.2361572687798703,1.5902464215177492,1.5686120336039227,1.5409970829689617,1.467249563699913,1.4936143874001384,1.5060104404832644,1.5161545713220044,1.5348260224599999,1.5177782628761283,1.5366430588896471,1.5245154704266015,1.5161934587586594,1.4907524644412997,1.5174334549999275,1.500125392271501,-3.1076523572741053,-2.2585520622225204,-1.4289725936528725,-5.139243750375925,-4.277641817312315,-1.342229049848612,-1.3290685461510634,-1.2343128218367099,-1.963529274359189,-0.8064631838772698,-1.4116900625189714,0.6282363237746154,-3.108243219464896,-4.127761416640993,4.362468212461749,11.107679754155274,10.394709076741009,7.53499226951699,6.569317559631648,7.3500468611557,6.506564877193813,8.156973614521416,9.08938326608036,8.153241640797203,8.852291107491501,8.509409662373573,7.28804714402342,7.166732669036665,7.87373608016951,5.173190779006652,0
0.2314322694589064,0.2328724221596598,0.25438844739370936,0.24800447589317948,0.2446412684555525,0.24860151564369287,0.24994718769124286,0.24979519827030644,0.25160308227708905,0.24580904795796693,0.22626016898975518,0.22159496290767888,0.22079335958422194,0.24431575051532134,0.2611718495359112,1.5363880075959686,1.689261454221706,1.60480051523861,1.7550834979221472,1.8162575852475282,1.806946410631644,1.7078435922850677,1.69565283981085,1.6805709583258222,1.6258365530093801,1.5045944908873492,1.5083159711256904,1.5410205165532735,1.5235743798752057,1.5438520145394028,4.128802744759213,-0.39738069408284105,0.7328902147937697,1.2247221216599655,1.745417166418747,1.2826305747214235,2.7167522298539097,2.222205409102628,0.6313465558659743,0.13007197711070262,-0.09336187204311841,-2.4451535187807565,0.48901712716937595,-1.0485922629125923,-1.9021227434366779,6.953427673365469,11.389074959123718,10.581734752789153,13.834689222407269,14.676067624099458,13.951008641929862,11.841743155670908,11.689379641344855,11.590240609385786,10.946334991991662,6.089408528214121,7.248521506367028,7.706208485368891,7.338887741522423,8.10515522444277,0
0.23011401114087182,0.22076471693282576,0.24467927370927078,0.22921654733109867,0.2513019377876087,0.2523221678877054,0.23022067331271376,0.18620304228609275,0.22965381503958904,0.22869502875124564,0.25998459591143863,0.18202768688479673,0.17963648418203776,0.2530135443036797,0.209534602441393,1.571492461452022,1.522056944651706,1.5681814157434923,1.5637329164373253,1.54457588643583,1.5463624115936847,1.572981341124964,1.5395352851228983,1.528542816815208,1.7179587856950629,1.5387512076092875,1.435734903260032,1.5033186616046434,1.468217618318308,1.5017021887364386,-1.8171902130681588,-4.084232323438442,-0.973141377920399,-2.1441755840599512,-3.2725509910151516,-2.765102868993779,-3.2217710085706983,-4.039688309627138,-2.686848370327425,-6.312815356720165,-3.7980060369424677,-3.8216249597423655,-5.035039892195499,-1.2477398872800052,-4.989760633521058,8.112090357943329,7.165075257350047,9.29305991670828,9.553975571253075,8.304197463152173,8.744112167262136,10.006012787664176,8.480978364034383,8.159918449065762,12.786103177903092,9.208455402468534,6.167378268597346,8.824667262153303,6.5561676306287175,5.853019926425332,0
0.21803220145115892,0.24173085355376228,0.19760062648614665,0.2701979193582657,0.22786377877683983,0.2648665144602667,0.23444866661554029,0.24867946003493357,0.26012510621237905,0.22916785403556153,0.23890160101110186,0.24365824031095923,0.2823730398152678,0.2672605944999053,0.25911540381834836,1.4936770176886751,1.5570866929613913,1.5523113750070454,1.5518826381737096,1.5318821090567738,1.6225044519955791,1.6261677928630882,1.5843610785028441,1.581192348599557,1.5729641544472042,1.5613360073069196,1.551611004787777,1.5881470672640865,1.604637143294636,1.607378318474454,-0.8889638073217725,2.7486476700180162,-3.4071904534903013,1.500164671490353,0.32459239315610944,4.775721901317155,0.7260627171553438,-0.08763221198736915,-0.30121867122278445,-0.39259030778433157,-0.16991816663741588,2.646841154247994,3.2279624959423643,3.923308228660204,9.656166874128559,6.235933045199377,8.852513931105149,7.033239190943991,7.316606273115286,7.138254432970895,10.752882926897,9.074110316929275,8.923141146673613,9.326090497365058,8.418538040955086,8.745720545443564,7.709425265937318,6.695999979487876,7.011465563005663,6.856673095211431,0
0.23138557489610967,0.2541443228192679,0.2577006220729861,0.24625555993409748,0.26939665254062645,0.2370747955200047,0.24566288466767638,0.2402951329960648,0.2501399550280664,0.19806501038047325,0.23165017067880656,0.23788355417220478,0.24652738943052976,0.2348594184392999,0.2558526608549828,1.549968256488673,1.55789349774915,1.5864072434175016,1.575792592222072,1.6414459359798206,1.5742358236787637,1.586637264930354,1.5872352809139394,1.5803597498029942,1.5718429740521023,1.5944607087061284,1.5832445049739805,1.6190786054874975,1.6020509151249118,1.6051227256301506,-1.586055910883573,-0.9046514957142335,0.24826672436446984,4.177326146052508,4.546755075460595,4.692830607155344,4.226424430993546,6.930070175091686,2.9346470783653444,2.541598531144132,5.129290336581249,3.4817333596319884,4.178720598989003,2.978557533459167,2.5045649709933286,8.447320437621816,7.2409042786930975,6.7314152376035095,5.291271258345101,7.462378140899466,6.388059493970648,6.671294710576505,6.589397420177173,6.418628256969107,6.729075897116585,7.311198565360698,6.146932692294868,7.78377272925294,6.959904966785503,7.815133725447716,0
0.23944008719739768,0.24159778102119656,0.2462765774687476,0.2369438332490052,0.23309240814068122,0.25779827300157576,0.2738061436970834,0.26576885405927764,0.24633237610278952,0.2507118249925901,0.24434371207567457,0.23222370350282617,0.23779039082164527,0.2559728878991748,0.23834452789596552,1.5933974714589463,1.603632564887805,1.5768608453728759,1.6267269903496333,1.60949884830441,1.574696467219174,1.606415012716987,1.6208231220070726,1.6072175374219566,1.627109877946732,1.564145710701604,1.5955126661332322,1.6107668708445715,1.5658189467695176,1.6399840804528218,3.057683499468169,3.0110204093392383,1.6289685179983167,5.6678810565762205,2.9755046518560277,5.612625620035317,4.785681916811058,7.846311773019494,5.380735315722433,6.1874488052786205,3.129067692916607,4.240565562798565,4.953124863256988,3.472758629470036,6.607466573930878,7.254441794097763,7.762911832888242,6.834138928949597,7.772427771952428,7.351836304793157,7.083004996030966,7.299800560033282,7.789607345914257,7.3937492089318795,7.865606373399534,6.403050785685813,7.219837170116692,7.535825741011378,7.20213924150562,5.988535512440539,0
0.22092640606835728,0.2229489392350798,0.22686490538734466,0.2217070831031812,0.2535802664493733,0.2468305759498186,0.22203860485225074,0.2144113685585083,0.21587121579173943,0.2439702348826875,0.2158041899586147,0.2369394701392965,0.2385626180984598,0.2272915527619725,0.20372508318294952,1.5614183851998933,1.5140829977380106,1.4945863026165602,1.5123230128661362,1.500162640801299,1.4980918901693128,1.5165581813315314,1.4780997784134053,1.4908992260316374,1.4819314976138098,1.4927686507828275,1.476372551030482,1.4452922782065976,1.4715119755763202,1.426272208292356,-3.6631707418557085,-8.511389028341739,-7.859288078533751,-4.612910830812126,-5.172070482623553,-5.454331329249328,-3.4145975197606333,-5.894068090810833,-3.916108973027832,-10.243686470905203,-10.272561430260197,-9.784431580407698,-8.97114655451233,-8.909361296189104,-9.845486551690328,5.504181724180693,5.081353850321513,5.664234073471526,6.59503135486247,7.102390197995239,4.912365051226747,5.950093747672858,4.203408457280828,5.165901651148064,4.355095607332599,4.858856527344573,6.201407150798174,6.026240219444485,5.466749054425894,2.7609090932948974,0
0.27871107496972386,0.25290622130409224,0.24744178747692214,0.23264805553320894,0.24020217893463186,0.24137395828814692,0.24697105348979018,0.257946059813287,0.23526890056257138,0.2393442708227507,0.2523712782422731,0.2582420048466419,0.2506325801140656,0.2668538032062281,0.2539354495364995,1.5312938426066853,1.56080350501686,1.575144872236166,1.559198221450648,1.5607644157484801,1.612443249066831,1.559017064775364,1.567441934431878,1.5563832539330054,1.5423114155488975,1.6253012547920658,1.644410685506372,1.6266871620189167,1.6434682786255403,1.6428286955512617,3.890056488830936,0.6350926285207095,1.7808335793074832,4.652216102770751,5.111273191252366,3.0321545354608475,1.0824418246571668,0.769051685365497,1.9675361908209652,5.5503078073934375,4.928068530095118,5.187390085759375,5.133408270109442,5.195828543445145,5.397746645495346,6.767291480860515,7.123394983326275,7.231994555319642,6.768104258880261,6.661423920332351,7.530094984139225,6.890180538326351,7.326517374454981,6.819833148021604,6.118182748602754,7.9492712994958445,8.736867211176882,8.102215973298403,8.633464556524487,8.617183956216625,0
0.25282834345511934,0.269535168149349,0.2520030246553042,0.24682080332311995,0.24975723803623215,0.25837049071721285,0.25487284526386167,0.2530044041210893,0.2561568727097366,0.26397088032796373,0.24183322456869408,0.2544077289776331,0.2530098999489645,0.23572691906038654,0.24462450277435838,1.6221872218667392,1.6429388631135529,1.6273703891795914,1.6299297476473402,1.6517030820119178,1.6422387701059,1.6514881595894606,1.6434417516415303,1.623350022393141,1.6013090176909208,1.640250013142456,1.6422611263525795,1.643742541126756,1.6606875124712348,1.6184928921979977,7.216466382967354,6.185395302610431,6.996513566956878,7.87283907045466,6.900151145612966,7.029990944029777,7.928393192781556,7.214816627001227,6.473333502328813,6.7610855005449935,8.110710743523072,6.4075688123849375,7.4780119974249715,6.693897985657884,7.164992451913662,7.84368634617758,8.67783482096395,8.470075989014733,8.23742680419914,8.450663311026743,8.752196421575634,8.792016463281312,8.447516540800454,8.260685900863113,7.773736286221931,7.585501910637425,8.407523471812592,8.277221910551322,8.29196198715986,7.928281949604183,0
0.2580671281041902,0.23947351806989126,0.24133103201769282,0.2690396906925047,0.2571531250525372,0.2616881223767503,0.2675077960339622,0.201982013462916,0.2619674503646518,0.23867518281984543,0.2537727656181849,0.24726259475395124,0.28770993350197777,0.2622242778455752,0.27783011220623,1.6555183649458196,1.6431363134168497,1.6298914755044067,1.6388357647686438,1.6494632393730908,1.6667143910865005,1.643280672116186,1.6318808716237687,1.984153310317833,2.0088152024576473,1.9555043285489107,1.719651796956694,1.6650700054638368,1.6251397436678103,1.6497778985470475,8.410676592925796,9.188094811360259,6.270708870017785,8.557432765778628,8.21690288906828,8.330991135612237,8.564493066692563,8.444784064553005,7.355160766560431,5.650728055174,7.76492386993678,2.497194439411089,10.585350776590332,11.324879471573638,10.284801198028447,8.47210525639294,7.453329040941576,8.370877585773256,8.902252025922145,8.16255144857241,8.582300497501393,8.720979280853715,8.189960348561481,12.755474495707627,13.125828511657788,12.608245325007005,8.35620334086299,8.066669617808332,6.674744785315351,7.125658226944986,0
0.27771119683962164,0.2699375925955775,0.27237284344610135,0.2862175053500683,0.23248722880135153,0.24285887656158173,0.24890072909014604,0.2840659648705577,0.2625119825236014,0.2590969390766117,0.2528612191444481,0.17421448794545086,0.2651359224912047,0.20435949051952995,0.2279055236932383,1.6690698201712089,1.674296781364685,1.67151687996883,1.6903506929932606,1.578263438411499,1.5187014754296924,1.7180089531558724,1.6777657875317207,1.6711775031944893,1.6745922661288424,1.678747506697138,1.5278821046338513,1.6596426255886667,1.49985975584384,1.4749574347087455,9.867090641656034,11.701584858053963,11.17260998064333,11.650701850337668,4.307819624569589,-0.5964936951785944,20.25637970239626,8.69248849794539,9.2093494075298,7.216620421571037,6.1178345349342464,-5.589125133206011,-1.1866086953259867,-2.8587908745079744,0.12032298091750704,7.686083393451193,7.030202666146701,7.467454996213228,7.658820214551829,6.498160705142121,4.686232311100019,2.8409493016164906,7.59973935483469,7.992178122540554,7.813864771689139,8.393212720458195,5.926156695567558,11.533947029824693,7.543965565837265,5.959641724914609,0
0.20848718641920977,0.25231501248636684,0.2590200723568671,0.2305402849186826,0.23635137700441966,0.22921515586738728,0.26107962046221195,0.26870607403712216,0.23779826236340645,0.26438909060221494,0.24052336610038783,0.24922842815724738,0.2704339685702728,0.2575488222517589,0.23754834612465736,1.5793226734948076,1.5353727843630676,1.5554340196921865,1.5563842987041767,1.5492017354044734,1.6464615739467394,1.7168145867875275,1.6366102196949577,1.6657372171824592,1.6142605833636536,1.6640855582107148,1.6776159627574425,1.616838752981985,1.63319928286145,1.6283826801069634,-1.7537619756874108,1.8834160381259153,0.01777653414995939,-0.5422651530059284,1.09235659534761,3.3978184676659,4.944265401649943,4.679344312041934,4.279195633968641,2.566811066010814,4.455526097657042,3.8492859400318764,2.149208075707662,5.0475787601097295,3.2465451581822435,6.662457605077394,7.6862099522016845,8.71183023286902,7.404396636246928,8.067293715237355,8.429583115747251,12.552464670096386,8.349579714172013,8.552360327120816,8.842310752312724,8.832252704114353,8.833789496969938,8.609911628895203,8.941404029824616,8.367560304377571,0
0.2577557563162344,0.1988948643772916,0.23414093668922495,0.22850661896400318,0.2263060244225484,0.22110495699549415,0.21795142648793916,0.22275761879700193,0.2115747008958498,0.24693706817467728,0.20016040364691984,0.26493643484903423,0.1793621764852662,0.18961914423345064,0.16651038440401342,1.6174870503402978,1.6257305206392083,1.399720740118131,1.45500636465451,1.4892066527032726,1.5201731329862915,1.522431629174868,1.5265836362788445,1.5199762923748321,1.6990550738800747,1.5264238027223571,1.5571293406895788,1.5886445844070574,1.4852423731941387,1.4672406531547482,3.4856114216292724,1.5170378274797542,-4.150968654377721,-3.1422598287230414,-2.3418700247317474,-0.7832672242332137,-0.46079400161673334,-1.5287797757269743,0.04650157773016872,8.529618609922352,-2.8456000120075657,-2.3917460685538288,-1.1880746252342362,-0.9855151272525404,-2.910314619274885,8.591221812365108,10.073632201365232,2.773429557131511,3.995535748820231,5.398625827275154,5.140014041882029,5.58784618279293,6.694942979482206,5.30089548697069,4.303827940645346,5.840694703398207,8.325039074859884,8.589019308211281,2.989514051326592,3.562495238462276,0
0.24827322125924126,0.22469399751102126,0.24462092879554911,0.18633880640805078,0.23435372900950296,0.1688741162625517,0.21047981766065266,0.1588647495637452,0.2132343466786229,0.238108828874453,0.23712670156680615,0.24613223966308934,0.17329638023646746,0.2118030888056217,0.23845220010947965,1.567454434983166,1.503649843552147,1.519009295668962,1.5000259953743016,1.5052375451059592,1.484955118147262,1.47724859317328,1.4997413309856245,1.443272290429721,1.5815731766297112,1.5525120912602404,1.5521487613504856,1.454460762814439,1.4283452559824505,1.6926909973597966,-3.7473699639468805,-1.9246399059916257,1.098997100023496,-3.820134418808067,1.1957823043620124,-3.892003231034664,-2.8560935893978012,-4.252817075908155,-1.6276897337732237,-1.9287674401864763,-2.426148712218435,-4.385497645780674,-4.727553415115665,-4.622830028473743,-0.3274081484395879,7.156487229319359,7.46553646328911,7.41280005636363,6.969362680245804,7.211742769519662,4.37593641441045,4.925708826203187,6.3329556853812194,3.786380347439283,9.076527453977043,8.394236116338904,8.77115285635658,4.645594570007451,2.5988061646622262,12.75567330117403,0
0.2448248839102247,0.2057545746747589,0.22997262332076365,0.2108143387312958,0.21581941754980893,0.24920881743089937,0.2411399586036538,0.2535414640467983,0.2441998966616053,0.24361437465120386,0.225235410504425,0.2329178333372766,0.23072702509532048,0.22460398068456075,0.23415220555500946,1.6247243876630715,1.621195183375335,1.611603409730783,1.5949701124794686,1.5787627036753105,1.6221392616925419,1.5923258209314175,1.5880513073499276,1.6162338269605785,1.589610130364574,1.6024254206866784,1.605920851459014,1.6150477070031166,1.637417050106919,1.6175180907684987,-0.2826904663941434,-1.1296062543581797,-2.45161613024635,-2.863724756021213,-2.660945350900789,-2.1354418723864796,-1.5633643469019205,0.62595584587433,0.37801140672010547,1.0530290088949528,-0.09216247984045367,-0.2865654825215529,2.4906894206788763,2.7100978576331443,2.2987191998338403,11.295961983419959,8.753925089872649,10.06726106029015,9.843280430679297,9.705803524306782,10.26509581018713,9.699781184999427,9.595142788337853,10.070022297732747,9.289452543262838,9.58330285685803,10.027851866553702,9.480003655472867,9.770454404366001,9.56483652256735,0
0.2318758648312041,0.2411160804799975,0.23583990859525927,0.22165951546787155,0.22712630947101603,0.23503783656111046,0.2310167377639361,0.21916759705148986,0.23822597400379092,0.2358731649441878,0.23040914592587255,0.22634685869050297,0.2512407736953454,0.2469702093885496,0.2593481244559734,1.596220195924614,1.594320151158715,1.6002519653712552,1.5114850404029527,1.51935758285,1.5243101517277067,1.5297998242751671,1.5267003770783152,1.5623444008954863,1.5475576696853772,1.572676367280056,1.5619679997427027,1.5848421529480126,1.5666117821465024,1.5600847703625744,1.5110991349250469,-0.8813521402419155,1.1214884281761783,-3.9626192353500755,-0.09722403966981119,-0.3556254538697772,-4.859224638211998,-0.7332258685945305,1.1778532868096931,0.5752897028666268,0.35906368170822134,2.134372854527328,1.4972230496648251,-0.0787300216953497,1.5582109642435285,8.205288647767198,8.999062279083306,9.200620089167446,7.450494791376253,7.635672116566808,7.510696785819096,8.72007643749047,7.966930727791702,8.002977040945204,8.001625903338448,8.094030057261323,7.628711893491506,7.85727882845293,8.22082715038729,8.290766486582466,0
0.23388848441291682,0.25265254895706646,0.2352325293226716,0.23240547663007882,0.2400334852753218,0.22017492411919687,0.2270233205603549,0.2403706819610169,0.22674974425220423,0.23437274203714037,0.27179920301906846,0.1944889201018626,0.2508669903717906,0.2502806156730109,0.19575063513870455,1.5774000998785433,1.5681672603925654,1.5654426467559819,1.5675346453310635,1.561958487674628,1.5507788983959838,1.5570652293355214,1.5556285607038214,1.5474082391403188,1.5110019254943117,1.573894326366055,1.5823972462946463,1.800634780500776,1.6792394802138662,1.578157029581391,2.2205623837673443,0.3921394600894246,2.476407921137735,2.086289132895473,0.04759427208654188,2.461540630887413,2.657299374847895,-0.4149615633553765,1.3963744382803895,-2.8235089248222778,-0.6608936872654567,1.0759845662664134,2.875492791552489,3.6269119045991545,-3.6723795822111924,7.565251280855603,8.291376640541925,7.5579605905974745,7.6025883686282265,8.27899734881323,7.709302914878819,7.628600439738708,8.139238393280143,7.410995385839444,7.773582479804856,10.20692954025855,9.670198409183437,11.523330029948042,11.027750218880291,7.8775689246058205,0
0.16668777694627435,0.1911329646996737,0.21581411038894438,0.21770675803592063,0.22414067455206105,0.16978050885172305,0.22946152459159824,0.22078710139421492,0.22366882399004195,0.2180210181307704,0.2097623558045143,0.238958594396446,0.21848571382480403,0.21256854986367982,0.21994579452642404,1.5565373259656277,1.5161315825675694,1.492533050111586,1.4743716103117954,1.4699742042143193,1.5089087440861229,1.4626124547522226,1.4861484873233846,1.4737539653994969,1.4682767349840398,1.4895743704088198,1.5242024224350628,1.5154037138554663,1.4752928022126064,1.5051054251581693,-8.166147231022222,-6.295056736004,-7.198668908934081,-6.968072060489817,-6.47135405882932,-5.420750298021176,-5.998594163355989,-5.134857319271475,-6.15424204164799,-4.6427543236090685,-4.867650678874014,-3.049713570241437,-5.824673029158589,-5.890463302782138,-4.693498977115098,5.900095514065166,5.846405385935507,5.666429616114993,4.918899256713703,4.7159962095832,6.015824578439365,4.745196522852687,4.803392894512828,4.917380248261234,4.929833937458125,4.882809001792913,6.584213628977121,5.067814420796404,4.915416843679908,5.167576078102427,0
0.024185164226344667,0.12252605265258319,0.28648569760761844,0.2130434451865236,0.22201352636397956,0.21999217299853466,0.19970383670394554,0.2101288235107524,0.20977724992297359,0.2321707193184754,0.19629102470769785,0.2310110423885191,0.17483858643553657,0.28132278766202046,0.20167786640610746,1.4432564513619874,1.5079680975504925,1.5231922229508108,1.5481711447461686,1.5319247681857988,1.5401914485448076,1.5562486767137607,1.5175572830011572,1.5214392530739147,1.526446631874042,1.4749644299348008,1.4773335030117924,1.1399335634651335,1.3147078564434613,1.4730953807755807,-15.105665124654536,-9.14218891137969,3.270327254705535,-0.2023489125818969,3.406643003233768,4.285692118837204,2.9600425232181635,2.66072148111391,2.554713330864672,4.2347523160922265,3.91609001833757,0.5560424558933335,27.428003273371218,-14.558097207787313,1.1617662585188688,7.020881109292796,7.0077893309607955,6.892602385469035,8.619750273656713,7.9292000796078215,8.380418305135407,8.20621093248517,5.44629653500157,5.39869159784858,5.658721412420339,3.9484259437475457,3.3296431983459533,-11.690961387222542,-14.95967586530269,3.6562852751033206,0
0.22863559550711285,0.24574628006779717,0.22491232808748932,0.21730070631049225,0.21256603936255547,0.23376641366655224,0.22625703563722516,0.21377150995552935,0.22341112055594875,0.21606780728490843,0.24858256658464928,0.22717457818910797,0.18976705296660076,0.263802980396431,0.2265544296123143,1.4793212670500495,1.4870665932847398,1.4998388653995445,1.50391530351005,1.514973168981889,1.5101249819387914,1.5326418362959846,1.5042853037780959,1.5063280739311535,1.498511639257572,1.4988096852229345,1.4809420251835974,1.4173706160953106,1.5088982540281408,1.4959305438541324,-6.6713272367157685,-4.331450989424582,-4.2018789474047935,-2.897213676087489,-3.072996724066485,-3.9197419015798687,-2.715722517984375,-4.214311473894327,-4.998475058317524,-5.265031106745511,-7.880822458076494,-6.60995265758973,-7.854630940058797,1.2249467557485332,-4.529186352299801,2.9065324603554954,5.528729549929796,5.0722524777382185,5.1031797144263376,5.781650131447489,6.070687146649491,6.29563104311298,5.732570604702383,5.927401187965365,4.4558794582166685,5.630220914740025,5.258324604512489,1.170262324311542,3.973452451981091,4.921912433577812,0
0.2759926108314278,0.24465621679765231,0.2419602843759227,0.21572051770560355,0.2243328856298979,0.2056633045239717,0.18873587751982718,0.1877875733483414,0.17948224953468797,0.18521603153537253,0.18521603153537253,0.20569412317682628,0.18884126879065025,0.1851345798913365,0.20817382537120646,1.411715721332027,1.3979761574334864,1.4000091458086172,1.4047749535835166,1.3763184051962207,1.3926873464081309,1.4189701201354796,1.3670854317659504,1.393903008596073,1.4089303146961503,1.378351615269106,1.4159852720871335,1.377449614971202,1.391677915110899,1.3954167873138565,-9.834502493194378,-13.062652460626538,-12.698803264148268,-11.568534062196989,-10.910141316682939,-16.760854477465188,-18.030438436577754,-18.97421407219079,-17.730166438564936,-18.547088668811057,-18.26693714167567,-13.913748679709187,-15.612894247280849,-17.26592567809263,-15.226921531229797,2.257675015035466,1.960498035979137,2.4056525880472748,2.572450704563527,0.26739159737654106,1.4111309918680999,2.6819965145663707,1.571697923464874,1.4462383610996559,1.6783554051774052,1.6811520793554722,1.9005108089408687,1.9530840975084434,2.3743821901414393,1.8687297366517555,1
0.19543734857760264,0.23183903768284486,0.2231267560698149,0.22041881153531345,0.22587556470351,0.19801675576112604,0.22383208400630655,0.21391183330801522,0.20772619357637884,0.20775673985937548,0.2099511318203878,0.19703987503873424,0.20362111931994734,0.20693482847474445,0.25685123898998846,1.3334014340228235,1.3458964798327555,1.3745053251427837,1.3457268055903415,1.382667235479116,1.3426125617330464,1.3426125617330464,1.3840385684541963,1.3907666870237154,1.3617786001707888,1.3304949420883287,1.3469334216410587,1.334693608756458,1.3281054733225388,1.318284643725421,-16.16623385823374,-16.47370409721495,-18.54909478911415,-19.99266332964328,-18.407826259723976,-21.421401120698704,-20.76497207151246,-22.52169106349018,-21.60376669059366,-21.947730083992667,-22.005198799753686,-22.660517570331564,-21.240604208791723,-21.15224439721547,-16.690328069402113,-1.7549994958049828,0.21902401838978247,-0.11797459462027265,-0.579987212649396,0.3688526776075625,-0.358378211054015,-0.6537197736602771,0.2886283523624677,-0.0895435844226542,-0.547805148918058,-0.5877618539252473,-0.08074195367105017,-0.5985940038570525,-0.9037111495964666,-2.4058953232445783,1
0.20301183874991965,0.22656255210851334,0.20849732283070405,0.22597364974417986,0.19157060629222672,0.24467398489843126,0.22876228273707983,0.20138228517222803,0.19383225350487243,0.22982854609779146,0.2166526431437515,0.1951633027334156,0.21105337636809263,0.20391725727066218,0.20496521585466543,1.370842821238798,1.348330415995645,1.3262001428290475,1.3361167927386155,1.343984996132696,1.3012130288969703,1.3361167927386155,1.3291562675735495,1.3228436771721837,1.2815200966931684,1.3054550532040674,1.303566326849122,1.303378934308218,1.3198184949148617,1.3184756103134794,-9.69161370592252,-10.660570346737046,-14.086914751566127,-15.91912902943443,-13.051707848366817,-13.304713022599685,-15.741407101369902,-18.097438764076458,-15.428036231870692,-14.998845162157949,-16.976061319392983,-18.51483531338957,-17.645435685223276,-20.370819545631434,-18.886719524388297,-0.42622893233574033,-1.2597152942834953,-1.5842261668472193,-1.6091154518222328,-1.512466663999738,-2.0483934543915474,-2.653883181988902,-0.9602875285722469,-1.4203289309845328,-4.646831761497876,-3.7636633918350553,-3.2428954508236094,-2.372165481009335,-2.838281852238525,-2.134440173788569,1
0.20449678007795327,0.19398673005628858,0.18918764199361793,0.18592085716256698,0.1983440457588928,0.17945936111379435,0.18750304296121978,0.20897877605113518,0.19267417795696412,0.21128460266817334,0.21423081716537523,0.21143087385233195,0.2129158655891374,0.19555270739725655,0.21669346378679155,1.3118903503806798,1.3188564841496493,1.3127111732579428,1.3190647867255132,1.2974974041474219,1.3080906176364981,1.3150700399254542,1.3135566831413548,1.295304145722143,1.3176466733144223,1.3118903503806798,1.336123944812051,1.3141360099302783,1.3167227880701458,1.2958726076805522,-21.570585378961624,-22.622114298672358,-21.680741306545343,-22.365820632761938,-20.718070785547383,-22.462328587693747,-21.512103654030398,-20.63661235760179,-15.772209970789135,-20.015203537664746,-17.175372385939085,-17.434401816458205,-18.31080076594,-16.968776579768758,-19.548231275256086,-2.549408273914986,-1.7259830148841362,-2.4933151644021527,-2.0491897502691887,-2.930228213436795,-2.315789929060037,-2.735025540399234,-2.7125744991479968,-2.8958307723049423,-3.059176978946556,-3.6599747017941775,-2.7163614657153197,-2.988828407626066,-3.575129894228112,-2.58597384220314,1
0.1962954168526675,0.19498832048915965,0.19934243654285252,0.1895044543432714,0.19212453358930054,0.19787406686710302,0.1894029484752878,0.17676523791824142,0.1976309483353098,0.19898057073119185,0.20797447013637815,0.21916237875649724,0.18267257440480655,0.19120388624436932,0.19804778768429104,1.3052391339498612,1.3211832460981778,1.288787647022141,1.2994491383561506,1.3296258650642854,1.3257891655156164,1.3316734697823496,1.3008861824301345,1.309609125550099,1.3028858653475306,1.2968917876645274,1.3057768722771934,1.3175351954664125,1.326947829754298,1.2983208357752989,-20.27110288519833,-20.756051429968437,-21.500553632314563,-20.88653851478375,-21.017983946051203,-23.33716930893729,-21.73437621938257,-21.78171110780559,-22.33770475708596,-21.926581271795527,-21.27429239940122,-20.572109360923065,-23.231483592956437,-22.365782878047384,-20.15200539872413,-2.49341263754754,-3.4558190674825404,-3.0628439842971282,-3.307630213439428,-2.484366376008309,-2.7433554110692873,-2.094716587396223,-2.4043089544951646,-2.609676423453823,-2.780051262518657,-3.0095938301468226,-2.987714404231666,-2.4794064636956192,-2.6976601635668707,-2.6506195356453204,1
0.18895284892753117,0.19713224732657592,0.18389194339374662,0.1764708376753461,0.1830430512443531,0.20699891845854276,0.15844427372306638,0.2177961600003277,0.22111310211039212,0.251109439956195,0.23320793212471647,0.2277452234030362,0.21516804911216125,0.20178449593520104,0.2034347826578331,1.2841959182171285,1.3103256336295697,1.2958726076805522,1.3181657467701702,1.326947829754298,1.3009325457917205,1.2870017343662647,1.2937060636495796,1.2861861161099615,1.3056351547312546,1.3020688389795834,1.302281095014191,1.281976208835052,1.3116413049224156,1.2983288317385118,-22.190221395833674,-19.794245670300455,-21.540355424875543,-22.58260091837809,-22.235991493147196,-15.691707685219399,-15.51414205456146,-12.043893896907235,-13.351734961655524,-5.037425956894481,-9.145012894477958,-10.535870987462403,-11.281196382160061,-12.468199748186834,-14.044382247873386,-3.679564168865886,-2.962031586861748,-3.3449863430362963,-2.8220782893664755,-3.536418392174125,-2.5910842749823395,-4.259505001539481,-4.103632979211503,-4.16234938021695,-3.9064857616900244,-4.209160712025948,-4.43346779829446,-3.8687481010677818,-4.27147403578776,-3.5205731199486743,1
0.23346477218242523,0.21529210505085417,0.1836815387928154,0.19802252178246757,0.18521603153537253,0.17831117796342377,0.20262390736107455,0.19762799350637428,0.17888333101595386,0.17011070339114664,0.1674308663603529,0.1861620296127173,0.17836428448567535,0.1679353780168763,0.18092669706478043,1.3720101719560034,1.361050491937146,1.3786403674433894,1.4074638535191208,1.382372288854488,1.3868421315480248,1.3456294460903326,1.3990427070863933,1.3608526502775555,1.3844218753116868,1.3790149252383965,1.360413667882736,1.3709317146591438,1.3430585545981892,1.3777429398615928,-17.382278858528366,-17.327636983181975,-15.484354990532523,-18.7658646865126,-19.113557163167087,-12.008860088305227,-15.681778936214869,-17.49260384006317,-17.876717067686144,-20.143321966842677,-19.41215164066105,-18.763558560893898,-24.21780168414341,-24.439002224705888,-24.031796889710506,-0.6125819581964902,-0.18591856874042295,2.252705686921937,2.9086393163292366,1.9571518776414263,0.46630924160990184,0.7656757910558897,0.7845656720220209,0.4880102332037464,1.2141033201394116,1.7638340467794422,1.4053088604182482,0.36826800047276725,1.0458607240632287,0.874700480134096,1
0.2181394907881341,0.22346706490618656,0.20056417438331103,0.19431666251391114,0.19784633441943422,0.20817258701141905,0.2502040457784689,0.20832911992992167,0.2264311598351997,0.21097991169000574,0.21097991169000574,0.21449668808533912,0.21719299684259766,0.24115968572816116,0.22594142937514283,1.2940852368721354,1.2887844482112771,1.3084772337416077,1.2706350358178715,1.2928267371335487,1.2981291313941112,1.2273460823668574,1.259118814494822,1.258469462693027,1.2569766662262283,1.2771392534059784,1.25738752209695,1.2427330734452922,1.2423018720105412,1.2732219807252272,-12.716668072372954,-12.608302444741497,-12.608441376221379,-11.868059004127957,-13.227517023667161,-13.906579548820986,-14.884601348460109,-17.246376709397083,-16.6582909101285,-14.477195045917512,-15.442933324805267,-16.5332682744951,-16.207944103876855,-15.888723481428912,-18.173419006564615,-5.085749019922172,-3.465707788968123,-3.1611807500722837,-4.231196446699803,-4.598087449105343,-4.985954265449933,-8.390934535182943,-6.615661496658385,-6.109416679474161,-6.053858011193257,-5.809453431978519,-5.855867551007906,-6.10230714483175,-6.399876788226416,-2.634140577020818,1
0.19254456961496808,0.2172394537947609,0.19900737414185032,0.1807985042628376,0.19257084936033242,0.20136830785421705,0.18275111219807072,0.1816851518779713,0.15421540619597585,0.21225124878717522,0.16329663540245926,0.1758846062991946,0.17437530865773906,0.1687950910107134,0.18236034775442203,1.285784445621332,1.3199223087114398,1.2958726076805522,1.3089151454450958,1.3132776408948452,1.304506165945432,1.2988517641821442,1.325865619475926,1.3140819515586746,1.3049257049393117,1.3535421075446303,1.3331700296748419,1.3239486222762986,1.3104183733438812,1.3268785082104853,-12.152233140251354,-17.657022355821113,-18.1834241147057,-19.128995867058535,-19.483903449208128,-18.319406285966352,-17.90689609324437,-19.99414212212659,-18.526271116412687,-11.942232315545255,-12.272960528302235,-16.411537686729474,-17.903928017338814,-15.077285818687358,-15.020257102589994,-6.4038648210168425,-2.721976484187086,-3.9709842756563507,-3.3316959916537963,-3.0862572175911676,-4.359295121296191,-3.8827310939605835,-3.8216619346067993,-3.7977167780323904,-2.739715223615303,-1.3469225606752744,-1.8040365036050319,-2.2116337666966954,-2.001610605917131,-1.7080451073915273,1
0.17504903229615498,0.14944496996076523,0.15165851520264795,0.1693788105809032,0.1760658405546069,0.1590706723401976,0.15922652310357416,0.21478963925387662,0.18673669106383872,0.18430513897500012,0.1882955529127328,0.17126336418047938,0.17724861299511105,0.18281136645156099,0.18019425332464117,1.3354859781953843,1.338332411870877,1.3726765385197075,1.3559352761918542,1.3312609771885597,1.3544245941979651,1.3635646473925989,1.4011652322742976,1.427869282048979,1.418941326212849,1.432424816850544,1.434426503724947,1.4162978649612026,1.4421434687466328,1.4213091025729285,-14.345515395148254,-16.876725228813626,-15.559404935438863,-17.69712652443721,-15.905389254872063,-17.065581910974828,-18.380536988280426,-17.370465721736338,-14.958111733420452,-15.589191563449248,-16.0036985062695,-17.83201208082366,-17.714190073435844,-16.75568932454854,-18.020241342726564,-1.7503694136020174,-1.275306603395748,-1.4517702545312154,-1.28273151151464,-1.2953099147257718,-1.3687117945670577,0.6619136421127461,3.068568440420748,3.2845354974643794,3.088111082550328,2.2167247845943145,3.444738843404947,3.0721822640388163,3.642103326617038,2.951935066323823,1
0.19269825665599433,0.16421398947701749,0.18292573119320568,0.1746013752224187,0.18033801641580172,0.18939359278665968,0.16261305964584627,0.18415046212920105,0.16683687255176252,0.1866682969327107,0.19416313247442624,0.21711417079777934,0.25071530784504537,0.21571607450306507,0.19976855488757655,1.4071068591302325,1.3998042293121438,1.418103108103277,1.3750585052665893,1.4128699427872535,1.3853333205727716,1.431169599544799,1.3899265872238888,1.3794500206753588,1.382907406511097,1.3626970138390235,1.4123858629572015,1.411216870004944,1.415795123280683,1.4088410893580297,-17.269912042609207,-14.504815692888485,-19.801954089293048,-21.86250104154371,-22.364815543681914,-16.925130810026474,-21.616076882231653,-20.048906632033038,-22.2729397431458,-21.770030146247848,-20.775487356034574,-22.110062407155482,-18.251805380670362,-17.655880624982387,-19.0311388632596,2.393551532634453,2.7066361095026723,2.4032979734609174,1.2619852708969417,2.389499953591779,0.0506629412286118,2.8516233205154613,-0.21029253341386794,2.2110246380333582,2.0854261841557227,1.6476509601328555,2.055796796772129,2.0368748558508036,1.545546024054861,1.645421070555692,1
0.18858996263998862,0.18019425332464117,0.15612738446997687,0.16529732785502887,0.15749852345790927,0.1742580869992562,0.14514340869872988,0.15749852345790927,0.1653399781118618,0.17095630327085595,0.19616665703137037,0.1872152664696367,0.1824801264979199,0.1821581951784319,0.1493826788111295,1.386636065305391,1.3747567267884968,1.3881376431610415,1.390495887788285,1.3794500206753588,1.413472528212826,1.3833641890403046,1.3907666870237154,1.3966439482852564,1.3931678014692526,1.3430795280907595,1.3550541849298656,1.3503682966697377,1.3945511793809084,1.4058090397976586,-17.164609159995223,-18.964697968273214,-18.839582629886138,-21.497293038724393,-20.622532514100442,-20.900403643698127,-20.412953596175555,-20.584805506737297,-21.449158405393916,-21.40304789615473,-18.13000309917021,-17.56911810795745,-15.676804034320838,-19.214654086283787,-20.29626935339806,0.5709350959300676,1.0520269513911162,0.8695119870513492,1.2878536448039535,1.2682558150893084,1.711601426487264,2.205874001383584,1.5664440627542207,1.31028360664325,1.6049484179346096,1.1556802466283596,0.5073875369158808,0.053727805245840005,1.9078011951698854,1.9056027326806102,1
0.14967333968510682,0.24140687096761154,0.18943004887376486,0.16086589862751924,0.1834349650856952,0.17970493184887698,0.20262390736107455,0.18499124541327738,0.17666850493357245,0.15719117642871996,0.17979825464896526,0.18016873148851184,0.17047055918860357,0.18610489781389683,0.17767841830954909,1.3418829372730685,1.4094094855752195,1.399116383376298,1.4224925572948726,1.402107801768452,1.4016273467073306,1.4139631455055492,1.4106971118747351,1.4138535696408046,1.3966834175834626,1.4092975626876127,1.3877515465577728,1.4203107487046787,1.4099889094848697,1.406908739355785,-19.58609239399496,-14.650781723238111,-16.78840668350628,-19.156798775181613,-19.486218754304986,-20.843012777963793,-20.420821533635575,-20.721088241098983,-20.550579265737724,-20.72120017976809,-20.299638512519778,-19.9094282090945,-21.31374554093614,-19.08514962267384,-20.208667502763433,0.060144026472936506,0.26958708982535445,1.9733998882122707,2.2564861047155316,1.2396383704288283,1.91835561469333,1.9430565155782376,1.8722282857576116,1.6849911758354754,1.6233889178075762,1.5923637041944148,1.329253795412902,2.050465784684678,1.2231293442680267,2.0716611943883922,1
0.18397143185136694,0.1760875568692291,0.1926692508650724,0.1847681751843684,0.1884846831309881,0.19678146750153433,0.19812833305773037,0.20087373988208423,0.206655514262294,0.16977513959425067,0.1900415361277525,0.18630427491520685,0.1860756829060154,0.184238893032993,0.185746102869863,1.3991191620508152,1.3553369144671508,1.4129308022059954,1.4122640969183637,1.4350393139052313,1.414622176418135,1.412150889408546,1.4117713657590412,1.4148747905450267,1.413353014150054,1.3890225322696037,1.380292548279398,1.3713958108523787,1.3764828846887618,1.415785072040031,-18.925980587741293,-18.342058855508412,-20.348882912720796,-22.43850810335283,-20.339769580467788,-20.430195552598775,-21.688468790225585,-20.682445192452747,-20.20802664060949,-6.51163391238228,-10.965911842143612,-9.351535787219717,-11.31483945918319,-8.97519637459311,-8.094662304703121,1.6139386095959145,0.09089483546897376,1.6000283739252865,1.3545649886396351,1.1017700713309388,0.5982372466340942,0.9572492343972863,1.0804688067749288,0.9933974415302406,0.9358381103544209,-0.16506248591919342,0.9267832650563032,0.7716146057077891,0.8183448460154354,0.3555645436482068,1
0.21106594647558458,0.2043964605021063,0.16717139804621595,0.18223967109644523,0.19186261555329256,0.17688191854989924,0.16832168149536564,0.17432436405663962,0.24999189548101844,0.20847972230910244,0.20374452230780724,0.14149518730854233,0.1946776498426706,0.20236937620445067,0.19043836551091667,1.4086099368326175,1.3980055670956435,1.3828194497107749,1.424302699915758,1.37305468904102,1.3909826912015344,1.3933747023502503,1.3761445548246207,1.358575441677637,1.317373985401692,1.3624706945735623,1.3736067639075842,1.3728415659505406,1.3594391229885026,1.3915756304456943,-6.656914259230291,-14.211382662461801,-14.148984238708465,-3.1619604540219086,-6.884843398048503,-10.74348881940341,-15.340419946111439,-8.616711332096429,-10.64696964944082,-16.4943381908152,-14.906303827543383,-20.775401785215934,-17.660625098617572,-20.609638760242035,-19.640961842996177,1.4150100548448294,1.3723938339495148,1.1732151124283363,1.7981394022158517,-0.13248860909885699,1.2581881308520075,1.1356637582677966,0.573815016966274,-1.3699652611631865,-1.4339311136278232,-0.2884368452411804,0.18645301544564688,-0.7103116402156652,-0.21753993196514057,0.5688275598266986,1
0.22027280700571572,0.20049322605074704,0.18725345365251178,0.20252785502119658,0.1871584014937723,0.16789845892077915,0.1861057258832059,0.17768620049262096,0.18521659985673838,0.15738992312510086,0.17045536495063535,0.15160166382949763,0.15228641716340674,0.18218170661976277,0.15607315041862457,1.354934485852381,1.3805898340738525,1.3897163476060121,1.3569472078528442,1.3889384316660047,1.3424915690221069,1.3705755932817052,1.3675983853116764,1.3540311940766663,1.3862876356551126,1.3665828376660254,1.3974977350524298,1.3883846210716975,1.396577418364228,1.3601138632221728,-16.15209445325445,-12.509414721378818,-13.680150957435927,-19.16338605627712,-19.542282114578086,-19.033002013801678,-17.272891052016348,-16.218719109242556,-19.54858074079027,-20.535125647311247,-20.64882026575546,-19.25903799207248,-13.917292624445167,-8.852512090858767,-15.138606216976115,0.7680954474081049,-0.45205403436661257,-0.4900075323457311,-0.4283556840879719,0.9973480501995419,0.44855545088454557,0.29524290274456566,-0.6783013707801308,0.6253687531711495,0.7080279319584419,0.22726812133412624,0.31922986008146337,0.06256790600180744,0.016386205072853353,0.09825242633849181,1
0.15274071562305364,0.16328819161497904,0.1576092096892202,0.164553464519739,0.1810923632234286,0.17766252938366617,0.2026620050219144,0.17509225278688567,0.1533202230116265,0.1749002414832624,0.16105575179724715,0.17464039038213452,0.16410965553273338,0.16079038736589157,0.13062170203060688,1.3943489099050754,1.3594804330327288,1.376540855812396,1.3555277539691586,1.346410146400685,1.346363279743813,1.368740233514828,1.4325833545525022,1.4227784668102015,1.396117373656314,1.4045036607049113,1.3912129659737953,1.4008318115949538,1.373941669095132,1.4138100956608988,-13.883415318593961,-17.787073139240675,-17.646328334915466,-19.66771715792771,-21.07116933318457,-20.275849509928662,-24.406069059984702,-24.020771332805793,-26.688940959349395,-26.71060045947155,-26.50685891444263,-26.508097913976655,-24.19089541738498,-25.36322167544003,-24.542350158179715,-0.7011568769054666,-0.2010596440342164,-0.2392853672375825,-0.25773022971241166,-0.7916693296575349,-0.6351037286868914,0.9563711928286308,1.798135698154675,2.233247524623839,0.9675912571594716,1.7937636263620054,1.9930881111276706,1.8136610949778174,0.7131302302715025,2.1476701698948206,1
0.06510430630692718,0.25616077824139893,0.20160438301595104,0.2088459113239936,0.21792738449755888,0.2089147394724128,0.17839478984558474,0.20528023567841192,0.20266739926251998,0.20758998721536867,0.21626208820853793,0.2285387471969481,0.19165787704758086,0.2077972532594149,0.21579060670744757,1.2746321226515784,1.32518514573194,1.3705989772839429,1.3601920264016942,1.3353184679524672,1.3858146870078238,1.3753588399421077,1.3898159459146449,1.384069904643591,1.3642058080783654,1.3955587619281324,1.3790733676688396,1.3800372906230383,1.4081268511368965,1.3336480648335816,-21.896547265921868,-18.07689918052037,-19.853022812249662,-16.76387322334034,-19.582794543013904,-20.224110024213672,-9.91594791279249,-17.00711361083617,-17.775788265585845,-17.978880935251254,-19.035639257801392,-21.492424347015202,-21.635623700579345,-21.016771670635904,-19.26246009022813,-1.2739305165257304,-0.44030885683545334,0.9114034935144678,0.11478529716627872,0.23941775738850768,1.0879992633655584,-0.13780271179243142,0.702946372620572,0.2298217326867134,-0.5009853505881383,0.4162645184652884,0.017691424776500344,0.9619324895276349,0.8545609103083206,0.6271995422747417,1
0.22902614374448366,0.25674420192611774,0.2074498024536124,0.17795861081119185,0.17790340766781115,0.1767288749526883,0.16570182258011956,0.20823228535517735,0.19119241284001112,0.18315841067828909,0.1790549063665136,0.1973786464884682,0.19263459115255915,0.18490707586268348,0.18517530251502795,1.3257082133959068,1.3878576939353344,1.400172172983746,1.3758538323109784,1.3572402133636199,1.376886725087633,1.3618861398836655,1.35702031772347,1.3795464192350366,1.3754574368837476,1.3970227604631642,1.3744214066820875,1.3494856365155328,1.4150492664150416,1.3975343492355057,10.855477781211874,22.905879255092913,5.4338028131549265,-9.797887330856724,-10.86268982104292,-13.295951489854986,-15.375980098882394,-22.38162118603762,-22.309790378591998,-21.780830327254137,-22.376573804838927,-26.420950346358723,-24.1680363781565,-25.714399713504378,-22.9672613935235,-2.717561891579009,-1.5242552565647953,0.13177711973697256,-0.8357851748088271,-0.16494140678068853,-0.09018268578874951,0.6253774901754653,0.1526610057136795,0.17214613709906407,-0.6377180369275549,-0.6180319839242066,-0.30126656390065804,0.3792070179551332,0.9177796105021608,1.2930325575244928,1
0.16244657192576034,0.15521863727602409,0.16499589021870384,0.18521603153537253,0.15909515134096708,0.18249689446040931,0.16259525871328706,0.18588315774283043,0.16293418747108013,0.1411144168029551,0.14971040660213525,0.16094470332728075,0.15659164232716988,0.14643781740806022,0.16297035787295772,1.3728815051606842,1.4001380935401049,1.3705210463940736,1.3540692975347204,1.4078607892214798,1.3841075128591909,1.3955185515801525,1.3612822360059538,1.3817187224470844,1.3928136353935097,1.3854541245936833,1.3831781737378854,1.3767159966448865,1.3746055946068358,1.3871782709731721,-23.029502942903576,-12.865843947127956,-20.384268792651994,-19.13269281288791,-22.182453103985978,-20.08337154940139,-22.385646809512338,-20.24923818034739,-23.314097399366005,-23.5328587645663,-22.733292923046207,-22.965719265176574,-22.985093377068154,-22.611406894761984,-22.9170717583375,0.33481599845460164,1.4314918217342223,0.43818014504943087,-0.08173648528555838,0.3629743389557385,0.3729695733947601,0.18804935099674108,0.2045631261134835,0.19509178197046848,0.7017782122588234,0.9027563711799542,1.0218954181954862,-0.14233141810496386,0.8352296906641166,0.2747562386989812,1
0.16420905097800717,0.17898327010179604,0.14912250258257492,0.14111568065802038,0.18745737267822865,0.18473322624965866,0.16998296950731734,0.1620613782708013,0.17875263069770284,0.18285539060840839,0.18409675820083157,0.1499105839194872,0.1586542447197855,0.17657874781544586,0.17460707287027974,1.3714255658342465,1.390538227776373,1.3833113551755112,1.3718051698466573,1.3431855592047064,1.3618805527772717,1.4053904392462335,1.3671777082764554,1.3811134163473808,1.3931987996620034,1.4057290567101974,1.3716205355610882,1.3880012122214018,1.4149953991520343,1.4016418947099178,-23.670821232052333,-23.347475030103624,-24.619323921097163,-24.43768627291334,-17.76761409896517,-8.470789058291956,-9.632505093489868,-18.859379700933715,-21.31986170400839,-19.60655055553883,-20.833346063753964,-18.73844676700378,-16.226177189619875,-18.30388723698516,-20.336475951236366,0.31763147491500143,0.20945933969842448,0.46913153621988124,1.4335675800179555,0.4967485213441448,0.7873876000958249,0.038936838646516835,0.8018609443084549,0.6282349270986562,0.6050195983202291,1.6944019910716146,1.5794456681765532,0.8111053487768358,1.631768432841765,1.9235369747132034,1
0.14083342011861852,0.1894964534699039,0.18086835942545643,0.17893671269029326,0.16963628906476885,0.16572124392692061,0.1570429797989883,0.14064494718656076,0.1396080544043035,0.1531738043380222,0.16210897028737284,0.17763352376978542,0.16850743405927143,0.1726579697821738,0.14694315685502018,1.3752160313172896,1.383756910408586,1.362350590921199,1.3603133371038665,1.378908992492727,1.3603138834407973,1.3811101181475998,1.3958948749700235,1.3747823489186124,1.4153313169318233,1.3982827389681114,1.365147379700192,1.3508510378409515,1.3622082259931652,1.3673282864362273,-20.604917734739587,-19.115769057530173,-16.695876145365446,-14.93473619910705,-18.845682441125575,-21.622783299608614,-26.402961662455226,-25.858204837498022,-21.858122299547205,-22.655138559633002,-25.146166406038475,-23.97650222906418,-22.981491932663687,-22.79043680148618,-22.674719929087587,1.2361646457054718,0.7371618130042366,0.40146126679901717,-0.4283453025190169,1.193956075177798,-0.924435609729356,-0.2666772914771482,0.7429944061394481,0.9891005058197212,1.1106294720941077,1.4230901267732359,-0.3319923239746422,0.7100923874870037,-0.5014683962050932,0.8377739863220609,1
0.20302269196799444,0.18106533920942902,0.22167192843026703,0.20364205486400758,0.19419255099503505,0.1974298404825,0.17064784371439318,0.15647764235273187,0.19247805489923966,0.2036457228965201,0.2085880903603294,0.16361978181247716,0.14507361019383808,0.20233740952961377,0.19761561091569424,1.3552920710645044,1.3268661704242133,1.4024189087138876,1.3554927526460805,1.4025084692660335,1.3831282604972084,1.3752507240070175,1.3666221281251691,1.387619728614999,1.3693131056827044,1.3623661546912975,1.3309824900084768,1.3692758154612656,1.3769515749001016,1.3387945174582963,2.8753253844804476,-15.35082185649685,-17.85169620875274,-21.812414576158062,-21.237213954309738,-17.735642713144387,-20.746857044725203,-22.90453713706438,-23.214545309282414,-22.99522863847045,-20.87970626034027,-24.98979408948466,-26.214833216276702,-24.458728891273125,-23.33896000715231,-2.6222629625446605,-3.2125238751443557,1.8136048982411117,1.0638210392761112,1.4026779198350778,0.6900452307463629,0.5976716195056669,0.11726614573720087,-0.4383971776808543,0.09090005251934452,0.2615661462268728,-0.6587439898580932,-0.3788647962989527,-1.8757108973299976,-0.363742884481508,1
0.2565499970134571,0.21551978844340222,0.19406285575804125,0.16557318121814937,0.19258944188297783,0.17329118384767253,0.17963269671099494,0.17154394987366256,0.1781814962351344,0.16518712227222432,0.17282509125815926,0.17265022018380438,0.1611618118109182,0.16398384233026916,0.2227806667744186,1.3277040116653747,1.3433807637983781,1.3180278077971572,1.3741601009223101,1.3753686753650656,1.3798313003284846,1.3752746293296954,1.3797163559008812,1.3684678519685067,1.3578845808747997,1.3472479635556318,1.3604808895860034,1.3892610769480012,1.3855432438184119,1.3858410788787696,-21.879779296339876,-23.883420125870856,-24.453747405277426,-25.860299189269057,-24.371801947073777,-23.206856808368116,-23.134867267110423,-21.240195745669155,-22.525275958917746,-21.97634282578565,-22.69523418873885,-22.664397854881315,-25.018362226781903,-8.390463278136167,5.659236760988165,1.160990004363002,-0.6571405876573913,0.2424401454388751,0.6201781004175716,0.09328924512267973,1.0313804965997675,0.5923224061278267,0.023094671596892248,0.2948731351745717,0.6397487513795226,-0.1335446958141489,0.05235260769080528,0.2565370275982479,1.024153412349947,-0.06029929933911948,1
0.1856911613215833,0.17969077020941854,0.18806415927709141,0.17976201927233715,0.16078819397593597,0.1819911549251578,0.18203709664430678,0.18444542749685675,0.22767771697869038,0.19217763857115813,0.19761561091569424,0.1840548645004058,0.20367887208215923,0.18521603153537253,0.17111374251760408,1.4060520518273392,1.394508434243713,1.3814563959126098,1.3761374394222066,1.3904417546082801,1.4251573276292395,1.3889509861318674,1.4119129488296953,1.3563026460817902,1.3644886348986456,1.3652208963205785,1.373569976162344,1.3594772283126622,1.3711473903718736,1.3747911248072988,2.302187048559148,3.016629288445131,2.4520891090686803,0.9534515733446653,-7.219885779857606,-5.240983904220485,-1.4424331199114988,-13.042666750599551,-12.443581289060802,-16.04704631996799,-20.08516212612986,-20.386003972186472,-22.225453431346466,-22.10771509797891,-22.06898670710308,0.2100904325646803,1.097261721761425,0.040622693037469834,1.2122549019898008,0.5878119063610076,0.8431440195324585,-0.0920523407801628,-0.7964102423350846,-0.8508739694367605,0.6533088633201412,0.2796508718791192,0.9828176362113832,0.5942408313055426,0.9158960851916886,0.9514615719143308,1
0.173273674768546,0.19314957621358192,0.1600587072933656,0.1919891736609455,0.19514085421110788,0.19417026326325568,0.19307135988143997,0.1780171732277115,0.18963575573950775,0.17105265745605835,0.1562690342150546,0.21306620258588285,0.1520484738081187,0.26810057394337683,0.2742483803696053,1.385559946856353,1.3624706945735623,1.3969642661175312,1.3571623032210076,1.3794163505569363,1.3458339440076517,1.3934860813288896,1.4059103199307499,1.3811278665459121,1.3950610658764362,1.4018492790071941,1.4019941995444494,1.3908035900619522,1.4241022383554214,1.356502839979126,-19.923619214216046,-21.9539403269207,-20.466442728647337,-20.915335479878706,-21.702750464640104,-19.347621168819813,-22.574215357896264,-22.898660915865122,-21.208213771319947,-22.26752359154807,-23.43420654213432,-12.329632022992314,-15.468299620302389,-9.302204935359526,-0.08020141503476452,-0.026971241884708393,-0.33765560639685416,0.7946138428094037,0.25116265718190145,0.8839474635886119,0.06895250180952209,0.64676073880201,1.328888054529891,0.3577848583211379,0.9794692530427938,0.9607740143700182,2.249982075096954,1.5558821174967343,2.4267619819268518,-0.976479079534345,1
0.20176924580503225,0.20921514103170924,0.20698661039417005,0.20697738261887644,0.20657913383122228,0.20008836770467375,0.20965486653196092,0.19361054163198244,0.21109475839061118,0.19941343163328168,0.20024270074173234,0.19313572462483816,0.21502391332614368,0.21720650208132922,0.21126789948029118,1.3634195238260727,1.3495525318721313,1.3585553975887765,1.3673125865367106,1.3579972384352337,1.322624751944988,1.3201630083171378,1.3495525318721313,1.3564334540543765,1.334995483079982,1.3536843603898547,1.3472666169099445,1.3252423436363956,1.3390982546928087,1.3539958280901316,-12.459803459366753,-10.88352135919547,-12.41817039125388,-12.582497813124803,-12.419774690123347,-10.561050911182718,-7.293957301295109,-12.426081576504572,-14.367217631093979,-14.100643314139006,-13.646410853764479,-15.209009663093866,-12.36180174323286,-13.461536244060909,-10.36430387224516,0.0012093928969359555,-0.6762589773578644,-0.44307588376905666,-0.44331642040143854,-0.49402038771356394,-1.4853938212969784,-1.3370712848846682,-0.9834509360526511,-0.9133886484756936,-1.0327028764033,-1.3388141359397072,-0.2681658147574464,-1.568192434095196,-1.7087016364834313,0.05067582282358797,1
0.19042410036562962,0.18740810439261757,0.19991967910818798,0.21456128919035938,0.2046953066771842,0.20746748671305487,0.19420821946555206,0.1880661023202463,0.19668216494150983,0.20849732283070405,0.1880661023202463,0.21041697673095472,0.21824962640039736,0.2042434104915345,0.19649284813346876,1.3494560583477335,1.3399042962844034,1.3642725144067913,1.3369247942144604,1.3455029182783975,1.3408338013582901,1.3496202091021505,1.3482607204054275,1.357004087890455,1.3366485903806784,1.3480371324801992,1.3512099170484662,1.3728415659505406,1.3512222107015175,1.3477191154147858,-14.935573558769192,-18.243309299406747,-18.763049418233464,-18.607865821844428,-20.365526729462033,-19.57532030932694,-21.134996434717266,-20.120824866721705,-20.420826344219392,-17.305997685804556,-20.478171846392684,-18.604965535164183,-20.220203048213307,-20.849481820940014,-19.537663879419455,0.7195086044739164,-1.5559618370651735,-1.214464747216037,-1.3495588594799048,-1.2387035189778735,-0.7391465005978133,-0.7106035530180298,0.04856427464425315,-0.6241738530933727,-0.7976039865126048,-1.096166650703532,-0.9456607877643392,-1.1378831592536103,-1.1968720580677141,-0.6200186328631578,1
0.0716351326507679,0.06487203141640009,0.037417865018332976,0.12525727643231485,0.20503711359798266,0.18115297367444538,0.17952395427255988,0.17366768383600692,0.17915431419712974,0.1811449772243503,0.16041146098211873,0.17934710810040025,0.14420233305427832,0.15539742489031863,0.13096425382175197,1.1024413203661712,1.2038013572053425,1.275644777794949,1.348356189268666,1.3713640224491563,1.3483345687046053,1.3493354647664189,1.3579355891242944,1.3424596962825686,1.3639781857644282,1.381305197069182,1.379497934641418,1.3732202913819243,1.348427762304732,1.3223914465534004,-11.792449779064896,-22.223977243893643,-30.082696844339978,-21.245917588263154,-17.140812302623374,-18.226134139160138,-21.57569460484288,-22.127528992582626,-22.12586371409415,-24.10487626681612,-23.801190419277646,-24.344421962473035,-24.36768740242772,-24.275832712230766,-24.055600694066868,-13.757490581521658,-9.31385878002067,-5.301412920393356,-4.291004392797362,-0.975740215969827,0.3715695504239337,0.6465737706793934,0.6039771555767219,-0.051172341954882156,0.4687365617589945,1.232760619828264,0.6483152927633347,1.2374460342778737,0.3179914797376521,-1.1605412607009162,1
0.28165158870328455,0.2550092067235753,0.18360410056641993,0.17548135011982002,0.18325207813920524,0.19952845066602076,0.19228839094280215,0.1841240639945228,0.1927158860945387,0.19607103097205297,0.19507742078046042,0.1916878722987918,0.08072845694215722,0.07098987616189442,0.1746371740706278,1.384956787326279,1.2803387145556457,1.324011605395199,1.3503682966697377,1.3380583843968337,1.3408338013582901,1.3234735943102254,1.3699463378623762,1.3451601793051575,1.3172136840906332,1.3538728810056773,1.35244486214063,1.179435181233702,1.3513398066718931,1.3498960287845987,-14.780910208650454,3.9943684865022817,-16.423938283579787,-16.046458397613264,-20.094556134993155,-21.537879185132454,-21.576097869731797,-21.559835960610627,-21.948865353805246,-21.608465967427293,-22.83436221823115,-18.14924414471406,-28.723239291981486,-24.42946691293386,-4.70648939079291,2.5927647740115694,-3.3533641516105566,-1.0413352266320333,0.0016163231743610937,-0.439157535507197,-1.5496103870037778,-0.9663568363841921,-0.9231697848440196,-1.9482668036673443,-1.4126862170422103,-0.9914420055523339,-0.35323726344344397,-10.332511070149996,-4.009345970567034,-0.9629063891000762,1
0.054414284490048814,0.13152025267370313,0.20823407314322634,0.26058245826608933,0.22059306877011078,0.2170926382792509,0.19314795021280146,0.18583869985898593,0.18056636896853073,0.19742286868318176,0.20438793352634338,0.19008638610869416,0.2038562306481858,0.19775089634962228,0.19590874687643317,1.1953554161286273,1.2896020952324394,1.348427260334226,1.3883588206725894,1.3736035096340926,1.330133775391287,1.3452423141359178,1.373766853811315,1.3536219504806495,1.367141249016595,1.376466646946502,1.3662827764577612,1.3508510378409515,1.3646748147315435,1.3622483161744714,-13.787159062359649,-12.230873926114697,-12.501620447729579,-3.636291356145165,-9.23685935659529,-12.663281061532075,-10.06996209321781,-17.28663992349138,-18.39350785356018,-18.586518712258197,-20.50804852539335,-15.912430643418674,-18.743358777845742,-17.800983739247158,-19.235572868881718,-11.837831786215542,-1.419198030958426,-0.28770840366845746,0.6849407370266848,0.40310170747098945,-0.8024305410180296,-0.8837685423073893,0.8264377183710025,-0.051818310933715715,-0.09375104545555764,0.8073734656127685,0.1437283869785963,0.1555289795539398,0.4420383149453731,0.2873837545822809,1
0.4847763274393053,0.2846619169248119,0.2851689120979436,0.22739661950006593,0.2980170461432258,0.3068768139297941,0.3093040246850205,0.28649999630721257,0.2858690504454095,0.2987717342993427,0.30058476777349885,0.30215696101106654,0.3045669412357117,0.2992576103932165,0.29770066248177973,1.973587253420318,1.7431373998543516,1.6965221625033593,1.6776769825789226,1.653191916491135,1.666691866523362,1.6831505036275183,1.738990169207945,1.7276940711743523,1.690328037881524,1.7260377120772388,1.7364525308176624,1.7233833418327442,1.7147859571389554,1.7130165994374633,-3.530714042190624,-11.678678325624873,-11.62136749084766,-14.646827945322116,-12.249352397743706,-12.892122054564794,-12.351348355810103,-9.90164001408121,-12.153498224101156,-9.871417577713515,-10.020394982779408,-10.40020896399966,-9.94716070951921,-10.501352124533554,-10.00958221951231,43.78960724172268,11.922518308341846,11.390498366173544,10.799285908172902,10.799744263546144,11.181127666328464,11.369455261960484,12.584343976782362,12.526404004952527,12.192024662137177,12.537518887724886,13.020704908627406,12.156165314780877,12.260082587730192,12.53760406012041,1
0.301187488110424,0.2965854130693336,0.2991408986025509,0.30352618869908604,0.2910259575055425,0.30294237063154034,0.2960675924039217,0.3027965900706401,0.29314919863585875,0.3046163036069699,0.3013420256322573,0.3046650314858331,0.30357053722057736,0.2963421266135289,0.2996979187994334,1.662142915324742,1.7096795314942401,1.6930477439122984,1.709107355798157,1.7464438933648114,1.7019736935165166,1.7407534497120267,1.7024200288835496,1.6930477439122984,1.731948835785366,1.7246372467515299,1.7133246702016058,1.7337272972009319,1.685172478953205,1.73872496839805,-12.864783402381477,-12.277681085947648,-12.454411841807229,-11.955123480812375,-12.789264243627372,-12.028781675322222,-12.116558209724786,-11.91966062084245,-12.096193165929435,-11.573275180416942,-12.379331379957904,-12.519603155754425,-12.99445539223268,-11.76261168196504,-11.998524492527508,11.717048408488841,12.574508217381906,11.901763954633447,12.380216234760606,12.5761674417916,11.886083651153617,12.46040905387292,12.225924837714745,12.526899404945016,12.125054854566526,12.128326526558887,12.381719000823482,12.33120030917041,11.983619409786916,12.703398287712758,1
0.30549027339929435,0.30919677666771234,0.2849324559575923,0.2843996853880808,0.28458099276860893,0.30129566270045194,0.3012267030693361,0.2959623063627702,0.29954292731295096,0.28778943308285837,0.28300952341942853,0.272378418366397,0.2919128005217767,0.2864188223563764,0.2757735419403091,1.706260834828269,1.6924696741244065,1.7137306921920485,1.7016319904643522,1.6669787898381485,1.722988853077336,1.6811273111818879,1.7000455881840173,1.7253760979961785,1.733111475675975,1.6822060014795202,1.6845824083196317,1.6822060014795202,1.7110972819335724,1.693198988883227,-12.323044724696274,-12.241743357171089,-12.053510891693605,-12.784637370113302,-12.46572455673774,-12.299689444333438,-12.904451024622063,-12.748270173648677,-13.001119616970954,-13.12091976967352,-13.04753214231917,-13.079760125149562,-13.615661421451563,-12.753012892424493,-12.732335226762189,12.405350190402425,12.230769301522473,11.756931021994525,12.40407930625077,11.2192773850725,12.51072080058766,11.768290708921143,11.497513795614807,12.065006160727789,11.926722930406441,11.47757282713919,11.425908928510687,11.796840737569154,12.354012493061106,11.187276542974562,1
0.27676277035639507,0.30352618869908604,0.3065031538715939,0.30203957976737317,0.29930056968696345,0.25939498816009887,0.283742016076879,0.28311477260780427,0.2781688110551978,0.28471225846821696,0.2908318586854747,0.2930129138641228,0.2924569073972715,0.29428868748768855,0.26324054478791475,1.6923427600781535,1.6947600870395,1.7113029295578612,1.738214913080569,1.7093695876649722,1.7326366269682987,1.6864759684883626,1.6930477439122984,1.690512339109269,1.6972472348065248,1.690512339109269,1.6961222493072443,1.687022445488107,1.7111612423007059,1.5158482434233942,-13.346289262599925,-12.461657834311296,-12.68218567471439,-12.666253165721486,-12.095792363174127,-12.638727679073611,-12.966308264540572,-13.792536697025952,-13.599912694450012,-14.68740768509565,-13.549710557102799,-14.263689932777169,-12.55020561112417,-16.476886178332478,-22.298895409179295,11.906633481569685,11.902568229864297,12.525387437208513,13.0234896574116,12.491601364173123,13.10983938950461,12.236371616243876,12.187752816105984,12.986384322500752,12.209481539564848,12.812309277211414,12.224833157719189,12.281051160515446,11.790102565432175,10.776918633424925,1
0.09165197206629563,0.28454491343538857,0.2922217749917503,0.3205258138208291,0.27435921161043586,0.30441587191174235,0.31787053119507924,0.30657647938470073,0.2712516441891329,0.3205658368012517,0.2885715495404286,0.30376319272029,0.31975498541022485,0.3254257550540426,0.3112184673642277,1.4096638994135078,1.385694776443102,1.3940041629532811,1.498733462194139,1.61604440479843,1.5387314217379393,1.5529156246812257,1.5343466403101633,1.5282000038884804,1.5903206726341304,1.5441823890844653,1.635862872499095,1.53134121293744,1.5777473029516862,1.587388955683749,-6.016263620082782,-1.0433007022278105,-1.069259656139792,-7.21702236403965,-2.7634836220905754,-5.708728861635365,-5.650107794934314,-11.308782940326893,-10.646510909461284,-10.682650298907618,-12.440082378729954,-10.490071002033005,-13.687640801953307,-13.999467858539845,-14.16904075590736,3.4964666267498083,2.306648795722304,5.491840646558713,11.321557786214068,13.49072528445075,12.736704910430376,14.031882340837964,12.634197062097288,13.91683344106822,15.103133057994535,15.241204694046532,18.34782385372338,16.736298740510183,17.65167906984831,18.007518666481314,1
0.3241151935240578,0.3358247661948882,0.32469356292260876,0.3290893333230084,0.30666590737893606,0.33454755558902916,0.29910918482790905,0.31918755523069015,0.3299965016221853,0.27109956892986486,0.3189957670459305,0.3454291942129456,0.3275465651432191,0.3345795307716598,0.32450481716279056,1.616986502030906,1.6119285144333906,1.6316490066398885,1.5904601922849737,1.6017922033703813,1.6070847979564296,1.6182255394091347,1.6000559925241569,1.6264629646736504,1.6154762363184312,1.6153190050768957,1.6023846863580489,1.6146729805606095,1.6146729805606095,1.6327578663610594,-11.020331740277157,-12.13145328148184,-11.819151621349903,-12.2473287038774,-12.168352262172675,-12.169645301018022,-12.904383442006605,-12.216943152498146,-12.469227964685047,-13.797649465796582,-12.451269951613256,-12.28952874926648,-12.081942158793197,-11.353008717207388,-11.491058852316058,19.077367731401907,18.736107515315986,18.40781364593274,18.42706670489995,18.8966337483578,18.293857171847307,17.836602423004763,18.802634105012576,18.765828980863922,17.208529166262792,18.987538237012473,18.556215813714857,18.91834221231906,19.514448923303526,18.43458829779134,1
0.2385737125545176,0.29967178593193006,0.30299306731975295,0.30671516220360057,0.3113265976383648,0.28501982991714503,0.2676408101772057,0.3010777221868525,0.31524158148987774,0.30390296492546154,0.2103700007664186,0.3062111088103421,0.3136057956286721,0.296894407589103,0.3091391282219019,1.6056118710311968,1.4835029953316512,1.5041168994360976,1.5084021745350558,1.4856245124685947,1.4906494355347462,1.4867677243190678,1.4971632784048743,1.434113751015944,1.5008842176578137,1.497776962007121,1.4641201857510193,1.4707510212270318,1.4716090341699628,1.4939822921501875,-10.28117943566778,-14.800950584857645,-10.865292049264184,-14.544243153750585,-13.357736567084288,-16.63025589891086,-24.251595488001925,-14.770768975303469,-13.153587225254995,-10.56649057649986,-13.577088543896394,-13.664582188823942,-11.194207676538923,-11.34797131359096,-11.560570691373783,11.557943610015025,12.731008890875316,13.21683277012643,12.184471714466511,13.171305802632453,12.356600519316968,12.504550250605623,13.935511005831005,12.780518216356368,12.546844247780744,11.555540076877973,11.726755572247168,12.647215046972116,12.463775982570146,13.057095126905418,1
0.20344126567863857,0.20286299781420597,0.20189752123725274,0.21545810579295743,0.21459194727989261,0.2265552218035397,0.2109417451982218,0.26923532788460386,0.328130065508057,0.3172675517098369,0.31214218455614584,0.31214218455614584,0.21168071957641274,0.3001474317024677,0.3155339360660656,1.469118360765073,1.4767512528638984,1.4961116277555322,1.5043211131804388,1.4900400267115927,1.491522541689987,1.489075901355789,1.4866863092711313,1.5085674054884612,1.5072490372858034,1.4966476990067685,1.5066481292448168,1.4834495458354253,1.4425690401715174,1.4728137236077652,-15.543670283211299,-15.453351266532735,-16.38139137788542,-15.30669457888456,-14.343643681905434,-13.430264956894206,-15.24034155115993,-11.452105118459542,-10.12627174930958,-9.973720829597397,-9.94375094119053,-10.598309413432219,-15.860353167660577,-14.891435852253522,-13.49309547087438,12.343690206172232,12.122379959862403,11.823650989798711,12.371932475918767,12.881690033524189,12.18659723482086,11.960152149774181,13.118536596197504,13.465817545849093,13.364342477424092,12.997251179990595,13.137719343764074,11.62391458441319,11.195136630213675,11.922744440823132,1
0.16909543726809795,0.2027725314453438,0.1953697637762248,0.18328817098567365,0.19213570866143326,0.20936490342465397,0.19323972662084044,0.2161653664222824,0.2099025210781161,0.19801379405542385,0.208669908528396,0.2166418789963104,0.21097394218773757,0.26751458262004024,0.3100657275181949,1.5394863613698633,1.5033284249381194,1.4856319170236434,1.4898338215733473,1.484088716348647,1.4681231171785238,1.517927929729624,1.4812297690616403,1.4659133955132024,1.4743798950651168,1.4640675043379083,1.477242044534472,1.4812297690616403,1.4615992752982028,1.4914177515937599,-16.102793159276757,-17.568018275543523,-17.713610065812077,-16.39528924948945,-16.400340102049256,-16.6281554920875,-15.63491237040219,-16.551357809980118,-17.47499428081167,-17.17186579040444,-16.665044167407018,-17.01656807567062,-16.067632822783253,-13.539898090070892,-11.961965806929072,12.39860310858355,12.061285866343326,12.246160837833406,12.115164691832101,11.339070449806073,12.222500218987623,11.889324226434324,12.071665895214709,11.450469890773244,12.04571379023231,12.024465905051743,11.947072115289956,11.767096614838174,12.857760741858632,12.107350516128522,1
0.22402337529858932,0.274715908533816,0.2974991703009478,0.317574607331096,0.31797463287557454,0.256862762648966,0.21466361497205821,0.30583463109297127,0.23418293147970706,0.2928415603728708,0.30845337600744904,0.2799631799817214,0.29796377358034787,0.21022700785451282,0.21167289323534025,1.4835529297179617,1.4815723880996152,1.4853471142674302,1.5038536183517477,1.4941134474703244,1.502169544525285,1.4888328260506452,1.4580557330033923,1.459915394433889,1.4942980655702016,1.4732171144184212,1.4819536697505697,1.4727494246203154,1.5047592579126217,1.4580536210659951,-14.259582292835148,-12.656630697932712,-12.834302221844808,-13.552840130202782,-11.308792578793998,-15.14362781298314,-15.937182831320854,-11.86122130655312,-14.28615794018657,-12.911355782136525,-10.697989526412243,-14.343780649405204,-11.929758439773423,-14.35461549080867,-16.45211142601906,11.971776141316814,12.24319424890202,12.599690495431654,12.088608047929894,13.184126392592162,11.446753844102718,11.382986077542562,12.714731902512717,11.57534547944722,11.823229609902988,12.976212116858292,12.035269569875837,12.966628718026534,11.724340925822405,11.12252507723309,1
0.21167002830602077,0.2064493969729525,0.21224261131857747,0.212002237093949,0.21200795648147924,0.21684401097693035,0.22397460679473558,0.22884129297706404,0.2156950507246749,0.21527903710343463,0.2042320546328596,0.2245329361383242,0.23619159623379243,0.22344887342665976,0.2672657473060779,1.4774997504505847,1.490915163469231,1.5030014083270384,1.4965209324351867,1.4921187157266762,1.462017193351268,1.4774997504505847,1.489850439079249,1.4710111807450386,1.485447197903715,1.49763940712139,1.4779035604131745,1.4474344549209228,1.4793053343962623,1.4425690401715174,-15.372919409446837,-15.560167448298955,-16.038570641383586,-16.118407126410858,-15.744527095113227,-16.600468699449152,-15.599387573725068,-13.979895891298327,-15.867107571462952,-15.89479937665493,-16.450763174584722,-14.865530867038132,-16.462331738276333,-15.891877970837498,-14.443642940456613,11.271047231779168,11.019979295091549,11.527471830181854,10.885883456413325,11.130677898662373,11.266537367193903,11.165054699876062,11.789015828214577,11.465958293178259,11.146487842865685,10.668510244243969,11.326358094136769,10.85142216971539,11.685926708923649,10.69907683420632,1
0.21200307506316737,0.2894318217665911,0.30580156285015336,0.2876131200234022,0.2293096820000121,0.2723953975997268,0.3038874352068892,0.32060913732650553,0.3096141788156996,0.30742644611892944,0.23834799557203618,0.21486508513598043,0.2186312807373214,0.30142542789015586,0.27792061727026246,1.4509718314981175,1.4632134429195889,1.4444970243985729,1.419012916345609,1.4762688378573068,1.4272355023965333,1.4475143511987032,1.4629498434379204,1.4588269620390286,1.4498277443818905,1.446708475829239,1.4687804506555795,1.4345209023023788,1.4444970243985729,1.4412674285802571,-16.924557031857262,-14.497738878700972,-14.008557114264335,-15.562499815329005,-16.036894481351055,-14.948739308847223,-13.96611000100691,-14.118756632414602,-14.655447164536497,-15.50065134667679,-16.077218986143237,-16.205076551480488,-16.16738395796301,-14.435191429993779,-15.829904083513156,10.529044014369344,12.205627738800896,11.179074381952022,10.554674907170218,11.69302433283853,10.321270368389833,11.008081484728878,12.16551540782166,10.654943934734481,10.11398488702724,10.820996505560233,10.931740490210217,11.1800790808177,12.321328106806096,10.824900470602394,1
0.2939388285561816,0.2854354945792468,0.2757064139895178,0.2682108948459732,0.2874907574325046,0.3014090572703103,0.305750367655542,0.21801387400020422,0.26942611218041634,0.31737830662913635,0.29630657651940884,0.3224965274718967,0.32171795129527625,0.3107529476249386,0.3114739608283601,1.4743351159244744,1.4648637319573659,1.4548069932954693,1.4625843593029615,1.4492825888012308,1.4335364097482897,1.4554863661316846,1.46158102287426,1.4808257048361153,1.437569897371201,1.4180042399560344,1.4550154768135495,1.3984039804462276,1.4132353762474328,1.4458462722762506,-12.959124470106559,-14.775387800843873,-14.732029791309259,-14.97243210057593,-16.637091787008785,-16.163190311015853,-16.0403268935691,-18.142977396421685,-16.505477540764105,-16.017450444578316,-15.829390564338127,-15.611425774366666,-16.459922620345765,-16.620389767849048,-16.129100102526763,11.728211051364207,11.142118747209095,10.950676938859155,11.111577150454796,10.835676844988079,9.825146646507353,10.879904511991061,10.391576843789531,11.132112417495946,10.524099407447752,10.664238490430574,11.37608566458868,11.148619132727996,10.874961904334148,11.876026265823086,1
0.19401036021012125,0.18483732180111234,0.1924074930122845,0.18680899810055046,0.21501195933467898,0.22893926618476357,0.23827528611937082,0.312635889263165,0.28007291429550696,0.26096929487517756,0.27459707082439755,0.23093646918920685,0.2831248582687046,0.22461872202626287,0.274525419913479,1.4298745952087102,1.4297350662709898,1.4504599939482583,1.448265721169585,1.4551467946467156,1.452142857157689,1.4518605424258868,1.4325759522769737,1.448839509504019,1.4452137858550926,1.443508656897875,1.454296111670168,1.4467622036086654,1.4399661365656007,1.4825313307334609,-19.185751741001326,-18.36797363874564,-17.907534157082154,-17.380537937111768,-17.109162215860124,-16.060585864382887,-16.262565294279682,-13.669369592482468,-16.525671697098318,-16.306249331161382,-15.802817356434616,-15.804862356680161,-13.450578047907385,-16.81953894079689,-15.085772580847191,9.659911372793404,9.591998170196918,9.573365496725852,9.724342740565538,9.77203439981337,10.296519076082706,10.316156534855164,10.231234232442533,10.567012984974749,10.219253907479569,10.303929112400127,9.820438229683376,10.066841357072853,9.367209793678489,9.579276239563868,1
0.2931380274264967,0.29683874914980574,0.2706486907539737,0.24627849292757886,0.2024562884704439,0.22083979126137449,0.20386160582327817,0.2727381457668381,0.21424557313378778,0.22164137285412622,0.20619731231422606,0.2477581505217878,0.21990550224216895,0.25808333869120675,0.24104507438122094,1.3596337032541763,1.366023859580192,1.3504856863378338,1.3321051212127029,1.303302783843476,1.3174640435584681,1.331709617147944,1.3031217390065406,1.294472510525749,1.3234607727982246,1.3312767618083168,1.3359636253384235,1.3091053201131475,1.3036294296708026,1.3258396410139999,-8.746206219820294,-13.221439491881569,-13.084499304786647,-17.930014847424502,-20.879930563213776,-20.76989463034215,-21.922901386871047,-20.778194339842088,-19.47604507245856,-22.00699426532097,-22.807514840814093,-25.71018021312767,-23.84763584591562,-23.72726430047868,-19.636336808735546,2.391496815001513,4.496964080035578,3.4270372164869625,2.9341142247559753,0.7518597681672268,3.5231425721508374,3.0295977447559794,1.2941621566783188,1.822109824711853,3.424997416188976,3.594322028368264,3.6110589679795284,2.2631379936475122,1.6484178603588155,2.7294584763776677,1
0.25144687175437147,0.26769671161361347,0.2595419724749445,0.25369998438438696,0.2558239752207466,0.23194717953213112,0.23192159211197969,0.22065851016977978,0.17622550314991972,0.2580943823066096,0.2541216881966422,0.27575712041189393,0.2640551211080796,0.27247426847515377,0.2698436352258825,1.246250300558098,1.2755475951018846,1.277412391807117,1.271750408274613,1.2772336732044887,1.2596719381219559,1.3374520125742722,1.3173818060276443,1.278718025042772,1.174423258800225,1.2118830520492212,1.2284260894919867,1.226949814375965,1.2449437732734705,1.2882736684756864,-21.697494597174483,-21.217519308131358,-21.25526678331687,-21.180835704962334,-21.476953937335423,-19.66970888746502,-24.636016637032895,-23.272095458653496,-28.283285130762437,-18.443884752740473,-17.947008120122007,-18.687605423551844,-18.103499899659568,-19.142137338156658,-23.987645094000612,-0.21938005730788943,-0.39005432254110045,-0.509932871618192,-0.4320617505547147,0.11386269249025449,-2.2376016915308212,-2.512653016828408,-4.199836984291788,-1.3031160560636244,-4.171032560150459,-3.3949077504019334,-3.3322042534099316,-3.634034513455457,-2.4901426982145907,-0.019868991834481875,1
0.26794162781566283,0.27378671130795806,0.3508908331481103,0.36021007396734706,0.26617024838706277,0.27510030875472097,0.2667382957649985,0.2645011502465602,0.25918831073302284,0.24189248212850525,0.24157276708857003,0.16970036109537287,0.16721670948848208,0.2524883684346816,0.2596811894431581,1.2627100105459204,1.2809159306024704,0.9416923446027459,0.8419533555793924,1.0329438426378035,1.0874108484120089,1.0844478373967055,1.183627167823584,1.2030560911444066,1.2121262674169266,1.322760951318793,1.304956415838558,1.2657975721236578,1.2937504781671882,1.2829174269701338,-21.56201462981295,-20.074579348715446,-10.586198181406502,-1.9217539862176238,-10.08081595248342,-14.720604198366033,-13.725184767799249,-17.42816970717547,-16.951974990824,-19.649014839337724,-23.269003672124967,-20.140326357042568,-10.148958650071307,-12.48214449407422,-15.9873660370869,-0.5399167530251764,0.4690832956337624,-24.386807954168617,-38.91515088571183,-16.72471920161585,-11.403596878568285,-11.400415943890874,-4.441787809057323,-4.93686798628008,-4.729827304240053,-2.3552916315882384,-2.3402384018581124,-4.965020781920924,-0.6322125067012412,0.18472827158938576,1
0.15096805286342285,0.28451569399390486,0.27884021094408895,0.2758245311909144,0.27506122968285424,0.2651240793959666,0.2669568480105772,0.2777433095717906,0.25667433285253644,0.24323175086671467,0.2419646246798049,0.29270318225865316,0.25558359670278175,0.26695037197061067,0.25718931800443134,1.5088510870594847,1.5052804056516955,1.4114393121735642,1.2609723121842409,1.2959952695306942,1.3246671827969765,1.3213605299325353,1.3083004708341746,1.372106171745235,1.468731055459477,1.3669169687262173,1.9764065616941129,1.3856286656904007,1.3749756494352736,1.4003106971962562,-19.64721647555419,-20.20380484381633,-19.352081587558587,-26.62324770435984,-29.738960589670228,-31.56496092888338,-31.552710716537177,-32.62887933511615,-29.35037887777159,-30.45816610288162,-31.849608291862552,-6.710597217312511,-23.192129945012482,-24.837110380236055,-25.28950515622799,7.636360322726472,9.859451603019616,6.844606388198689,1.6649849097375156,1.2341104134071956,1.862373595681719,1.2213333742347925,-0.21099976591997513,5.737967505479056,18.871532906629806,12.635028740403031,22.122986765959915,5.817638813786733,6.633163266228196,5.328318554343064,1
0.28211365786280973,0.2887617558301352,0.15838527764654675,0.3054473191285224,0.2751423031257701,0.2744306509842793,0.27373201249371665,0.26441233164075306,0.27773968418062106,0.22266119773566218,0.22936011690936456,0.08922765675209826,0.16428904451258597,0.2151968185974793,0.2400284495829162,1.2060263125560295,1.250253526631072,1.2477685755804047,1.2416328746002119,1.2534171173656727,1.2689487906998116,1.275060613779695,1.2926326292867112,1.2612814417143823,1.195019576311904,1.2649164301629092,1.357005568259481,1.3284573226680978,1.3560622371937605,1.2991052915871066,-11.314122072104425,-10.451229635965461,-17.347473769925983,-14.372298906066675,-14.340410452186802,-16.54206074333939,-15.601046678922927,-17.59355185339416,-24.978889819254874,-30.833861369032917,-25.50675117966776,-24.553089969973087,-25.283512661024503,-21.67052701353552,-17.714712678722748,-0.9003807652283836,1.8513781202721709,0.3702880041359493,0.31382788718715565,1.1721919322943657,2.545877321327888,0.025664561175385354,0.35089817124649836,-0.5960442219653803,-1.0506025111410886,-1.3959672275006616,0.42681233419791753,1.4938160018688076,4.525231169250353,-0.4006010491200639,1
0.27340585875431145,0.2172238737582376,0.26387409202139134,0.27105926122842017,0.2754131832357885,0.26201513588516145,0.2511104223796091,0.27316462602573266,0.2577030882986248,0.22025331807813073,0.22466203048725647,0.20568730735570778,0.2353539095888788,0.2522903055358239,0.27490951976338174,1.3704344732075395,1.3443503966868264,1.3538741254435607,1.3769028974097333,1.3312327356831286,1.3013576346933902,1.299560257711983,1.3008135048337908,1.2772302102984532,1.313405592540962,1.2804514035403938,1.322762815421074,1.3871818925447985,1.257252479588595,1.299123468646268,-22.45162616544667,-22.797986981100934,-21.076394344978468,-19.948332824153653,-21.21052609455643,-22.07237347668405,-25.26899408785883,-24.023333641244022,-22.825815617822485,-24.728629107937792,-25.326517128902566,-27.30825203199072,-24.524661671173106,-23.73320197439753,-21.284745404526035,5.28236166399353,3.0939184947943668,4.601529235991152,6.066650549662662,3.911269676301809,-0.28539322898540165,-0.9528048339252708,-1.6697968520708437,-2.1480340529832445,0.12962827977940675,-2.147713846611201,3.346778213798163,5.752362252978984,0.12356326134536869,-0.455900542722464,1
0.20714584277364842,0.2665979822986555,0.2697738576839323,0.2811859835070385,0.3039212883769413,0.28098003635014257,0.27181258397159214,0.2665992593500352,0.2579447941169647,0.26217501122254805,0.2644974152409915,0.25897647264172097,0.16255293780208155,0.22506325516058948,0.25565905146406304,1.3540310228623278,1.3883037518515293,1.3766215730173927,1.3784353340538058,1.379133019635742,1.395731130437258,1.393304748401635,1.3937912457686419,1.390462604512947,1.4035309963569227,1.3972089995830246,1.3864226505703567,1.401603520853454,1.3780586413745637,1.386902802805686,-18.13135440926328,3.991270195382185,4.341932970567342,2.2221508414364166,1.80078985155356,1.3747664865661875,0.38639517096819986,-0.3896288133353494,-1.4335789529299063,-1.08759574360721,0.23473635383561486,-0.9380930938237384,-4.038671295191591,-3.3747140170160037,-1.074399603918398,5.145652015093194,4.431902839925693,4.717599288531415,4.908726268958394,4.99061655037225,5.261723253529518,5.257107679927966,5.17579125301363,5.182061932774548,5.64186153320645,5.550283396360669,5.165369762296577,5.3194195701223785,5.461219551493754,5.157809635400461,1
0.2600491217133142,0.26883223053027544,0.2666382395007552,0.23557182288381517,0.14791358911533253,0.23796392269014927,0.26351954491843677,0.18875862456285086,0.2885438299038048,0.2723493083934426,0.26219544888989127,0.2603280389999818,0.2778442556698783,0.2865045919133419,0.15101135468068727,1.3758346888245614,1.3873314571314694,1.3915703160711126,1.4196788255959494,1.4114364889246505,1.4102637680080077,1.3894274074330284,1.411299810488851,1.4027502378009589,1.3942472153976766,1.407946087775642,1.3938601819817693,1.397386289034082,1.3895267435730414,1.4082031057482627,-4.374894910776959,-3.6296532509344104,-4.5768280703653375,-6.611383762906598,-10.056195480297504,-7.142760252925456,-7.36809134547957,-1.237237549082522,-1.5338924221228183,-3.5946924830204807,-4.885474538095366,-3.9854880149138125,-3.2584064143889293,-1.7104174327612611,-6.985251332185129,5.054893228751103,5.596456835533918,5.080180292451029,5.953632502986082,6.323047848766837,5.947479183212763,5.52695617772034,6.2746894863861105,5.853372181886543,5.2999507194175015,5.417915355558256,5.402145873804829,4.815828571852228,5.298627556674152,5.904538871614994,1
0.14443421173261883,0.24249512546591317,0.2612685859608695,0.2645321126766,0.21409388966227944,0.268969245787265,0.16484813975513296,0.23343729669122823,0.24128137445597994,0.2578261126350464,0.19358010784698276,0.2611923333117017,0.29064136119583606,0.2746280718673505,0.23224695182240845,1.4232052078293411,1.4178718021766887,1.395262424407024,1.4097845925028865,1.4234024677512258,1.4088861567508986,1.42097072159231,1.4221401519997217,1.4232203400294463,1.4354511343734868,1.4307766792181067,1.436016443496018,1.4217404509922527,1.411303913067598,1.4277272575782507,-8.077559305035237,-6.424165526815528,-5.887661827265674,-6.1405887642484345,-7.427051527932946,-6.319929166217264,-10.004669015145794,-7.479954617146319,-7.088478162551382,-6.851809424187394,-7.74669680076417,-6.178169273973822,-5.629736641384852,-5.610211901738779,-7.083971007876471,6.540492430866906,6.214246376147424,5.646261416667095,5.688023297787002,6.295551905275556,5.853843688056199,6.207676819822488,6.335963651386655,6.2522888358038164,6.563053966933332,6.865937216317241,6.338588747215453,5.822259681781729,5.472779936554374,6.281289504530702,1
0.2611691745400355,0.2603756837315351,0.26898570970290636,0.26578477258883576,0.273708163660533,0.27017702886889583,0.26811840598714115,0.22678406449306493,0.26680806782742816,0.2669025439141741,0.26346222078805126,0.23896648703963166,0.26235743243530196,0.26131268395808016,0.25255444859515247,1.4369299668931874,1.411366733013239,1.4212449882804021,1.4218405993073595,1.4167930849074744,1.4227082489042548,1.414660371374184,1.4238338198167535,1.4344267277993439,1.4274286175432174,1.4302862917950068,1.4242734476358871,1.4156526493268606,1.4159138483796503,1.4183304880975698,-6.194304286511169,-6.8221722466190045,-6.071191726717103,-6.926666249864411,-6.295621558420976,-6.862001478464748,-6.471393519216832,-7.397925401687985,-6.915350487116655,-6.100789352699195,-6.69958298968254,-7.160816628020314,-7.348121006726103,-4.2796372953261255,-6.793726266877968,6.416806688052059,5.838423020730371,6.019467456679638,6.152871718010853,5.795873977259911,5.974557037003066,5.865922781567713,5.845916138181741,6.228474956936514,5.916301572469737,5.768028252024042,6.19979273103481,6.217441325301049,5.937894155702385,6.00379361257937,1
0.25802508637200783,0.2570341793475498,0.2379985854822507,0.22885898676814923,0.2298630669861758,0.2480761202980144,0.2579801380474084,0.2557435435317174,0.23021606430741448,0.2858745649736215,0.2988621233881484,0.2965896588209852,0.28579646660108743,0.2947174922916027,0.28905296103439604,1.4232425916401577,1.4080801387350876,1.4260903586140574,1.4331353516185825,1.4362020553126933,1.4211528013947314,1.4271833636776738,1.4116401003632242,1.4238087068203649,1.4146723243991828,1.4131499099478249,1.426431154783755,1.4169303197731735,1.4210728903415208,1.4234207138559627,-7.094032083334383,-7.978984476156199,-8.397235582300056,-7.642725836964189,-7.99626076148229,-7.61693241011136,-7.689239649022113,-7.9035433488886895,-8.951934509800793,-5.06575242832082,-3.808544543916014,-3.4412319591480127,-4.285570280057783,-3.584375087511745,-3.9331407841979455,5.950853163947194,5.738726701454748,6.416131837694434,6.723057770740668,6.591719547286013,6.469995272775468,6.156344959176434,5.983153890549557,6.296442072684091,6.158552898406153,5.73622891076188,5.722883581777248,5.60045055658148,5.799108365851527,5.725892702290605,1
0.24811834935948848,0.2566235725461503,0.2677120683145212,0.23057555732438195,0.2581155487421669,0.26552063021929884,0.2495105116046426,0.2820345945244111,0.27958276571917307,0.23292076158080352,0.29131980538444324,0.29601327781026854,0.29790935616689274,0.16274900965735314,0.2900784536284811,1.4232984497299075,1.418572388127333,1.4269420806169693,1.410381234856418,1.4359790477732324,1.4403667474009514,1.4134829263022926,1.4203960590846358,1.4373697329535953,1.3933999317666377,1.3781943257378455,1.3857461855382378,1.395349595828165,1.3718004116452245,1.3756837786302865,-10.144256636516133,-6.939430347274339,-3.328973417423498,6.845722150721144,1.752323456990041,2.1017883126020536,1.6662415826469044,-2.0210898357070732,-4.882813648218217,-18.957231647342525,-17.034335442612075,-16.71888875184038,-16.237307982168346,-19.654656473596987,-16.338985595988362,5.730494186367102,6.008033171105116,6.015719910124694,4.91439079232777,6.607990743201522,6.559861923328691,5.730717989532577,6.097657922951935,6.219790327406128,5.8575560705746454,4.983787003709705,5.553321866915562,5.381107480467475,5.426278728788385,4.976904977094351,1
0.29300470356553854,0.3005476133889175,0.2549015197235963,0.29207108973888096,0.17927836263085695,0.2901062157504577,0.2912715069797263,0.29799470338070244,0.287837946592311,0.28519264810836353,0.30671334214651547,0.29234066093515454,0.3019159866952744,0.2934845442015648,0.2902268407341675,1.3879647912186799,1.398248192553273,1.4049040984699925,1.4103659208470565,1.3986880135239668,1.3871956606739009,1.4106328157966344,1.3999241271126397,1.3982487999839541,1.4094522005267405,1.4079856504553545,1.4042254304104993,1.3909108117983768,1.4060961822249571,1.4020774691555993,-13.622883742691528,-14.880114202957287,-16.443745795426167,-14.805264000543588,-19.07565158998301,-16.553056219194417,-16.513503757864697,-15.936971563702173,-15.06447100417023,-16.308437819432328,-16.29348628684511,-16.04389755282105,-15.786964156862979,-15.872661276032062,-16.20261946773519,6.173508051871979,6.082270740870874,6.041112627305512,5.92131476971206,6.081597529604133,5.686773890612004,6.383532909612128,5.913053227896928,5.656498160333397,6.219920439865901,6.0015793873133525,5.9823165269092415,6.03451656821563,6.0588007098298196,5.987582548572005,1
0.30201492559208365,0.30312993532909516,0.29504408285337586,0.29481414255010857,0.2981268412695538,0.29815817908309716,0.2911750874398399,0.29419146070854163,0.2880413453908871,0.28305415547896406,0.2360435549043276,0.2765511351015325,0.3185573455958892,0.3064557619857613,0.28501187573143,1.4157545358789445,1.4040580395668254,1.4081448057976798,1.3979636614851572,1.4088670529825775,1.4010731773146259,1.4104785900933405,1.4083796429720965,1.3984900901856863,1.4122731140000373,1.4141195227595749,1.3821379881842186,1.4138665301039854,1.4010878485529223,1.397207989476328,-15.589597163101445,-16.32365743480173,-16.159381266305218,-16.04758161139432,-16.1394425599741,-15.622248581135835,-16.093841522237028,-16.314219855096866,-17.01895590403271,-15.799527762032056,-20.36586112619233,-16.736950029922014,-23.113740240618,-21.32952984457563,-20.77835614446056,6.28917661982668,6.188351005773082,6.295231549817895,6.1677747682455655,6.205249328446954,6.241347386170896,6.065421020765924,6.533963845680759,6.025217095094937,6.156939676191269,6.78590282057493,6.107084040662733,6.99357962813719,7.138700262795869,7.194210646345119,1
0.29459382942378876,0.29439053019824224,0.30189489676280146,0.293109094903579,0.307574592446021,0.25559383716799794,0.2894080596836297,0.3015190195346581,0.30268533587870056,0.30766703466908785,0.3064956268099722,0.31492388796668536,0.3234841328573359,0.1852173885596513,0.13875125111231806,1.404875160472758,1.410051293745428,1.4056779343791164,1.4060771798166538,1.4163139698447198,1.3918679795511437,1.4113618167408122,1.3995279180006077,1.4092369216091536,1.3985539601702281,1.4092220343034865,1.4093995525512228,1.4127290304422118,1.3978129837144206,1.407897250924115,-21.48052068278494,-22.003236357630982,-20.758792380307142,-21.879508333805518,-20.712333359482955,-22.324663681611042,-22.306035535576058,-20.629190635062912,-21.624188128865228,-21.833069220966394,-21.642676037098568,-21.846251585150014,-21.196961541155048,-22.9921226105798,-25.23238713914907,7.413458185062999,7.56731070559426,7.453838121916415,7.3615939209671595,7.837297489282071,7.376834899046532,7.453237185603722,7.775377387903528,7.53287865721837,7.376783484041656,7.64777900742586,7.67863298892559,7.930732736955454,7.611198920698283,7.833206919899401,1
0.29796898408675065,0.30378810017660984,0.3108665507098807,0.30738182034955486,0.3132744744268475,0.3087904232690989,0.21006251852715674,0.3096948476406571,0.27098674728156225,0.31219639126900023,0.3068605287851106,0.3110770525598914,0.29695606277896586,0.26071949046785403,0.21162623415691406,1.40684783019891,1.4149192942589919,1.4046443772201749,1.4048673814820263,1.4051539032207594,1.4160889665374647,1.404110074959498,1.417297701241048,1.4150264371916257,1.4160634938200611,1.4179728063512538,1.4038430634550378,1.4024177588307556,1.3876544767290937,1.4084256841722547,-21.914581066557474,-21.061165687475352,-21.6146086995912,-21.417166360553267,-22.36784772850268,-21.525146838673322,-23.317665198271186,-22.78093174656928,-21.59325313403656,-22.301182557409163,-21.20497376996019,-22.00416420182765,-22.593626385701043,-17.996566696422406,-15.932616738201375,7.7837676294536156,8.274464942427027,7.579178147529647,7.736822178635955,7.793683871328515,7.455073706780501,7.586461504835689,7.874023752827917,8.02521494302296,7.763754958417017,8.072978925449643,7.881263584907045,7.909437899945084,7.003114522953706,5.763831195132494,1
0.26905586022663575,0.2744121795948824,0.30375192232973425,0.2883975004758127,0.2769340002830455,0.2902804954604009,0.2878827231598742,0.2756334569569706,0.2904662469420983,0.2907657574826301,0.28220418392695584,0.28336129484304595,0.28473735795164,0.2862766471689453,0.2942247881706008,1.3795877186644303,1.4532547263915354,1.4400183069902672,1.4585334143573656,1.4360386302893084,1.454032136810067,1.454032136810067,1.4423436859424488,1.4652107214918046,1.4488553558345878,1.4406771164241272,1.4431853382106363,1.4471268491293479,1.4505947386796016,1.4418755626670656,21.435554827743886,13.265754506916608,12.364034007953052,12.248496136835627,10.425877572245582,10.41741402753064,9.244936254861358,6.586605547066142,5.887858669321417,4.972607297376612,3.6448958806504663,4.8071674852867545,3.4866424070131075,3.9175421319603743,3.854937075993888,3.413918878377386,6.091239300340747,5.881733479819342,6.333968734650917,5.913802714420408,6.4030340380655915,6.604772961611984,6.857044447000618,6.952896363566817,6.985350525343481,6.884144011025613,6.772034217494406,6.831614820768093,7.095786990117327,6.976588796490558,1
0.23951697756012388,0.267909844659493,0.29226677765771747,0.3030719088867838,0.31515527382405184,0.3166484442511992,0.31004185318386945,0.30766358861669063,0.29904312361973956,0.2527790182035463,0.2492959918780562,0.14980948298016422,0.22953458348584496,0.24279931919928235,0.25141290611638745,1.4570484218311397,1.4493352713798302,1.4503047610795818,1.43607866800629,1.4503417075496616,1.453201945035462,1.4417538267794316,1.4426413523112769,1.4569924164557055,1.4693425758390177,1.441935536574757,1.4505301411179843,1.4685312722127821,1.4500177442232673,1.4537946681661587,-0.5261512589205211,1.2804868460792989,1.2868318441717008,1.7437369571480588,2.005619232528744,2.1865372421697487,2.365758744981946,1.8879765795230128,0.5064830101273685,-1.3604407010454622,-2.1255680407511477,-7.080669678903263,-5.288688020990662,-3.9045256374070902,-4.356148789299198,7.27974267584524,7.347427901370291,6.856505855360635,7.014013221810996,6.709524897014938,7.191550238040003,6.849292476366195,6.54886971532786,7.153648489777311,7.764446631791224,6.978510358871661,7.456741290975478,7.883101886113633,7.807672246719207,8.083143921452555,1
0.25246827784216,0.25895701214637334,0.2601069500271422,0.1504288075357974,0.2571606760045979,0.26133689398934623,0.2514920149747021,0.26470450008249424,0.2535408853306017,0.24240758130291673,0.26006549238713045,0.2786427916728677,0.28809364262435416,0.2977520215542473,0.26873249201811417,1.4612117159856712,1.4528330250217125,1.4577317834754457,1.4689040766798203,1.4749393555960888,1.4669268134650453,1.4446136265143228,1.460529503125118,1.4594894811801005,1.4594685014715076,1.44854045586509,1.4395774114149031,1.4725705306434778,1.4631139738999046,1.4564985276308666,-5.299713137478875,-4.74819183139536,-6.187792866816039,-5.724839189075027,-4.461414400284639,-6.430375437495201,-5.844919830127083,-6.413522112898619,-6.013619424551706,-5.919838199572865,-6.17267070879484,15.349674656770816,18.00833728431752,16.042488671848076,10.035764586275349,7.837575561045499,7.50274017703525,7.9662774619712,8.57125287487934,7.964947033676527,7.989538004915655,7.902922324080608,8.124370489091826,8.083604480599819,7.826767315787846,8.098130250587815,4.965913391755594,6.328625433830227,6.079254301169611,6.19484441504196,1
0.20916718504925552,0.2867309521781184,0.28893360061009304,0.2969162057681113,0.29687208686184924,0.3006919134615661,0.2991854097986736,0.30532101278748985,0.22050249489214427,0.18903903386861548,0.21867684650198516,0.22504951958114347,0.2574469972189266,0.2242224513625785,0.21223625916568667,1.3637610550961072,1.3771406580906018,1.3937249894152983,1.4007268464894935,1.3859787246000514,1.3986377753027024,1.39348171056768,1.4058543400165755,1.3986960173896485,1.3788100699660046,1.3977585937641757,1.408409525493645,1.4373989160885356,1.4508539452414055,1.4554633056982393,-19.45114763034681,-16.390136791642107,-16.899941906691026,-16.76921469053744,-16.879226869627132,-16.849039218360872,-16.722427131499188,-16.80829453213346,-21.80253968260567,-21.57860306709918,-20.80908926829011,-11.26054841985544,-13.803960276500788,-13.383217279795332,-14.424509336605524,5.527619433363105,5.801305318147982,5.475930566771179,6.042587566172495,5.667768428725977,6.157547152401027,5.691762050574531,5.659767545709972,6.470428383047188,6.248622501679107,6.327323051572816,6.209479352446114,7.419793658185713,7.401773659971179,7.991845714673757,1
0.21302668290150104,0.21635440183570087,0.20046074538841435,0.21123062293058464,0.19969795505331317,0.1975723228708462,0.18526074902335066,0.2181354280799202,0.21608384893047683,0.2595047027668618,0.23237367775822776,0.1621902309848234,0.2481651397202018,0.2254030744181213,0.23225769281399444,1.4433027762818826,1.4485252174410128,1.4505822892497802,1.4431500557505226,1.4493782681067955,1.4468126128280419,1.451938408325114,1.4442990884888482,1.4554073169706516,1.4549254837567083,1.447048855863368,1.461736775073934,1.4627039795361432,1.4433990261865055,1.448979811631874,-14.476392790206887,-15.470450496445977,-16.191610332897824,-14.801514442057169,-14.28214862331896,-15.20060887673165,-14.9291704359282,-13.439600060129948,-13.913114145212461,-12.191032520118313,-12.046943213506637,-11.826755784407538,-11.74975503797927,-11.57947753840756,-9.876579305549171,8.079489058475327,8.187622350629571,8.032849591067446,8.062848151995194,7.9319365663480825,7.977610396680062,8.202720976336806,7.80387288968698,7.986434235309068,7.618526746315248,7.6504652518532135,7.987708860014691,8.099262627913564,7.923353545602539,7.111412664520266,1
0.23814382063764988,0.24465616491416461,0.24468915924634194,0.23110668836930692,0.24250373761904925,0.23118781319577297,0.23430782545028747,0.23699833404873197,0.2412369981580264,0.24565879066267365,0.2513558146100282,0.24505849824800652,0.3002535118261199,0.3054496530171585,0.285429582513831,1.4489730099287115,1.4485294509306699,1.4558876227194262,1.4751610498885301,1.464795883668894,1.4673715891977157,1.4613202515203272,1.4608618591306284,1.4639309535469682,1.4699541216320124,1.4480272310997915,1.3836482678159714,1.3923006007242025,1.388042498618884,1.4345973782244745,-10.009265816791157,-10.281488871366491,-9.370818474672461,-9.271176475582479,-9.617000263951951,-9.228739337412435,-9.548550659772246,-10.323662213735787,-9.535868840609055,-9.395704415414087,-7.817239800342435,11.972354806985607,12.005302055322801,11.875021219492112,1.9344953330021326,7.723150221576133,7.814684221756663,8.039693083547846,8.154325050632304,8.026684402826197,8.381457060397947,7.861608678563837,7.91691139620243,8.008194392130685,7.943797522937827,7.2359536899970776,5.099850357516156,5.025182107547652,5.015474579599456,5.9518684267923305,1
0.26861221872877294,0.2722448083252214,0.25574249156922313,0.23917909117739597,0.22467259383007082,0.2899526425445795,0.26388715500177196,0.19425626059601767,0.23216836186284068,0.2664843801036125,0.2674553627586037,0.25213600662733926,0.246551019564094,0.2631596302524203,0.25769556143839056,1.4139855845046545,1.4045620781746908,1.3905709694237303,1.3711388084807143,1.4042362490006965,1.3979169265579887,1.4652194295122507,1.4362253009417945,1.4813422879435272,1.5217170333845282,1.4671694127310888,1.4693382838611522,1.4654759670028277,1.4470936899469993,1.453469737970188,-3.8427117420594072,-4.921484245443224,-5.365293734248297,-9.791069857284612,-15.865546861375776,16.97646492784793,15.608072363140877,9.295543810237945,5.942947024153511,-2.925375894383251,-1.9989888293957279,-7.819829493716782,-7.30222554155273,-7.116340503757414,-7.572946257374667,5.340867931124026,5.474557514730205,5.3177101317273925,5.119140009709419,6.200132760091008,3.9672685163399435,6.244659955269386,6.268073277028374,6.656141175254283,7.857459901949409,7.285378802396287,7.325678600167478,7.855026441902256,7.3618045385971165,7.491403483154658,1
0.25273679651070596,0.2645621014948192,0.2706043531509404,0.28175211665945044,0.19543675542033548,0.2919754936197824,0.30385388871311114,0.2968898756823243,0.30483368090408436,0.3037726925008417,0.30296104599775964,0.3072686716527664,0.3171521583055334,0.204608812558711,0.24447200894047683,1.41875953776543,1.382822172799036,1.3973243500366523,1.392280116132365,1.397059679779637,1.4033071359992666,1.392769049348282,1.4037476238861504,1.4056974541816654,1.3989859071133308,1.3999288621934327,1.3993910145524244,1.406517535270013,1.4021749115980167,1.4340443256846922,-19.92749548076037,-19.194521669705352,-18.975265740188178,-16.68201954221462,-19.415426063683043,-17.41405589140757,-16.223709269837343,-16.346209015004433,-15.788492746289279,-16.01252880754575,-16.015298451314067,-15.707015556547361,-15.384383271184163,-20.64001496293733,-2.1035075422717853,7.502410800445382,6.79314364086097,6.760435251520619,6.530335887288747,6.807863111255842,6.84004527784248,6.515870856520041,6.349933810365711,6.614258203512441,6.587304983856413,6.566777021107041,6.4166833479541685,6.714390544144185,6.99761528504047,6.686305539362119,1
0.27305393907571796,0.283437409935197,0.29596872221394954,0.2533554369886461,0.2545840826501996,0.2549619690069658,0.2404063794499844,0.26334776836475415,0.24260268339553936,0.24145689355809924,0.24134647145069657,0.27779780523121966,0.2626773621619378,0.2669712871418102,0.22594640214406486,1.4601254641285522,1.4842252017245374,1.4647620547798235,1.4620243647439155,1.466549222398633,1.460940492002427,1.4617353826026573,1.4609186235542602,1.4711397249025215,1.4556420990497656,1.4672994113179167,1.4620914931378453,1.4749356668498272,1.4650587750079371,1.4646476461471596,-3.7185314878010445,-4.492283661411875,-5.073532362356218,-6.146343487350578,-7.856198280652052,-7.766495336766184,-7.673115006000813,-8.436677759420945,-8.056589659097796,-7.4859448950672345,-8.10631103186384,-7.3533874986657395,-7.881439556614367,-8.20870536817759,-7.586960515801309,7.521716372594204,8.441704756007725,7.958268346111507,7.819106527632757,8.441377898825154,7.644360422595348,7.940815627518305,8.42085844727961,8.010871658711382,8.228422139615136,8.095268598135887,8.011497257588108,8.299393938630994,8.323939720302107,7.988714385803016,1
0.24814120693017003,0.2870700240104098,0.2864438905428012,0.284330301544646,0.2734105054438915,0.25681133160001846,0.23944106728110076,0.18662278857201697,0.26261580114528854,0.2548149523078982,0.2557805605496071,0.2712951058321621,0.28394436789063693,0.2756193237811426,0.2679866051917163,1.4628098200952506,1.462735884026649,1.4685642485656776,1.4701090529952983,1.458615172574023,1.455085120673628,1.4642783719652728,1.4752205291591238,1.4685441766535374,1.4626740785430388,1.4509889811265009,1.4621426339065728,1.4563461609066097,1.462832333938543,1.463797114770396,-8.196841750548316,-7.906349995371272,-6.342502385488672,-8.337588647560864,-7.3237075840101795,-8.949201143912973,-9.078366779653777,-8.21887348453177,-7.547809853077297,-8.188423365014017,-7.24952357070967,-8.229142312897238,-6.94394191082398,-7.557518833762828,-8.369095222857737,8.273779320606936,8.050681353194117,7.835506599812849,8.00469064473629,7.690824933088088,8.121872893577175,8.201637863783068,8.268329703269789,8.249372526666113,8.060655071424039,7.654695835516894,8.21172791178525,7.618529583566197,7.98836694818035,8.237417729447545,1
0.2655985209444482,0.24578936694721515,0.29301619885484975,0.30302224500803465,0.29057534666126905,0.3036578105413369,0.2984578773742435,0.29505884348813194,0.17182749576050693,0.30041452062247603,0.286840145862408,0.3111266522577079,0.2971474307370695,0.3103066097775217,0.2624711837858563,1.4663412549697192,1.4583981876254364,1.4533513863560328,1.4477595422573288,1.4539847783878137,1.4508135721274091,1.4504674298368134,1.4627560043528227,1.4384448731432957,1.4101419459740836,1.3872079862853606,1.3890142939240608,1.3928892309549823,1.3956535612638792,1.3770584704284177,-4.696622567394428,-6.115154835911682,-5.549958725869658,-3.765193698972496,-3.640893905525644,-4.381639936554535,-3.716121977010488,-4.600349532896672,-11.870337501280176,-19.951327624249302,-18.665374611487323,-18.765764235507987,-18.291700978970113,-18.31505779829962,-19.762083323515725,7.960863068051108,7.605402913971292,7.690436679060662,7.421270916426725,7.7262487755952955,8.031207101655356,7.684915588096421,7.971903671858378,7.845145288838489,7.260236539329653,6.568605631642491,6.068753603067635,6.339369739732312,6.386655333197957,6.225270332503843,1
0.2288488311246222,0.2313920708140237,0.23169649585422464,0.2933572307129973,0.3022454403967685,0.304425201476171,0.130611367871935,0.23617709294773404,0.13687750175290841,0.2467491775797644,0.1356338920193158,0.25189860442402173,0.2448843078731617,0.23863126214575198,0.2292822277769322,1.4160982523104235,1.3979655822254535,1.3969791001283294,1.3908393377326767,1.3913759319937868,1.4038308424817474,1.4100997202008496,1.4013231072669488,1.414303847818651,1.410221582782182,1.4030516501848438,1.4083941417656876,1.4141029278210044,1.4232929025566947,1.4041088294219353,-17.116163507870453,-19.089083596708377,-19.85074243910867,-15.360796257500937,-15.849370355547563,-15.299135197714719,-17.586838922621382,-16.797461410721468,-16.30487476212835,-16.287070497522706,-16.978993364645532,-16.978339188919705,-16.449109531896312,-15.974108770230856,-15.845723192758896,7.210008198384765,7.312988077835696,6.871427013478919,6.290775923884089,6.777991144493409,6.836866195886278,6.772693879873667,7.148837770690043,7.562859503483013,7.318323935491297,7.466470961019711,7.138642155586329,7.453257715915222,7.524513735275,7.138383034652967,1
0.29485047022111543,0.2871405225118876,0.2934768423082013,0.30028899566015266,0.2848799315997542,0.2966692502415169,0.30123378860083244,0.29932906017157745,0.16982400686152332,0.23259029510241128,0.23259961715349392,0.2504502727277645,0.3269621449102095,0.2744713008531723,0.2589450249626713,1.4044918365604393,1.4205549058281601,1.3911031132682026,1.4106137976866353,1.4252798429695905,1.404651896909774,1.4039327666161625,1.419376167909149,1.4223195171134415,1.4265831174890138,1.4299862685062674,1.3900352666322353,1.5387007966707993,1.3874905576281344,1.429510903920967,-11.904954095867964,-12.912125104571146,-12.828186175916215,-12.397952769382982,-11.331637861134851,-12.104379926978908,-11.54435777076111,-10.95079976279547,-13.169977248695062,-15.145054180940434,-14.024352167156877,-11.300370984593116,19.65006136536823,-7.52748686789306,-8.131363323870147,6.9550868280169595,7.2882142150337215,6.544107374650026,6.733281643312382,7.314792437353632,6.633041686902648,6.515415090914695,6.8686432973079725,7.301453100933226,7.799869736530527,7.552828960219048,6.296916051835484,7.730712833513972,6.207182468859154,7.6791117619409475,1
0.23633283388562748,0.2656132875517856,0.25918624747798497,0.26260086740815514,0.24177846821697302,0.2416219162290264,0.2743921314364002,0.23972368121922172,0.14676920704788157,0.25281482231249053,0.30149782822093263,0.27218933247365684,0.2854450401808256,0.27128240971272616,0.23062601293942614,1.4383810066055394,1.441047469992796,1.4311693911280687,1.4329618759989635,1.4324133116322892,1.4501816869205009,1.4440453311791843,1.454744371380261,1.4624791407317237,1.4485054885131312,1.4440458353396004,1.4551268343303971,1.4579941531785148,1.456138162106745,1.4588511289148434,-8.88150481955654,-8.966674976393591,-8.961423430026002,-7.465293643350265,-8.439447519995895,-5.739028190394606,-7.625078306016235,-7.77358296185642,-9.72835622308159,-8.059567843866802,-7.172877629382185,-8.239013564458958,-8.01352792858782,-7.372795312303083,-8.531634703037156,7.9870652547277174,7.721174619433512,7.644428006194109,7.502669442275386,7.291512095973508,7.4019612907360814,8.349803890526848,7.811962099127134,8.935947006194004,8.352894319425356,7.853357061051254,8.18630360020426,8.282493540824515,8.109210415043563,8.31322526076198,1
0.24805790179413884,0.241508571632578,0.24623220467401813,0.2722825487468424,0.26771509055452586,0.265763695834081,0.27940350287111837,0.22511634529980462,0.2689185717245972,0.2755278444581486,0.26340822046728457,0.26140113254736863,0.2724172185747128,0.16917062266857075,0.28354177379086665,1.4596251502465998,1.4644057064498694,1.447819478385223,1.4451008130705054,1.4478777867755854,1.45614877468045,1.4463372417660751,1.4608490595405383,1.449488970900901,1.4590615620010925,1.467298870120578,1.4570070039940817,1.4189716169971802,1.445651653061413,1.4217711286865056,-2.081604828973724,-5.243020010946736,-7.9788367753561715,-4.42035380514298,-5.643770021752545,-6.714381624129061,-4.267105228856622,-6.388094617212516,-8.080982552197185,-6.027441197647363,-7.737244387340155,-6.62300201339832,9.18888022883715,7.586710787558758,5.0087242276865425,8.211990970174753,8.29233767024056,8.539039255134428,7.854827601761931,8.203383860938677,8.53512929048051,7.964387461938848,8.5981737879019,8.032226919366495,8.172439946941587,8.46050442387717,8.242536751387023,6.078032450901252,7.617559915718944,7.192201290418985,1
0.25332017458424916,0.27620583268800647,0.2741745097564181,0.27885761560557587,0.2802508230361094,0.2623538379508327,0.26444159852574745,0.26137383333760833,0.259057385293901,0.2610992023081249,0.24616791414795985,0.2578470129861776,0.24821163852898234,0.2428755213424461,0.23939597622085296,1.4238147576429085,1.4594282625059465,1.455421550698691,1.4352608015219128,1.4492420062668736,1.4580717017871456,1.4556642275995975,1.4651599293444066,1.4529400041777067,1.4623588019052223,1.4532069101420366,1.4599132826804815,1.4717703409755902,1.46501748697511,1.461546945332563,-0.8199256790479694,0.8608107546162671,0.8429442451223679,-0.09705795829739827,-0.9275136780047433,-0.6774406204064292,-1.1051885662150767,-2.230921750084832,-2.008220653196446,-2.232065109115439,-2.277722518117116,-3.3015105289272526,-6.182179956749934,-4.656441108271338,-4.917144589050878,7.107158598825834,7.822894528638357,8.110256088255998,7.538787205700547,7.76517242983833,8.266060695167782,8.057733023660074,8.312028422796606,8.424985255225494,8.29184516604074,8.385773459865138,8.311700471800265,8.651072630189075,8.630221106205704,8.530384441348897,1
0.24387094495162617,0.23926593708650196,0.26042870278068864,0.24834525314280748,0.2437107603062013,0.23386093108959766,0.2359427190082882,0.2437160407045746,0.2428118603416568,0.23487847250637528,0.23927112646891452,0.23395153424852463,0.23853085806790775,0.15395138369526484,0.2340509918632559,1.4631832544939058,1.465881470334103,1.457892364632394,1.4624162229992064,1.4581535218174568,1.4599887154439324,1.4652320586757004,1.4701411884573867,1.460475402413334,1.456984541377241,1.4614030748230507,1.4774571066055415,1.454388379898761,1.4583900979853652,1.4679794225741838,-6.940114861092923,-7.138450963427658,-7.001896763943478,-7.255481989564771,-5.50827363159118,-8.359470321360249,-7.943662770342257,-6.2843577650177735,-7.879261275686417,-7.154495644723511,-7.255465940105552,-8.44291233493658,-6.473028871489504,-8.843042563630377,-8.015907950809805,8.4506246338164,8.758095995736117,8.566764386102275,8.402354708288138,8.374124690209,8.896757797171608,8.659586468824102,8.435223128899052,8.703217233523935,8.485732885506804,8.52219963405592,8.64787152531633,8.362550402540167,8.657198510087836,8.970918386460818,1
0.23561376943324147,0.2556394801140181,0.22277868826853403,0.22083580193032998,0.22734037764558584,0.24459660551267837,0.26337947572497444,0.2380439353509521,0.24687423775479614,0.29368103036207105,0.2996573761095159,0.2220046236357675,0.21977276292898884,0.2092777018386898,0.21946068560239465,1.500434753088242,1.4617886071896762,1.364147621835332,1.398082888662636,1.4026919304534218,1.4309445071841076,1.415267225996034,1.4398550173355078,1.4241985028968844,1.3976182671396395,1.3972548872252546,1.3979817130067453,1.3868135863003859,1.3924546107592315,1.3942382472744845,-2.0872569217830232,-10.110182083300401,-19.801142980865023,-18.576531203589298,-7.125472384897421,-3.8628108539681136,-7.624925229827852,-8.05877604091873,-14.273422418428737,-16.714132682287385,-16.558328482743747,-19.93086025586186,-20.261701139996035,-19.422891824676924,-19.23818258781361,8.036051873150033,7.467759404890905,6.105655585252453,6.198830444816612,5.7657953113648865,6.729048967490202,6.7074506625395545,6.9214358480259826,6.430042556731314,6.12304319583295,5.849214533034821,6.108817908300925,5.803061702312562,5.9549459927233395,5.877667867611132,1
0.20662823092350913,0.22892854153345962,0.23003510324560394,0.22039688712434352,0.23017241982790737,0.22914206993721525,0.23032367702275566,0.23150337219358463,0.23587041865687328,0.23370972843453053,0.14430984860196683,0.182508476217018,0.1843076029995905,0.18254787048432844,0.1823708527213141,1.3575285582388448,1.3935365159325663,1.409085503354628,1.4083724767622587,1.4035871802929518,1.4055073414952315,1.4071920790042305,1.4070150873199372,1.4096869834987096,1.404963873089949,1.3985629225810883,1.4056946664934111,1.4200781527621782,1.4240261473118037,1.4261909056350068,-8.527781370077662,-7.914750811789389,-8.316618334358196,-8.501535803087421,-9.848243396508536,-9.771844218025933,-10.96128615028752,-11.308749321929668,-10.347775188990653,-10.562872961715414,-9.605416276304481,-11.253220240214887,-11.495826476695328,-11.662602263451703,-11.698331510947128,7.503853111347537,7.655781673442643,7.957597870581614,7.8266119057870815,7.685463382326305,7.717034285572326,7.619747161030023,7.579020427398123,7.903750120916933,7.91419332284416,7.490438838790235,8.180538134423143,8.477480911463802,8.559022911276521,8.658645154238314,1
0.175951044702009,0.2515349922650736,0.2070079874030586,0.2191074702114545,0.22236010210214313,0.22866357946874602,0.24209336435330092,0.26863515141981104,0.2651124542359752,0.2605490260072,0.26963116999234804,0.26739875454918804,0.280068725780942,0.2800535467599761,0.26955591455659983,1.404565896438654,1.3753222176912074,1.3811264438364887,1.3987322508982025,1.3926375594963594,1.4077374317934468,1.3830051570412736,1.389983243633339,1.3861824012793869,1.3891610042131937,1.3841715740822766,1.3918623934452183,1.3868343339139941,1.4017251797404628,1.3815285299963906,-14.409348563063958,-9.531678065263634,-16.234678481480614,-16.323620186405293,-14.785654441877313,-13.377996861580527,-12.277607838851594,-10.662233023693403,-11.187281387707259,-11.719380885201105,-10.461507300025772,-11.228751308137305,-10.293177318643473,-9.613392559194153,-10.739941438352815,5.090182434875454,4.714963784366519,4.894351637941478,5.865582838460763,5.783513124129158,5.848891435504971,5.385174868280096,5.439060105299555,4.646684158850528,4.953317538321406,4.674363693514227,4.686602328432169,4.710106269861284,4.909004415580993,4.69313827248902,1
0.2644394121109921,0.30917012934072785,0.27079911823349545,0.27804815743067596,0.27225048443740274,0.2762391432887504,0.25954411562009805,0.27725397970126386,0.3305433111481816,0.3074469204200918,0.21470691553061208,0.2584114488571735,0.20078682122477454,0.28438638790895954,0.22980173923569513,1.110572436110498,1.222167365825435,1.1492269261341592,1.1596960439998993,1.1505508203168153,1.2388468801580685,2.0128545790991024,1.6936795847058022,2.816977445488512,2.9137919228443234,1.2858348573135767,1.4237479484091866,1.0378028518690041,1.4047876352656343,4.109515639245455,6.439532050030067,7.232963849378791,5.399512905451587,1.6439556658513652,1.7335188764833447,-0.7459087555738506,6.278789206575681,14.678938833925884,-1.0980743138746902,-12.216633377454684,-20.811120783838618,-31.56486226446475,12.878444984330713,6.069442813855574,18.825137209899225,-18.446621989117457,-13.977490450332322,-15.476020603731737,-13.839138898245041,-16.332438275567004,-10.177838215601941,14.850574599746084,14.348922828217416,51.9892204625653,33.04470311948095,-8.777166681057462,-3.0558138123077865,-18.72051427952701,-0.8011094559550928,41.87273006039496,2
0.20255432952085473,0.29775128683344165,0.31128056709752855,0.43281301575614783,0.2621088180443557,0.41583376963382546,0.32127657028632683,0.21959873941409186,0.27110583950033507,0.4443319346394238,0.2996409234702754,0.30906401926082727,0.27260698054861066,0.30351560214878515,0.3116773140110593,1.9913940789210958,1.9716340616220243,2.365912565141921,4.397781318989072,1.5435779058046248,6.224636291612543,1.7651835929572441,1.950920320818385,1.0368389605189496,3.562213435038317,1.1628600991951872,1.3259692222477866,1.5911162811238422,1.4263558718742164,2.3083138575618003,1.3114867061770497,1.2376123680764408,9.110905823342733,-13.471562991522205,2.27261951849448,0.5271743686610648,7.933827411900495,25.94940217051024,5.1602817185516585,5.412461999316889,7.321518508895679,9.908043015289536,11.792103212945904,6.4026303621500915,5.776321728056432,17.57310189563179,20.30689727207773,17.094961725740262,60.702059799435574,-3.624061163674259,61.35321850126147,7.586129039470012,10.43193919924388,-22.378392246267804,36.39504111874945,-17.40429153534842,-7.564882176193451,4.459919932533289,-1.657935459009157,13.090978993117883,2
0.31363007715196406,0.27152340426150223,0.2411335556742276,0.2632664585343584,0.23215518614003608,0.24688823627706408,0.24629558401664942,0.27433208393591707,0.22381991760907577,0.2580964049794479,0.24395553331857364,0.29415785736004973,0.2649939147048985,0.27121076762584495,0.2579164424664809,2.554556661839095,1.2903463497224523,1.4477009093771214,2.078584135307151,1.992644912674068,1.8606025144986538,2.028794232943239,2.023289333620829,1.9665531627784523,2.1544230252477927,1.0530802439853886,0.9591978934062614,1.0663409458289417,1.1071967938640115,1.1761181841103183,8.758811151807976,7.100425755210267,7.2291436591172555,9.617215104215461,8.57590078618938,6.48810214731995,7.8804470964540485,7.286435584315427,5.3860741432336,11.076350534802856,7.884341431191473,11.872716733802406,9.303473340403315,8.567213846322801,9.05035108895396,36.84722022554826,-14.740980930634791,0.3983070812573783,18.34904293892019,15.913767066512039,16.072251953745777,18.324451044699668,19.206707246064582,19.45107599235623,19.67554117011125,-18.746494137006923,-27.676520573686517,-22.49303845932811,-21.501551715583073,-17.54141154479112,2
0.2668457443947233,0.31448416454538364,0.16517084586003905,0.3115996424110492,0.27251274637083,0.24995781461147354,0.24083373582355871,0.3003210534774731,0.3224077907824767,0.23880378318504594,0.36852543325000486,0.2178770902784593,0.184163625314611,0.2662494019744749,0.26569663373425734,1.421231967806631,2.41129666636092,1.3125988645483053,1.8789741144220127,2.726852183528698,1.2506580941445964,1.3371809469001559,1.0474254546873458,0.7728679476536916,1.0740884909181467,0.8554404136924416,1.2481973712616499,0.9332692117207119,1.3869519651251023,1.4040738351978865,6.672053461854119,0.6808456701104717,-4.854354108600745,5.911131619089758,14.312778884971067,13.53384406448501,-1.4973082764232686,8.465679682871524,1.647950542183736,9.355929148821645,5.836468466298271,23.20676762867845,27.61315827761618,2.7486340235956845,8.116684220396564,-3.8952127480351013,42.0289048686039,-2.5167072991618578,17.90293129865704,24.890277411784666,-10.836773229704454,-2.922915655322109,-21.92260925940027,-37.05553793287989,-14.943033306264828,-29.643567529857307,-11.704738754290721,-16.084413968150983,-4.065508967511713,-5.0549217908238315,2
0.3484661532953637,0.23064379997905277,0.26766234954544027,0.35554418573689717,0.1750203633362529,0.20454338924799004,0.40830323059754403,0.2275012031469194,0.2465246871388836,0.2432484841058946,0.4391333839127678,0.35875655299478054,0.3352561206616089,0.29543106951533815,0.29543106951533815,4.016303393827197,0.9224494468242921,0.892680176247782,0.8759226574022556,0.8916553364722616,2.14472534054956,1.575996395128702,0.9601809179660437,2.099375738388954,1.5949679157969967,4.653758118783644,1.571932214371598,1.7848263823106012,1.8449826180053759,1.8449826180053759,2.024701476687653,10.928777017994236,14.744967640106154,12.361494696670889,16.439834895461246,9.746622382421833,26.668004720808483,14.036975208059062,11.123724901559143,9.424995021573011,4.558208282170028,-0.21833757305665813,1.782366178857984,10.278641142254852,10.278641142254852,53.50729128546633,-25.970010359277754,-22.65869316732684,-26.238982763545717,-24.952525248362978,31.169018976906493,5.484528341478799,-21.697357122053123,16.04478542937352,0.9004833395902592,56.66529918867224,10.060635741708653,14.373951504414588,5.129878857464959,5.129878857464959,2
0.3539162334441609,0.30407704931756263,0.3033365433964158,0.3090504443991788,0.2809487086500319,0.3058556221736676,0.3286939617428345,0.30995052877542184,0.2868424816528077,0.2891024988849641,0.3223985580673705,0.3102885758624459,0.2923837808101599,0.30954217817572505,0.2859068091531842,1.527017322634819,1.522002612963135,1.5955060180930825,1.1271228585202324,0.7448316547376341,1.1140753122915164,1.4362037788239774,1.329109882120121,1.449713136273993,1.414791867236695,1.476403490077244,1.3820202828004478,1.7882549966017307,1.5672088371353767,1.9362871544795215,16.10852351549238,7.781987753347323,16.55510064498887,9.594618906004598,12.314859251310935,11.093287272531029,8.006821963311921,4.907549778531944,12.652899217783613,3.003214135567532,6.849383324761163,0.9253507398663885,3.507890960629908,7.968236439749916,6.942510714259356,3.636415555616275,3.8335632291339197,3.831118481610972,-23.15371033986672,-35.06227521205685,-21.510691522371825,-2.1069094966005184,-11.80280795722404,-3.722120636935775,-2.573139498309972,-1.6959999541361988,-7.566003038954791,14.385243936461073,4.3114663247254565,16.319012758891947,2
0.3125376200512612,0.28301890277676867,0.22953469165617235,0.41382922490124663,0.28425829407207487,0.29613063153218366,0.35128924697969155,0.2993861732159425,0.24621165187781435,0.24323648070382078,0.24672106293122412,0.2577022564318026,0.30137646604710133,0.31728560594241684,0.3002288145773433,1.5833329048138254,3.158310698259669,2.325266980980065,2.0790664734000344,3.1910420338550245,1.9707453282059317,1.6881261372561362,3.5908093148137494,2.9499063270443306,2.8302754984431435,3.1176471177988594,2.6360158108799374,1.3204338549170376,1.2289247902710805,1.252031904261818,16.773738992047498,16.248061973373353,9.764521037444695,15.816007881099125,12.394807343550525,10.05905328745473,13.593385769564549,14.444180978074911,13.611517195257846,10.855684600966896,13.176417352131551,15.101887717888673,14.585739674005737,3.1895639599592016,10.291157467152743,0.9897975178492948,39.37103277534224,23.88693393054236,20.264100339189312,41.11562417554684,18.592584213360794,11.920937391910206,42.50691546902796,40.49104982764417,39.762048630179976,39.785696883932836,25.984204840748998,-6.003130230196869,-12.167460906806497,-11.504999246862125,2
0.25871742543027576,0.15804132728033968,0.4078925527820987,0.36288041644552327,0.3215081997663325,0.32964039193008526,0.2725451059369052,0.2572795514426042,0.2666035359898713,0.3014358838222905,0.30285940256678584,0.2868557691390549,0.07422938153096909,0.021935626516763784,0.2587446121842786,0.9424558381298482,1.2848056892245199,2.4751816211098228,2.264224096076838,2.191905393661063,2.536915576197671,1.5666423315822684,1.3900097627917654,1.2218377655093944,2.5691255146007053,2.038477778410995,6.159841111458967,1.2983517797678295,1.1752760689041075,2.0796464519589857,22.575867299616334,5.941246364557799,9.88930715021138,4.8690385172811546,-3.153411143552148,10.963821391145245,2.1905300899906024,40.145928252233375,7.502184252177187,8.099724367076618,5.923568114128443,29.77062580431985,-20.60852845811337,-9.167343396103945,8.210182757497751,-16.388417405369147,-12.105631309867531,35.61713609920501,25.160948435382103,40.61211004583989,28.297076644835794,2.0910848425552135,-6.529429762857736,-12.935948930366482,24.046445588503715,12.575636053945873,48.79818464441562,-10.123547795200176,-11.253238295328227,10.561600632549565,2
0.3360800857384444,0.34071556917413676,0.11976674546410365,0.15899239881982596,0.41279091619595176,0.45934342373544773,0.29560310182936383,0.3840386648118222,0.38282105787671966,0.25535978398398906,0.28978272486672857,0.21166178643473604,0.3039130215776058,0.3039130215776058,0.30391302157760586,1.0388494690552024,1.2893673390470926,1.3126291552088127,1.5315194069451399,2.6588977932860733,5.300585831311294,1.0052929998516624,2.552807162437063,2.8453320275101053,1.2587385194057412,1.2032288668216389,1.699483635917485,1.9747276838997763,1.974727683899776,1.974727683899776,9.378941323206021,15.600158583600091,17.703503078429037,24.188765848919218,-10.139041494268156,-13.534060871255122,11.296466153087465,13.374917305266678,12.65830537175242,-2.740144167496908,-2.282375130461901,-0.7039480613752573,6.233457328283632,6.233457328283633,6.233457328283633,-17.00697784222451,-3.66520536584239,-2.4615683397112136,3.566331954689793,55.18401963130705,65.15217697458364,-27.66496469661828,40.641179943565376,24.74129959545404,-4.106738203455703,-11.821155560785606,7.601460749290036,10.846654903354354,10.846654903354354,10.846654903354354,2
0.23184476094765477,0.33784421613885496,0.34893950292580167,0.3076321359156823,0.29147025174097285,0.32468769084822346,0.2976545538448422,0.2731542945459582,0.3166907706737313,0.3651904282191255,0.2895328507805929,0.29346129543404076,0.2720001906389695,0.3248823019910568,0.30535608890325056,1.8072454767129442,2.482093843331028,1.089310410866475,1.2086523002325718,1.3136294534132076,1.114131502865574,1.448040107118749,1.4718724672033627,1.069922401933757,0.8866925452600288,0.895786708492103,1.3486379532244972,1.4331695013721664,1.432338302889781,1.3572516410654463,13.954031434451963,-0.8457608981352394,10.561995761921878,2.637570107745887,4.145584526336108,4.335159341975697,4.024857324499067,3.904847736683678,5.740401988559256,-0.8086814200025003,2.9750157595050553,4.1337262474029615,7.741828722566197,11.414865088395885,5.279674408707564,7.503008348213501,37.634704765484,-25.20844155038086,-11.2228034626415,-4.862814984071942,-16.086640385005133,2.734655014043677,3.813223246284953,-18.323067514475802,-34.010369843509864,-27.4914209161875,-2.4252857479578545,1.2511624176504792,0.15242140480045469,-6.181547800553815,2
0.3042824360672991,0.24232223880307197,0.2131178360693926,0.20806026292657606,0.22820493489906446,0.24079819790414211,0.23884122871164631,0.2933114644958571,0.2135561681935302,0.24774863854048618,0.26813784574106625,0.2595663540150302,0.29451648761700366,0.19403623768756334,0.2514967880000538,3.186581342769644,1.0837188173830599,2.5889165800746214,2.4088790137898837,2.3726576962755512,1.5799794424986051,2.3844876626877607,1.6965435529261543,2.1335309189056666,1.8541627127465394,1.8933812446372416,2.090361045492006,3.1831427469861158,1.8283473511379056,0.9108002349509428,-14.468608184250087,-16.401804060277158,-7.264799832621378,-7.02173639753542,-19.21734993964131,-16.926166024978386,-2.1192546043118625,-11.312964370959122,7.156664467464822,-10.489129186033239,-6.756588866316974,9.902825288382303,1.8830882167019638,23.259665600080552,8.314345515505408,42.61724494116702,-11.970851723629732,30.228909564433575,28.938046286671195,38.742012872490015,12.843225124339662,26.63875655988822,16.934505482579095,29.961708164421285,17.526183903375543,21.45381246833091,16.26843622226037,49.712759413499384,15.727084622434225,-27.31839234543873,2
0.2045692898221188,0.24503046157056144,0.28825527214244645,0.27472984718545884,0.24672425425939462,0.3481337968161481,0.3508000071360159,0.1448354890933449,0.28898795961419843,0.19264142009730714,0.20637943058800728,0.30066302910190035,0.1690280333747723,0.22770389187194448,0.23743801847235096,1.6801959191195108,1.7300796982855273,1.3811155709931258,0.9568032142626893,1.6456512830623806,0.7469954477586921,0.8203650901532815,1.7478065590378105,0.7901258786171557,1.5954563105078916,1.8837493528501899,2.9445087854902185,1.3316887242787478,2.1353752684327527,1.527978657654275,-16.355348594170806,-4.422594875790622,-15.241148592792797,-22.74275370819973,-7.722865662500851,-11.822434481928155,17.10894558461419,-11.423724990700322,-18.194080412759035,-10.944720644034504,-16.453813716007886,-15.387812571402492,-17.147690936615817,-9.402271862403978,-14.074469567713976,18.125664605254993,10.42406021046654,-1.870366095859792,-24.248314661847008,11.266151855588289,-41.047857693126275,-20.82863266537186,10.27134488645343,-32.74725633896019,4.870269633494922,17.40117225600638,59.939914944553806,-7.261754098344923,15.205495581134858,7.222588385913646,2
0.24844517377695924,0.2517153389075869,0.21816127916194794,0.16887387408335824,0.2196883407948756,0.21677719361548808,0.2097232614895551,0.24692392312371966,0.23870382032074772,0.2215486029505357,0.23025347484219394,0.2609968047872947,0.17523247000892186,0.22361873522024495,0.22361873522024495,2.581148641648222,3.0328640203091264,1.4838320912639118,1.7191317170671279,1.8983708029079822,1.6788025704022473,1.4289824057615927,2.484040641308961,1.9365358281432619,1.8812712857831122,2.5446494386957843,1.1958349451152936,1.40527578865909,1.9439030905435166,1.9439030905435166,-2.5211086801352565,-7.643188157021967,-8.806207256522896,-17.321376139935012,-12.650907814786365,-12.858883631692464,-16.768714825919005,5.289514996303865,-17.4900370352471,-24.754792214069425,2.543987628134346,-14.463249567212898,-19.14571433249293,-11.276205925430547,-11.276205925430547,30.28835481465232,33.78376534399175,-0.172504360460643,14.909997197442161,19.38446160166967,14.057723832605278,2.8651036144474014,25.914270727573182,28.457812938748216,34.7977989886013,22.87085686843478,-13.77445530183835,0.4751227436345178,16.450639154577047,16.450639154577043,2
0.2232381645053473,0.2017218282183531,0.1932582939084168,0.23214439436250223,0.29759672592037123,0.2273509149269599,0.18812907418414032,0.21898640600286304,0.1400186603767749,0.29962350607285315,0.23580298146239292,0.2232265032253346,0.22496130428526817,0.24415452746776922,0.2387282097669663,1.2463226051100822,1.877907060213437,1.2254571019768161,1.2043170683114097,1.6468208369745354,1.6011212165433992,1.264950620034667,1.5894428235075744,1.8330129423339285,1.0401248358376316,1.5327351542775867,1.5914924056990314,1.4896644742497716,0.9040893082022413,1.1767144829829852,-17.150830538357837,8.183719689937192,-16.44400126701845,-14.393870002407255,-17.41268290185613,-20.415320888105896,-23.231596131518018,-22.237177330447395,-12.341858798690225,5.90934328765394,20.58557630194187,10.37004760816717,13.234095113685072,-17.59903421101967,-11.368097901073156,-11.694186487822495,26.62208679265741,-9.7721091402702,-11.880316366745866,18.353210737440662,13.226876491776691,-0.736096811530078,10.799683317935733,16.485075683728198,-19.557798901684457,1.2819720598294677,5.290397346819631,2.3466837429185583,-25.217559529009527,-16.93134008904269,2
0.24412818525820484,0.21999846564464715,0.25650341916359853,0.2295672274826873,0.2864581302698058,0.2764158733159169,0.19861374013445904,0.2252880371280892,0.2559420600551444,0.1635414676472633,0.23564566060998163,0.23564566060998163,0.23564566060998163,0.23564566060998166,0.23564566060998166,0.890066326237198,2.6347092494256272,1.1494548050674476,1.2642462332767073,2.018655532899309,1.2004526005629008,1.1451657807223359,3.7570765873806473,1.3690495798904727,1.2946606296316174,1.6723537325094262,1.6723537325094262,1.672353732509426,1.672353732509426,1.672353732509426,-8.067605989314984,48.21523601277758,-24.837533849838792,-23.418805569944254,15.162415362038132,-15.742152906972223,-17.76251364747762,-6.421036147289755,-1.5887632686905704,-27.56289402186468,-6.202365402657716,-6.202365402657716,-6.202365402657716,-6.202365402657717,-6.202365402657717,-22.425886254272594,4.123678377638809,-21.750482121516757,-4.542684232889357,23.54156013127718,-20.100204789687368,-19.59179610115252,43.087285427879294,-1.0724232199098171,-5.686510630549653,-2.4417463413182783,-2.4417463413182783,-2.4417463413182783,-2.4417463413182783,-2.4417463413182783,2
0.17646103000286323,0.14796397118923776,0.1697849109590281,0.17972059786210037,0.21147519421644329,0.1634126395407654,0.23229205011847265,0.16930429506723352,0.1266434302182649,0.2100639138042613,0.2593414999583449,0.22809399393815433,0.20349352473907015,0.19957761801102208,0.19125919068751873,2.176521615646743,1.688286893226863,1.6752833348212526,1.4900487225189551,1.1213587115414883,1.753913768228108,1.246091536586162,1.4255072782582836,1.4741958071847194,1.4293813925796235,0.9534374809752765,1.419539882621824,1.134480532016655,1.8421028688148582,1.4878678446443436,-17.36587392607541,-9.875749905025458,-10.635853831276393,-3.841714721652721,-18.926296648433237,-12.09561505577824,-13.073297780702148,-16.63173632495878,-16.294764132070014,-9.341817123034332,-11.678101759755606,-9.618723638437956,-17.180742595754054,7.31958597484288,-11.374335819150819,21.42141883691582,-1.2122375022014542,8.233208298649457,-2.552521995400323,-19.14300841519991,7.73749602317297,-11.252113807733616,-0.7168648832908628,-1.2295532023983022,-1.0872584171326598,-24.987721568262824,0.9382803991217463,-16.817468603962137,11.344628945917126,-2.0945511351289263,2
0.3507926183178426,0.26195574490861756,0.23653837995901952,0.29785604167744395,0.2444154331391985,0.16160545244941776,0.25156965651458574,0.22077756723479006,0.29171796703256436,0.24485294568002264,0.16225778395585888,0.23799517226464295,0.21651806751641894,0.23670989004583548,0.26115062425199304,1.6741519472548416,2.400523597257148,2.313489803967346,1.6543252755903448,2.401531434595719,1.4517800102438219,2.4630691554809583,2.3369759556650567,1.5167695940106216,2.5190475641905747,1.2956959015242115,1.3415778056424816,1.3873166450953036,1.3999796523418053,1.2574799248355664,-1.931821554779276,2.1176733505433276,3.2180238218759314,-1.0632582006728626,4.055713390682257,-3.4827831536383087,4.9647838314002115,3.9258839096669362,0.8544093518424916,0.4414891633881268,-12.186609747086095,-13.257681137876062,-11.558467801945199,-12.83366009469043,-12.07220094746333,13.24524020872729,25.07268371477966,24.882999456931305,11.059359606098198,25.29644206814615,-0.31567353334589043,25.56549916858196,23.39958865214409,5.871779963750104,28.616034521910098,-3.6778629585951768,-0.28417052134045473,-0.17149717002051318,0.22029677227958497,-6.642872871349865,2
0.27017616815462087,0.2632653591145746,0.2254086941538881,0.13516106255869292,0.276924170545845,0.27214507402794286,0.2836603140047843,0.24667726322290692,0.24667726322290695,0.24667726322290695,0.24667726322290698,0.24667726322290698,0.24667726322290698,0.246677263222907,0.246677263222907,1.4201191186609563,1.3691620425064288,1.1464464451803698,2.7025710902315065,1.0363498596602838,1.4392552599625608,1.6463358724240191,1.5371770983751607,1.5371770983751607,1.5371770983751607,1.5371770983751607,1.5371770983751605,1.5371770983751605,1.5371770983751605,1.5371770983751605,8.01643060286358,-18.954307288589092,-20.682824693039777,-11.142337798543423,-18.353272568411057,40.50411721665421,39.492630203952814,2.6972050964124645,2.697205096412464,2.697205096412464,2.697205096412464,2.697205096412464,2.697205096412464,2.6972050964124636,2.6972050964124636,5.479082378272441,-5.259769865380716,-21.630837699512494,54.40574064785183,-27.21495006778201,8.799740115207879,9.751108927470153,3.4757306337324407,3.4757306337324403,3.4757306337324403,3.4757306337324403,3.47573063373244,3.47573063373244,3.47573063373244,3.47573063373244,2
0.21273144158121496,0.18372739333868932,0.18658861219371567,0.25243949337832416,0.19823667289570468,0.20841316672195315,0.24103852188808095,0.3225968590509184,0.18580683738749593,0.16363585254961335,0.1948602924140772,0.19543801509633701,0.2557824543932347,0.2508627577354131,0.27080576223418434,0.9994051882505759,0.9991844381097003,0.9574651951477211,0.9594304731167295,1.319708374327803,0.994517532249221,0.9397549708921284,0.9618185775906025,1.0154669594705032,1.0371857229586448,1.0304648899782538,2.1818362439730006,1.4119035950225314,1.2171000374461456,1.361610425584267,-12.922317832850638,-13.518763522894318,-9.49946299769013,-6.476006151285048,-8.50004198204897,-6.830380217962414,-8.432524500428059,-11.832836602605397,-10.971865291001734,-9.12376950525723,-7.017680614247382,-2.411983701851028,-21.92594632941163,-15.162437543747444,-15.379468596164031,-22.000524952154212,-24.75331995283569,-26.36492872497435,-27.360844017593443,-3.3380238225122967,-24.951558710439002,-27.889665701902434,-27.7963091599646,-23.776302585728843,-22.747848033755883,-22.51068882144741,23.054910344795896,5.567943658186502,-8.893744622310384,1.6422861097338017,2
0.4969742031888462,0.2933807657897993,0.24306709440175206,0.27534849340844914,0.1512378827012349,0.2595971458110598,0.26343561380444236,0.2563489290205889,0.24968036374794553,0.29031971372728543,0.2974910022351237,0.27971647343968437,0.27971647343968437,0.27971647343968437,0.27971647343968437,5.912860642319949,1.099049573599624,1.3418905509031371,1.0941611646014302,1.5532337690461935,1.1879567836320508,1.977359864513352,1.4473539557391482,1.713617348279956,1.354129030760909,0.7805802888827319,1.7692902702071345,1.7692902702071345,1.7692902702071343,1.7692902702071343,16.578566889116104,-12.749247419657252,-16.674487537591972,-25.16742208581161,-28.60780471938483,-21.737848583887455,25.302507882082352,31.128650150657336,6.73316583135437,34.08848541310985,-13.354729874662098,-0.4054694595159276,-0.4054694595159276,-0.4054694595159276,-0.4054694595159276,52.18019647461567,-22.41559396040583,-10.924181412084165,-27.326918969148704,10.254859203087557,-4.503054717200893,16.882315100689976,2.5574120237489804,0.6516972274810992,5.225452529240347,-45.217795080370166,-2.057782870940557,-2.057782870940557,-2.057782870940557,-2.057782870940557,2
0.21051891188033148,0.1622603047725585,0.3147796847051865,0.3192908918761475,0.16538456479954217,0.2746842932294073,0.212337497030611,0.2686176396502468,0.3199101445705498,0.2142142145312678,0.20153825202156603,0.24213967264249228,0.24213967264249228,0.24213967264249228,0.24213967264249228,1.3545618129221215,1.2439007916246143,1.2016747621235082,1.341059396742511,1.375693269824805,1.7615199362224756,1.4273794669900106,1.2928318436005921,0.7109155296340657,1.1033343180400383,1.816623147572292,1.3299540250270032,1.3299540250270032,1.3299540250270032,1.3299540250270032,-14.270503594065815,13.433740342401734,-12.856359849251618,-5.908502621440647,-27.83722867802055,-14.220888936832296,-17.797339446832893,-13.092555731297693,-8.956955199492597,-14.486007893600345,-16.555214248774462,-12.04980144156429,-12.04980144156429,-12.049801441564288,-12.049801441564288,-2.0143311662717776,-15.463338396368776,-8.253379962834057,-8.825672559986046,1.420554499691585,14.866770207170266,1.0962874379582153,-4.842797047639413,-38.006108897638114,-19.68657155911071,16.079822522399994,-5.784433174784439,-5.784433174784439,-5.784433174784439,-5.784433174784439,2
0.2594904938228484,0.1996133917492131,0.28276138507509685,0.2394270567357129,0.21024835929148422,0.19765336245076454,0.16341250074451585,0.2006807969860484,0.17154042882219397,0.10191208908744252,0.1452235831365794,0.2191091143882926,0.2656433019677208,0.2630829989681307,0.20855706165900317,1.4245298113996225,1.3028003146007863,1.771149804676517,1.3898285740590466,1.2279214214957936,1.3576757487745774,1.4449579209254355,1.3216007006444528,1.3234441651298372,1.366801919844965,1.1602612518919264,1.404177733920314,1.1112867828920008,1.3478112564554123,1.3538748147650492,-13.27857598637516,20.559916337896595,51.094599841064166,33.76820796782886,2.4036306782522274,11.613628787415024,37.4749858193116,-5.451610524654598,-3.159263281136873,-15.307322412860628,14.000612054472242,-5.626678452413756,-4.610225139570986,-10.528929413381434,8.068069733989091,2.769543412553849,-1.8243881458548168,15.014087805098074,-13.51269159163717,-12.01902244009216,0.44683954856584585,2.144083478224604,15.678324251403165,-24.46132304297628,15.436346964043583,-23.219950026690515,4.262996020757207,-14.614487224388442,-3.723331247993088,-2.6873551599275816,2
0.22911255134021957,0.2492843520627771,0.21229777375124442,0.2598901133888931,0.24895466330410024,0.2691663125267669,0.2725089874226777,0.2726725004619848,0.27402448096479437,0.2592293315109962,0.2750845970211686,0.3211243854361199,0.26225510301288124,0.2372757286644976,0.2477698385943079,2.117608498009714,1.7448516457593517,2.0666749279323415,1.334444739633315,1.8830590900958708,1.4092691741084353,1.4693353893323728,1.5361631560048643,1.3780362637197094,1.3896965832537669,1.4805263941714915,1.5577109426188098,1.394758053857889,1.3719721474894266,1.294665814586328,-10.288682866630921,-18.635875204346206,-19.908263399149547,-20.413710528564195,-22.32402511701926,-19.577007669567564,-20.794790489840267,-21.254918830539964,-23.884046924629587,-23.428072320482016,-20.257890557474155,-25.721313238866202,-23.152428484385666,-21.09883287713322,-20.86773868264359,20.71569731125315,13.808240471646384,26.704446693027727,-3.88940605858577,23.28876444861574,3.3335130382055533,10.640490006310337,12.165679027212901,1.4049084811797465,3.1646282982551055,10.912834471792243,15.25766788220076,6.6543718158612615,-0.3201221602754147,-3.1576699770805328,2
0.23949929780277568,0.2941994363829042,0.21530627677929887,0.28540960640760993,0.1796492364516276,0.23364072777385408,0.28107318638667617,0.2169839884918902,0.2528461306608579,0.2298982050546554,0.24972717946362752,0.1814554193614502,0.18837571711067422,0.23686252206996528,0.18964404193973872,1.785393072989625,2.145784752652655,1.9863970348346711,1.6044606260076548,1.265551498514787,1.6390071451808723,2.7899894664836458,1.3287630799598757,1.4696471741454553,1.488122022293618,1.5486926869626554,1.737067305232504,1.3287943020827722,1.456398057603639,2.0476315801974474,-23.45768848778809,-24.55581746242973,-25.98894401291153,-18.48575528589177,16.301013145313135,-13.464782844979226,-11.696464605346193,-14.742874203732924,-13.453041802487206,-16.28913572488338,-11.01388432692849,7.152544548725359,-18.666109046683374,-13.947086511104942,9.193114137259386,24.856605518757124,34.486481545973305,25.487998617846404,11.06362300400207,-10.840125096998941,6.1115857188567295,32.17924271492275,-5.148348415913096,0.6338503753908045,3.63260576635654,5.102837911851566,12.972058135422893,-8.2837819566758,0.261118809638376,15.435103573083994,2
0.15430123033650073,0.31227270981625227,0.2122579817277464,0.29670809665459374,0.21496750395018013,0.1865152098205572,0.16778381140952475,0.24636550637943788,0.23849524446127868,0.25345509801833727,0.26264679904035315,0.20315954210979836,0.2572063652405132,0.2216515737443111,0.24515771698379263,1.9633120337637808,1.34346567645929,2.1296381400174047,1.4665636678015113,1.536083511185806,2.029123421632911,1.9671359319628012,1.6439411512264135,1.3431695486068969,1.2200526573679933,1.1833351479579615,2.199193482904659,2.4399069684554155,1.3239018734426484,1.9238518809448226,-21.281231187471434,-24.970039064210084,-20.238445744314163,-20.999676651218266,-25.686300148116885,-21.530501916260675,-19.5862736690473,-2.8620171353337582,-23.081701738714315,-23.148626885362034,-22.748430535580326,-20.670993436396685,-20.436124493059054,-25.985642531191928,-10.647123450849023,20.623319842048936,0.11628775299555963,25.56228668949388,8.7012413356499,12.10379606251122,23.185650786023103,21.685393001062604,22.016443120023396,-2.688820174622181,-11.355150516284029,-14.512216914483274,20.422225152232432,29.988218237768052,-4.075528435896524,17.405374365442164,2
0.2964880495813195,0.26509245985523133,0.29228351261458707,0.10565570007754999,0.2758866664942822,0.263763078942828,0.29847798966123795,0.18882218960489477,0.29283788228568847,0.24155205267223995,0.2589281925299767,0.24872180908876873,0.2049975865258026,0.24873132076418514,0.24873132076418517,1.828898035244993,1.5223841263391094,1.4488347288604475,0.8405422423601825,1.4647185283209734,2.0795359635082837,2.574846296240006,3.5497781458331477,1.9171302841842173,2.1851510620785812,1.2741783183542144,1.4500938397145553,1.6893943299572518,1.832729684691997,1.8327296846919972,-13.180490997497458,-19.04856866193046,-18.900233140059896,5.706614095451641,-18.356360652125232,-19.946821446136624,-14.913274483077117,4.276511826673612,-4.342004237473446,-14.714219071999281,-14.437294669068848,-16.592984739847196,-18.44813792524684,-12.530558777102858,-12.530558777102858,13.266066178354889,5.4664357282812475,4.7865751947237305,-30.134587238329754,2.5138505253200703,22.84221182076876,35.87206830292032,31.781633299476418,15.40078926683374,26.063651411066143,-7.582455082737218,2.9131340168118705,9.171275610014517,10.181588387192672,10.181588387192672,2
0.23352040736047625,0.3198790368493146,0.1978304928495811,0.25787709735824493,0.3188358018823942,0.2620830823478319,0.24456626143852456,0.2974978639635209,0.37559920190170765,0.24823133020075644,0.1139556222357178,0.2062003529454376,0.21411082771753565,0.2530913368500803,0.2530913368500803,1.4662318579118359,2.8525023962929814,0.8987634439313841,0.6229408441906422,11.51572003879865,1.9204359042234014,2.064465985225787,1.5385839909803898,2.8108037460180952,3.5381417110977194,0.8541313620909714,1.823063916181955,1.1028538324629027,2.539126079185132,2.539126079185132,-16.573034171962036,15.216800453236033,-0.9663068833860109,5.0404668639801855,33.93117650025155,-12.999596071285055,-1.2844683935702506,-25.45217669993002,1.667106712241889,-1.386204170846554,-0.5861049299774095,-19.194095842486973,-21.426707972041385,-3.385626508136618,-3.385626508136618,4.943096751381564,32.46658726204929,-33.265934663780556,-39.73062659690171,69.2777169557771,17.229239363916808,20.920551839667393,7.192990044417828,39.016539096853585,50.14742495260483,-32.278854087424016,12.67909921235594,-11.165951186825303,10.571682995699442,10.571682995699442,2
0.2227458188916703,0.27089217788045106,0.27236115018285745,0.21991665083029382,0.2872825785919854,0.24071886523290842,0.2293009493933301,0.17711935960390812,0.24953072355750605,0.20205683539734398,0.18561023610707325,0.21651874395861334,0.22582924028738388,0.22771268116705307,0.19855622119443167,3.995665953374989,2.6927601571370148,2.4097127969103678,2.2254755946334948,1.4101346765346838,1.3657141231390622,2.2136196704481472,2.0713265654266197,1.5409916393324552,1.0879733586176399,1.6316842044338762,2.7011807923109887,2.3807132449935304,3.6528394555716197,1.0293109263273066,3.8705134939045536,11.295291871629132,-12.754066617385007,-13.326042147183955,-19.46475739351075,-18.170041592934325,-11.024468420566109,-16.402171703798132,-16.761589830519426,-16.029707902912122,-18.322356579946643,-8.938910729444984,-9.679476374639421,0.4430279581679599,-7.726163915019242,30.116420518295094,33.456870325929046,28.422423376317063,27.43552299760311,0.5368837289045224,2.7001161045834783,25.91611265658362,24.85302742923671,7.309644660798362,-21.298663490690686,13.73065945831473,30.15271723329165,27.206002935055807,33.76526303526927,-18.337066399362577,2
0.26566448326695746,0.07018753490057408,0.21495569616209553,0.21064523980063232,0.23133338666328374,0.22157028878019452,0.2590873188647591,0.2490733220507593,0.20820646187648836,0.1714042760928584,0.20394835317341936,0.22459407388813168,0.22834213725524483,0.22589580766723175,0.328590932544337,2.987275916569863,1.092967938916575,2.1270126336233397,2.094024419933992,1.2880705525403717,2.1326975994946835,1.3293408013784351,1.3318498612781082,2.0399480207336183,1.9334445430996776,1.9322927703536026,1.8384086093874388,1.7604012234022954,2.5765519604012384,2.2691830790127874,8.665253846947678,-20.808138850468794,-8.265477095518605,-4.86240581652936,-17.20456473378303,-9.978501893548469,-22.67323033633241,-20.78290640662462,-15.067081419445344,-16.258951270266238,-14.797335446038375,-17.64912199948745,-18.8995546453464,-5.432602897940427,-10.466007626714031,25.861299034139787,-14.022529193074227,18.610221732465,20.61602190524761,-5.192952232875852,22.434654047963978,-3.73916705801805,-0.23710929219570145,21.84942954009727,20.301533253548456,19.211932787077252,19.27460234781271,17.221669749173472,28.764739373554953,26.317417046223238,2
0.21620736671263885,0.17143049323824316,0.2555168847864271,0.34856347062147985,0.4096197063611462,0.3670362702569965,0.23934082285139277,0.2756524171299019,0.1360866704015377,0.2990073782296705,0.25849728439397823,0.2759052422224921,0.24082477750285264,0.2687452911314429,0.2687452911314429,2.248856351298122,1.2763591150453006,1.444658236137744,2.0166186671398623,3.8553403973521116,3.0139812780063164,1.0465764046888455,2.27097907431511,0.9980797085394918,1.3763815733052853,1.0263651065660613,1.2022325631322526,0.7305695423151538,1.7313075398339737,1.7313075398339737,-1.2656388147608482,6.427347871208809,-21.20836682962326,-11.826006087205968,-6.547450666135973,-8.316693789584747,-13.01149813209426,22.23610417212589,-7.889512635226595,19.80499104091274,-19.78949620099334,-17.400070694039783,1.4871454595407556,-4.407626561990506,-4.407626561990506,20.695052544256203,-12.945837294945465,-4.0837369522032105,31.48388536028349,31.52786867703541,29.106175952972887,-16.179205257445158,30.1436088584954,-30.153769545211286,-7.687604037850567,-17.38688094723459,-8.822815824813215,-30.980658289667435,1.1320064033594206,1.1320064033594206,2
0.2019206436154231,0.17262462315474808,0.1671385249904267,0.1561195171148862,0.1458524103361421,0.1518496691325797,0.18564043492979773,0.21560006138978816,0.09608859811839496,0.18044566723259667,0.24593982714267826,0.22892734592918848,0.27112775648774934,0.23828992482247474,0.23940305143228807,1.0085676446490814,1.0944742717529479,1.1285830358577191,1.1245675963811592,1.1751856325766918,1.1109780103241016,1.4577082792461633,2.7437271127562535,1.3279613373145263,1.2090745335400566,1.297215386877125,1.3119352276211034,1.1527323804511842,1.294750226148538,1.4563114033120028,-9.367035312189785,-10.13878936802999,-17.019275279370675,-16.667597590735255,-15.437602082118133,-12.250211656115624,-14.374073472164099,29.700389812274864,-19.42327143579257,-29.20737114196578,-22.110454739604023,-23.625567795239164,-18.07057700007863,-16.961664806176714,-18.653711244779345,-20.93608556842316,-19.611774973184264,-17.784218944256395,-15.918458160111536,-13.224105707657577,-15.845028842328258,4.174398079594977,29.941204620423147,-9.833435435513826,-4.233993613071019,-3.733810672926566,-4.125397608362882,-17.232000555265056,-4.132382087195437,7.79421429661811,2
0.2081327115932406,0.27737613478563466,0.2519808831212232,0.17858502881687405,0.17454914511349862,0.2372502424115374,0.29990497734274446,0.2574011535663555,0.2494969939904632,0.23066520799729145,0.2483322971925428,0.16704268410945589,0.27770373477718185,0.2844088811892716,0.23877357685766537,1.0309203966996496,1.3055839607687427,1.1111937533543048,1.1311855634469787,1.5155516245285408,1.564828969384309,1.3057185056447875,1.2886300532262174,1.2941375738143583,3.4185675923754926,1.4775161458202772,0.8623519790429512,2.415328690191112,1.940583017523963,1.5472927018444058,-14.081764720952663,-18.886014525897338,-10.735925863294995,-13.79765129167643,-13.534829383018575,-16.86295054626794,-26.50263460270162,-17.6334753408521,-16.628928947753565,19.815006973779276,-13.707198034930485,12.544005580831197,-10.257788469126467,-27.279246099217943,-11.96781394793426,-22.83095111205626,-6.501394073874893,-19.98218008698272,-17.102725749263147,7.111032598823372,8.231422840060391,-3.581010432636819,-6.815784177884143,-4.045440450223953,36.536891348308075,5.966286495848593,-27.601873597600136,27.114278415956598,28.092371136044726,0.32792308246569185,2
0.3378538392783028,0.309349249327528,0.2735644212607521,0.19995188874438496,0.22307676178270977,0.21008007346770208,0.22609857590834168,0.2933199078384516,0.09475741400637275,0.03538343043403213,0.15282192823745333,0.26180552350610137,0.2333782735211053,0.21934163748563368,0.21934163748563368,1.5114300169795862,1.4593934975919007,3.044074861266974,1.539477577187166,1.6490736195764601,4.001167003209341,2.571662941403239,3.7868671467385764,1.3410273992668325,1.1650611820960524,1.1736153959952194,0.9341563447040406,1.6200683381167738,1.9843904095486278,1.9843904095486278,-13.942993830505714,-10.109500818871425,-7.622057483740093,-27.01110109765284,-4.779599328206444,6.024702869218999,-4.7152130519396,20.05548912637559,-12.903377120805459,-22.131527276475737,-24.563493226860942,-17.443869917128467,-21.454006204107316,-10.81511902774611,-10.81511902774611,6.445750521929897,3.6894777936110494,32.29502537294776,5.006700719891652,9.048101473907654,36.06156286881761,29.420149519417645,38.47088324558522,6.715466313979213,-2.8292344995931042,-3.096276692911721,-25.844788820128908,15.084694233360263,11.574424003908787,11.574424003908787,2
0.30624064003141677,0.19895767498080905,0.23096943755919205,0.23731948376560336,0.18022907511042602,0.22924378252074912,0.21238488361336244,0.14583167257294094,0.22413604845006063,0.22484605223751958,0.23100493711682907,0.2412090665902008,0.22186439621242582,0.2218643962124258,0.2218643962124258,1.8365726701926746,1.5921387749191496,1.7268930120763704,1.4757969362471273,2.076697964575287,1.2112233407513247,1.2813518106799437,1.214610934604537,1.45524478787833,1.3323784968191974,1.4100620725455353,1.0882993676331114,1.4751058474102159,1.4751058474102159,1.4751058474102159,2.902748469414604,-28.50473943193279,-25.874787668351274,46.248394131558314,-6.368093073838963,-23.92539984318961,-25.220563344791117,-25.46123139834006,-22.87524176903125,-23.090976612197807,-21.569827092944507,-16.62919025226776,-14.197408990492685,-14.197408990492685,-14.197408990492685,16.798042608667828,6.881796081812754,3.746469885845229,11.671799873684986,19.070006090954934,-8.597018660090786,-3.507862270836836,-14.233420007433473,3.810905751208145,-3.2009569920099525,0.4895058487847156,-21.764140766668923,0.930427286993219,0.930427286993219,0.930427286993219,2
0.26474679403933254,0.27883497390066797,0.2817519803611468,0.2991833148848768,0.08988058907407412,0.2157347203312735,0.13223601328908385,0.25901735473430937,0.22247735592712037,0.19201589285402165,0.14667656344958468,0.20896213803188818,0.15224181830774242,0.23608376791104405,0.21284594836401188,1.2280856585614193,1.294880043337397,0.888665375036198,2.8413182055926622,1.2630377541637576,2.2476011730934236,1.1949931160983827,1.8101649026150242,1.0325709899784747,1.2944674861635466,1.237929534045621,1.2020787333483467,3.1409414186642084,1.2849289364141427,1.5686902376509004,-19.229133904368183,-22.346585709428666,-12.007821526574645,-11.455354065323178,16.37907199315697,-6.872384239236823,-22.532810319405883,-20.53968402716785,-27.263143110051516,-26.638568266257465,13.19725938730204,10.850329791239574,-2.364237739504688,-25.90981121776437,-11.195205210956049,-8.184941743238886,-6.188228812484405,-26.75899511175536,36.149164513234865,-14.098412278715083,28.69770834465704,-6.3278017952829435,24.63378655483182,-20.4690637523206,-6.4262770170462336,-7.4228773781233315,-14.818304222574215,25.206650551271657,-8.710739952987794,-0.3370237214666764,2
0.20536796552605213,0.19639173649517955,0.23903634523547543,0.19255970268944023,0.20109607393214446,0.22535223103197155,0.2243463198539113,0.25244089877566556,0.23837752492254216,0.243604247865401,0.223763937535631,0.24437144257358553,0.2551291519492298,0.22901824291868533,0.2586229620653123,1.5377395429211778,1.5077440534976325,1.5550294622513527,1.4317489283539204,1.5407778264460152,1.5571906107600177,1.4531301247114277,1.4934717257712569,1.4732770799388475,1.4978059038358114,1.4446773388448597,1.5398480014154345,1.4948851188061092,1.4822850176838676,1.345410074228502,-24.873672635608386,-18.38213587425264,-19.174470657983733,-19.21230229700359,-21.46049063025464,-17.98352957850878,-18.553804751257957,-19.325579382271712,-18.43969449184894,-20.195693544283728,-21.70081913426776,-18.673628418315985,-17.149411373159893,-20.466413243244887,-19.851005395699502,15.960807159793148,13.176766115850382,13.414915185744508,11.356618835375158,15.054440935979155,14.819261376649779,11.151964701520207,13.99890196272251,13.55396086327599,13.926966464909837,13.15609984068617,13.64715107146961,13.796485579442448,12.74655732129649,2.2212782999294194,2
0.25322548498947123,0.25911851910160855,0.21787000375433047,0.2301526356949365,0.37539661923861906,0.3756353381997084,0.2630757382675318,0.36367110833975175,0.13042690472305826,0.3683829998943683,0.37639037448086365,0.32461094181776895,0.1663095859096454,0.2640271996154987,0.3813057148166499,1.3477050282380845,1.494763133669038,3.2114914818655302,2.4798275921774744,3.2391265916977585,3.090011118049456,2.631179146258043,3.1051421979521243,1.5412642615863348,4.414876851187357,3.347209831038912,3.0925292923574874,1.5150605204605327,1.6793211741497034,4.831935336992555,-26.55543141141999,-24.22043855636798,-5.809399405009287,-16.09626990625725,-12.74689321512119,-11.637514040827028,-13.201443027110116,-16.389723809138275,-21.708577945859417,-2.382799452994419,-5.775980373718653,-10.988571176179846,-21.697993611726787,-15.310450470284934,-6.616519296660698,6.5225684683732075,12.045594606696145,49.03391412927971,31.69750007715286,58.98464879536901,61.91409000774271,55.14369151237139,59.32265553914178,10.037501007929903,55.30903248778944,59.07392537720536,60.25946467663285,12.969180022840975,20.75873461782629,61.45920661090455,2
0.18927419480696972,0.37948401810546417,0.2519948272989262,0.2102581382407475,0.30756084801227923,0.19752131614406682,0.21481094847086407,0.2686883314764568,0.292151108864407,0.26188992607050876,0.24251074289940278,0.22702020830843508,0.2856416877692326,0.2137354394819257,0.21010854304555068,1.4053658532740592,1.2581180095334106,1.8587786149000458,0.6686490202334835,1.3564130933375635,1.0877200054053129,2.1399885189704317,1.2658501774774156,1.3843314727291092,2.205092388110505,1.9507029983331996,1.8181935743958755,1.6618796358838293,1.6456412626911652,1.5224376779004094,-18.108146051748747,7.528572570804926,-22.849084584443062,7.7676839130941175,-17.07474525148328,-20.19574604233054,-14.570601104612763,-17.13292580364174,-20.78296707838973,-11.470776841368263,-17.225858902449403,-21.432171757535627,-16.519478605250697,-18.51524239912399,-19.99583126580609,7.1131882459155955,-5.090456546966528,37.36186572084927,-40.65070445266908,-1.192958613907005,-17.52249222916459,26.382070527495554,-5.939528839172423,7.915834392329099,22.01099263486298,23.55367390250871,24.00922751447819,18.000627230940022,18.49180380187037,13.723671444279239,2
0.40882019031687566,0.32071705378488324,0.233411422895812,0.3906591839918221,0.2943542274209748,0.28246501996927253,0.2411428629375558,0.26964246565562777,0.3902526390087001,0.2606866098212469,0.27521413725230504,0.45304040902940323,0.18018613016516372,0.42038865141056736,0.22719941225034673,4.945229820431138,2.659602555786001,1.6334282970654355,3.271023150101294,1.3971962476172775,1.5809014411260502,2.711712731375553,1.4080320509703426,4.335741019640731,2.130141911792164,1.5292655623301281,4.431459457963475,1.6464248508113541,3.2274187048787386,1.7359061074974844,-11.46346033369781,-14.478855135473822,-20.128481495809694,-13.692755444807773,-17.404751578924675,-21.514576062784272,-14.243160067960105,-20.218970568558035,-9.236887790615953,-17.549945756742744,-22.213200204324806,-10.89910794454778,-20.796365581834635,-11.17670600777734,-25.696463118112604,60.50755058718704,56.69063161611291,16.801791678411455,59.19716242062824,1.3401490065072341,12.547207043363493,48.58265224825595,7.0368988090418645,58.17524258407373,34.33896279930273,14.349709734930327,60.71080809851528,16.32998809125669,56.88563997882453,26.652837890197343,2
0.2706563190134087,0.264833029035644,0.25467457948822264,0.19390815919978066,0.2368637893602638,0.3618699821946277,0.30676273504563645,0.33881264159864577,0.33604688018137424,0.34865884103321143,0.2336074708919657,0.2625761505328853,0.25994890476232746,0.2835561857724008,0.2336238460064297,2.112659208617927,1.498564616047207,1.78398887470561,1.653285851722735,1.3890002915377349,3.0031121388066424,2.0989904391780745,2.3522858513503735,1.9981055434360162,2.523515004708684,1.4727595978547043,1.0351805984169509,1.271005827391636,1.274950706756683,1.2726704835898144,26.950341188184723,-20.665263508547326,-21.894003130746626,13.426613754791475,-25.871919381478875,-10.295938590756151,-8.035312232255677,-9.758750991247723,-6.387357822792239,-13.172299197909837,-20.63003588371103,-17.965992420112116,-29.520411880621054,-29.756019728551593,-29.465566451496557,18.743017104780105,13.383080794839735,24.32924651759798,1.9368674130168393,2.4794394354850042,51.79854598337011,17.577268877822526,27.91584146216321,20.53189365287183,55.233219826300704,-3.0157926452832085,-28.173212120185788,-9.953406253144989,-1.6649461867474573,-1.6836156087345764,2
0.30508608539201043,0.3076931760508253,0.2745476526753726,0.2802589362259862,0.19083574268576492,0.18265930753330992,0.1696019061809959,0.3325641429073899,0.21029384632071668,0.19614154293455835,0.19795483435417932,0.2767219103903835,0.17788715075493988,0.16279813004950947,0.32839637137191996,2.098434954953082,1.3298383393176274,1.3118186286248592,1.2606387040665117,1.6472133448571076,1.667751537234638,1.4539890883287183,1.5317210687245,1.5856587255696482,1.6449396502438407,1.6079042765967655,1.3486962148553407,1.5800683189608684,1.5884394734780312,1.4612945493626708,-26.43128857336106,-23.593462580834,-13.922177224208497,-17.442640924587465,-4.861443881522575,-4.407990390926244,-9.936557041888392,-5.356156834028525,-6.2963041375611795,-5.735170903369152,-7.271384899529295,-10.644441533650138,-10.949149830058161,-9.798195589302765,-5.1851779354597625,53.5725196826562,-0.2404721949022903,-3.715609219589533,-4.29588435385659,9.818962927960735,12.128928108914993,5.70164543255684,13.040351569800594,12.30466442987193,14.866534140651106,13.44914158932508,-0.5995009142136954,10.943654095796509,13.640989501939083,6.022550574843848,2
0.2371997642758904,0.20268719365975466,0.19668071949204377,0.29654916264512177,0.17377831028387852,0.19822396934791875,0.30433407635997956,0.16608469230811218,0.31760835130798903,0.2836341048062394,0.16057954282909465,0.19015190439591745,0.17550237149390865,0.20016570698988412,0.18986147313751234,1.5623650572679344,1.5615947030580013,1.9877693311457265,1.745400848670941,1.8288310541030952,1.7821479063335972,1.4441672687467992,1.6333742384809022,1.5862849719645724,1.488503915202994,1.6541423140143119,1.87157238933395,1.7793542906606117,1.7042765734433134,1.911964464687772,-23.006167033937828,-10.262703292878484,-4.457033316682754,-10.35423576389087,-8.124512454593088,-11.124380754378535,-11.967625610463585,-13.07710383426101,-2.799391913764424,-6.538494766300516,-6.894650479427355,-4.749007866698378,-8.188378795193671,-6.678450815582522,-3.261667377905866,16.037522142403063,11.472105379783073,22.122982565345236,20.93801911102947,18.6841608708485,19.339695579251558,7.146793121632647,13.581835236848065,12.562426109763372,9.793275181374202,13.155606221555534,18.039837462800474,17.74546947535249,16.66789493189054,19.296439830727437,2
0.19029673289328147,0.2810463127366363,0.3039005745076937,0.18854224740270134,0.3228875959004526,0.34680518849676006,0.31583907560361635,0.5260466932340575,0.5028105290496496,0.25972783136129873,0.4067021769050372,0.30604091285033647,0.3165870993306362,0.361916522649417,0.3306535352086839,1.2517660981555885,1.4870651816302867,1.5830056673057658,2.2456050867221458,2.854793825229397,2.5535040784038086,2.16614520461781,4.157274926804823,4.038158753816729,1.5312799857320978,2.6153411231585837,1.7555142384058717,1.6483709232270778,1.4127400030962953,2.235754649736163,17.83693924676473,-8.5279327180032,-8.643606153545647,-0.5361981619023481,-2.896587880755675,-5.2473948933809424,-11.966875036861325,-10.77089845317036,-10.126907214095667,26.299920013742422,-6.36722004005847,-14.924102066940605,-4.678978441306413,-1.2930916607136282,-2.988780961444795,-19.00829392806502,2.2385947028159006,12.387158163036117,22.269008137253056,26.100450719213104,30.77462909068277,25.98229931470335,65.85103037149278,65.32870742343421,-7.9418266100299,48.072204759057094,13.04113815126212,5.895759016180404,-1.0972791029176991,20.706684300579884,2
0.18454747406423766,0.21819156171059212,0.28033362681694957,0.23697018811449627,0.1178797308876472,0.31685467767453146,0.29881677741944523,0.34329744390223815,0.16701891250376133,0.13585437793874225,0.20847898554576438,0.2556173976510201,0.2706114600885663,0.2935759239670848,0.2589126578497603,1.3065039843816666,0.8168320311991417,1.4202753359173332,2.7123587143946555,1.1691480264766796,1.706684645271125,3.2681390790818403,1.9743142208406015,1.4151764656103898,1.1791418844634776,3.4084450584958645,1.3611007964830775,1.357137362203163,0.9064995659372653,2.116209406877322,-23.65995022336537,15.84624187711563,-27.27657428995761,0.5285775485472755,11.87780955379506,-11.080688036682744,-0.12203249644784364,-13.208501748002476,-29.600232588872984,15.837442616665356,-22.720359094347316,21.672330238300702,37.840394741651465,-4.951664451527932,32.13220514314665,-6.589858443982314,-30.314400953281414,9.587996485089228,46.05193636815122,-15.060677665098009,15.63025240934245,28.603445643415036,20.248091017368115,12.369532968605256,-22.451447553588867,55.50886267618832,7.865648198260758,-3.8694956878956437,-36.56866923419026,21.063293499064542,2
0.2398475304350309,0.25252402877896785,0.2667133132866163,0.27491491786706623,0.274377297467436,0.26358318996364666,0.2213103545802477,0.2874670733713323,0.1296854814509813,0.2807513853781188,0.24775662445384877,0.19141655420673298,0.2508808066475301,0.25544570811521544,0.24547673328591219,1.315987834339694,1.564359663264587,1.3558332369909623,1.3687003617547668,1.3264353950370904,1.4660372596596007,1.288089060015006,1.2654764733548551,1.2790774468604844,1.0958192714774986,0.814634501885042,1.4303839022965554,1.3636587232423891,1.2119095791016545,1.2961716220914419,-27.288979054062736,-25.533169539630393,-19.425937150813837,-20.119483695321065,-20.305083245339944,-12.697320427659776,-27.7701110169958,-16.164361378968437,-21.232681712857442,-19.00994345714966,-4.368144767485319,-15.267681958419075,-15.638405703628791,-17.274862632307247,-18.721154695759967,-1.4636238918322864,15.701865641232153,2.952527763781587,1.781761380396889,-1.3879260637418898,9.534861722387024,-0.4707741816920476,-4.41072584049431,-2.044086886113953,-16.737438938451078,-34.73296851047562,-0.870766228888866,-1.031921010680708,-9.92709022594079,-3.0790218050367066,2
0.23226193438825765,0.25821865310878955,0.2645929721369541,0.253607635123698,0.201840926332148,0.18938443414120026,0.1418347583992369,0.1310158288343694,0.19253040405047472,0.14215000784144383,0.23272274467362108,0.16561299593334283,0.24729335078196377,0.2040820496727308,0.20408204967273083,1.3029996484527933,1.3276367784588727,1.6341423246216222,1.2936356892749468,1.3465966514209196,1.5248001614985232,1.7199806932724926,1.976044361504889,1.305513960988554,1.7028604741900677,2.4721626793329357,1.1384618898849461,1.062816064666685,1.523665490582173,1.523665490582173,-27.38723416914837,-24.83762922608645,-26.597829739280087,-21.077921954559457,-24.9651777349753,-16.798791944705982,-21.96137836988953,-4.190219111880651,-28.457234668120662,-10.784297491638966,-9.23591346498847,-8.935043162174168,-16.186857587889364,-18.57042527887211,-18.57042527887211,3.6548447757847806,2.35850464594128,22.247097421891834,-2.6069386245725825,-2.6767768099029356,-0.5441004418434896,6.499317597866209,11.479677174942228,-13.234206452109264,14.78267564172877,24.02233961898756,-18.727111684660617,-18.784300584146763,2.1900786369159246,2.1900786369159246,2
0.28906541604556757,0.07843713931655792,0.1967027263963091,0.2710793477348322,0.2200822290109482,0.15097558495248564,0.1928956116166371,0.32582026882473974,0.25760219450483635,0.26833113205216186,0.23613568759284276,0.2598229026159199,0.22891252005531984,0.22891252005531987,0.22891252005531987,1.343649362253142,1.2696121370420481,1.5295769420411771,0.9696014046873634,1.1615547054239135,1.3170761419344956,0.7856913007449297,1.179434077072758,1.5748018093853056,1.3467187134792133,1.2335102284679762,1.266057238484059,1.2481070050846985,1.2481070050846985,1.2481070050846985,33.807279933941004,-37.72356958320594,-16.8942888738012,1.603466336352568,-29.033726578527478,-9.618500257806602,1.1139073475841599,-3.7966074425781073,-16.503406913586815,-14.697417450163954,-21.228041243294882,-20.803959504555934,-11.147905352470266,-11.147905352470266,-11.147905352470266,-1.9667051627177465,-5.1008795436422725,-1.6408599350588238,-38.83325185375441,-8.031420997362938,9.849037235970675,-37.2326475055643,-12.352157505096944,16.50255130007906,1.5259085805368946,-6.9826329164735395,-7.2268732233869635,-7.624160960539275,-7.624160960539275,-7.624160960539274,2
0.2694195390773632,0.280765048191086,0.2200186704121425,0.35106298758843474,0.25327090008010733,0.12098163863658148,0.17075463276750713,0.37590813530767053,0.2424586947073778,0.2503137855614994,0.26669319135762026,0.27523721510523647,0.264977021048955,0.25501127985120053,0.25836120036253507,1.2464717308379705,1.3416406546134336,2.586398687075326,1.373844985258352,0.59510555747375,1.1658615091568652,1.0787449934385365,1.0062583130796052,2.3496185144189314,1.3774649732991795,1.396145141336671,1.341739208141721,1.2693128207614073,1.0282352786104747,2.092608566139942,-21.810284395564082,-22.158312644545248,-7.055958606890982,-12.024627113695516,16.16710068795814,-12.207245372374075,20.583358891405112,10.188534690346728,3.1254671168416053,-19.6404258968999,-18.81156683789723,-20.58916978273473,-25.60230599124776,-26.245978841904446,-19.922882536420445,-4.500119980533784,5.689376886544784,35.00743674264429,-0.43172838115635637,-38.35502849568553,-3.7182365149684946,-17.20935923773191,-25.323805441026188,32.86260161268221,-1.896686237942233,6.5334231032401915,3.925330414495631,-3.567528345110567,-20.57165989834606,30.003451082006677,2
0.174980060475247,0.279135139238301,0.31012672125040763,0.25921402874973964,0.2606745756476177,0.2826907685730924,0.21548056079971467,0.2850403503511742,0.28871435753998553,0.2754752362017721,0.26971941772305785,0.2836245589727538,0.2727245518075162,0.26596925594849075,0.2659692559484907,1.4167671688174863,1.4437102245579034,1.6688109460749638,1.5970825060353693,2.8983333979901307,1.2390111914486168,1.019807496679116,1.2398120168677926,1.3237391297915786,1.3374394281553548,1.2502682291844853,1.280268687749465,1.3072934101209777,1.46325721795948,1.46325721795948,-23.525103253586565,-13.887019162732912,-11.093808379488792,-13.280634739268294,-9.02619014653402,-12.76779122498283,-21.56348996027404,-25.77567389966987,-23.441155474457076,-23.157414461888123,-21.952849816925266,-22.428757722868568,-23.87951525802731,-18.90610796159259,-18.90610796159259,7.203582206121249,1.9094914176344802,1.5803001030425716,-1.1778388069991257,51.90075933739565,-8.174688774757561,-18.814954541994386,-5.785378558714595,-0.6082305494437494,2.829174345620319,-4.532526498212828,-3.8094674569786213,-1.5126879551979144,1.6159641744242683,1.6159641744242683,2
0.1851488270256164,0.16237009356055437,0.17795367562872955,0.2202121465613461,0.36377604100481664,0.22314772905527064,0.32292149261764724,0.23912776600374103,0.22312009369940777,0.2811386837460267,0.2319595898138565,0.13122744144458115,0.2419319026162958,0.12721517093937112,0.22262459105689364,0.8116648456014024,0.8602213168128845,2.0275059942194185,1.4658147253996228,2.9225249916638116,2.27835474596981,0.8631233754683043,1.4625166544508224,1.36701756855517,1.6551421966067528,1.574527730600361,2.5487478766659755,1.3015403082265402,1.5580565398055344,2.331704026074165,1.110625843808748,30.07437663162011,-22.435411370680583,-17.1290417221189,-15.35472795022963,10.933457822207629,-6.824371939326994,-19.427025160493457,-15.832107575848482,-20.738781164958453,-16.51191589491404,-9.588224874980853,-21.353958569995427,7.995446625911683,-15.345995639297513,-27.997565363038344,-25.991806365338512,20.341472489445174,-1.2164467901895117,33.266246458428796,17.317616782928354,-29.055691978789092,0.9779920749069752,-6.595163635575859,9.869073635853765,3.806356615273067,28.85275948832153,-9.418412676232323,0.19649502900096658,21.63146937059012,2
0.27051042036405926,0.18674408614953092,0.25507705415702275,0.24243661069253059,0.23924067223136875,0.24514100173930525,0.2664376624563956,0.22921906213278037,0.2598119769144596,0.26235074820018794,0.28539326212423455,0.1834836500570685,0.25635504144271143,0.32642288736148106,0.29081737964299104,1.1548262677714876,2.0167713683226283,2.345144380841613,2.299141675895527,2.3609762891093067,1.577758400129328,1.5397697472883787,1.6889163833262804,2.3467492460719126,1.4241018543123614,1.4899640539527275,1.772980845318333,2.4144676617320053,1.7149333748477589,1.3504191560497376,-19.97586980800645,-14.683518279514715,-10.309265518067065,-12.225931422788477,-11.702053955332786,-18.75084979891909,-14.163095622417018,-17.503404510328068,-13.040167168903082,-20.394901161222293,-16.967148418491917,-17.26726673967994,-12.59811145872635,-16.283287539986418,-10.97967341090694,-15.017030249884467,17.13961334598905,22.51113613447103,22.091930901733384,21.398548399388407,6.97009539466551,4.162903063139501,8.660562925275167,24.187451245435206,-1.2271658745159117,-0.363301844061788,11.914101567795296,24.332505840560348,9.192361499656887,-5.665020848569344,2
0.1534603673027784,0.2172103750063032,0.22811749554173927,0.24152028030780853,0.2506945018502823,0.21505012997724543,0.2679574275046489,0.2619544048249547,0.2926240222403041,0.27934227659356137,0.2710667163548309,0.2908636056985421,0.18686220289983002,0.23743265925006096,0.28749419447776925,1.5449368921386832,2.369538641763719,1.183316460693762,1.354660057477976,1.95622306115942,1.4206768676104673,1.696260185806614,1.8869914136450219,2.0443887745108724,2.238549687888837,2.1029527917047766,3.4407008885252495,1.7217328230279962,1.82056603265242,2.361947823282122,-19.62605010628465,-19.013408308726156,-18.241123675383534,-15.302886183547628,-13.048259285364196,-21.309588835542,-15.146916731221921,-9.565894400157987,-11.90377718688859,-10.27928817730131,-11.89312759329195,-9.696188590762716,-22.95957980724404,-15.159315178929091,-27.085819164586297,1.9378642642426378,21.380180870991357,-14.92215552279947,-8.315367336095012,11.93978811176765,-2.7667615035054616,6.610271946222362,13.645137390396405,14.705749851039132,16.13324553038032,18.111585992518837,60.702601049264246,-1.0428462535541105,10.175610841853489,63.49849911811704,2
0.2941214037092667,0.2717735694332223,0.21544094785294304,0.2692454535124607,0.2936272316970535,0.2726152285510932,0.31329568581638984,0.2250116952372832,0.29624018889837767,0.29792177444007106,0.15676262141135203,0.2715739600953662,0.40818438323211326,0.5776452022982698,0.29738995329894735,2.8671728193943204,1.0759806635660647,1.3350862652954927,1.2824513519867202,1.5978126502169365,1.4078933079098912,1.2172664253996244,2.492624571020093,2.302816683579421,1.390149070844187,2.1116599892381034,1.0944569475222539,0.7409460867374463,0.5600908905280492,1.5340291230884715,5.525890753642187,-19.60354741150016,-18.377631577351167,-17.38609581756785,-15.41765091681873,-12.704095559635817,-5.750174968329276,-3.440561185623352,-4.275544968331275,-10.43419546776741,-15.861381448568551,-21.774640515987613,-16.96489624235224,-9.576291299480204,-11.860058330405105,24.467707642273602,-18.672702547308663,-6.15270895450331,-8.73934614209222,4.4049557791840055,5.094393750729933,-13.694765784033784,23.88475043577291,19.409963495162337,-5.119089355066142,13.372900679236436,-19.47257163270549,-54.4294336886565,-58.930540462405446,-6.755463341743739,2
0.32582318469878135,0.3391901581813802,0.3285196132023773,0.21883945223251874,0.23350751534857286,0.22341927206953932,0.09875240306823721,0.2864846936457034,0.3538998517951278,0.31937649320488104,0.3270150575651596,0.2376193409569975,0.11001038059823422,0.284370062493278,0.2633448199329135,2.44402045773137,1.5432015048580752,2.140560616457689,2.3484337006677203,4.493078444187667,1.5495708287890861,1.5458929082162134,3.478303609528642,3.151779212650362,1.7919728124450918,2.1075388593585385,2.2888580161945296,1.6834865188999022,1.7918490458488117,2.3113247525595497,-8.654310176025376,-7.689209256945304,-16.40379707994822,-7.2212220946381365,13.160164690622224,-22.128775663962927,-24.977982871685356,-8.954555323291743,-17.76992628004703,-28.26901593432507,-21.106203732918317,-16.32617730613819,-22.041413134707568,-31.242401900425705,-15.687487576031193,26.87194109723403,4.192432981924505,23.926279945276846,18.710151745757713,50.00526292387823,10.171679344838282,5.025905271806131,52.53076300137091,59.38296051660518,20.002549741619458,23.912307184695354,22.47041547725601,5.52793630989055,4.850919701222191,23.398678945955385,2
0.32371911016293514,0.30520028922266756,0.22680086177475317,0.2615693454558695,0.2891752736767664,0.3216837867827844,0.3045943155880694,0.25142225401029356,0.27349399143533804,0.3009109543364251,0.2950895411821175,0.2762536531997691,0.2971543753871241,0.2545705088348639,0.26798158833832225,2.254867875170318,1.9651115251498046,2.596972140357876,1.6787113837502876,1.1939312357566652,2.2580035386733566,2.0926006479185206,1.8815154830363523,1.2689182524791485,1.3279062578217067,1.3163448873458081,1.8936130225019998,1.989820921618441,2.007263280565087,1.72208108473951,-9.315088750939111,-19.753625243262746,-16.35490596860123,-15.69126498438672,-9.13313831101857,-6.798771725928134,-6.358231902647304,-17.533520200292514,-6.73108947816047,-3.7367502005257904,0.5809215907261205,-7.70136418786015,5.1270266538701605,-7.2221504158176515,-13.073360017014409,22.230042809612833,19.473915222271064,23.429042007378094,7.390908784839701,-17.97295273458413,20.234062097986136,16.00468807990632,11.464477467835529,-9.136092572615727,-6.334484950255485,-7.346013409128637,9.342128364006845,9.074958904174622,16.18399844331105,6.531660158930248,2
0.25699009962268,0.27029907787396595,0.26540252712240436,0.31021627216680403,0.2813056026875246,0.22351096534472797,0.2878499833196039,0.24123810006168117,0.28376123999484365,0.29388783371504734,0.3092271740272373,0.266291670574494,0.34754557579182044,0.18011532577717157,0.32555965966031486,1.9290766804303732,2.6752598924919946,2.954335321298095,3.584907052345498,2.0019280054681685,2.7689550307105515,2.0994977916546564,2.4771851781081327,1.601194664857665,1.5213001176307992,1.4148175222726371,1.1216381779287876,1.8099092790655866,1.9504492467762455,0.8954617359623637,-7.445180377194362,-6.315345725006324,3.374598448673197,3.9889696971070236,-9.37427444364917,-0.08433687064405149,-13.734633226751242,-8.150228457653895,-16.285605940405304,-11.524953805305358,-7.7512650335808075,-21.593580335943926,-8.220114355428251,-17.70783699315308,-10.094457518657237,15.105803707602945,21.770143747596528,21.61944991064267,54.55445336453593,11.952812599513884,19.910046871205857,16.703950418438403,17.16488400652086,-0.8304605595093788,-6.66741603860269,-5.312971159316122,-15.109461100692492,14.816303542992905,19.381235859032163,-28.025973417544044,2
0.33283544219838634,0.1694171405667814,0.21371669821632683,0.20049961690380003,0.17914853058225655,0.26265285898339785,0.35301122424732395,0.1714520449528808,0.2556399514823259,0.32212003439526626,0.33123197027814544,0.38384115139624286,0.2511922121316198,0.13007462897403216,0.2540595360934847,1.6161011489046764,1.4441874167518176,2.0434809180350095,1.495411851284317,2.2247416516491123,1.560081219717775,2.253587794736382,1.7213847736886636,2.0773261380873307,2.689607971846154,1.3169394045713292,0.7107801980455438,1.1421469390256662,0.876198875641276,1.6551411644275036,-7.2999780562941226,-26.39801117715257,-24.867353693436,-22.01482975419546,-19.008707068983,24.775221930404427,11.041179176574445,2.3078110775025493,-19.801948268762743,-15.060306867038747,-14.938138215959043,-4.070424079794208,-8.725692960913932,19.127448305563178,-7.4952664037489445,11.892880953594059,3.5237819200095752,13.106984978183064,3.2976637665160564,24.361609380574937,12.019989729839587,34.03623959475854,1.7028211134445175,13.046431937974486,54.3375577369743,-9.335599665141386,-37.71768338216755,-16.39636279144018,-18.246314341283824,6.402142923702585,2
0.172418074106896,0.17197485564841303,0.1637010717626261,0.2728469251550392,0.3397930974701806,0.2727046610017241,0.26577274649023974,0.25268182701623254,0.15050352991395846,0.25971947387573774,0.2500406727983427,0.21514395867840988,0.26425757482496975,0.3043997343813882,0.30450096767746954,1.4210902337534614,1.3328692412090688,1.266402835749765,1.683149588053641,1.8763988139801917,1.0723627132913285,0.9544396375450344,1.0590688038636382,1.1897329770391964,1.0739530511517894,0.8505352045893011,1.2928500580351712,2.0753507128518933,1.8293403561084625,1.7346363887664955,21.02209884216947,18.86850915690536,19.08136355506548,-9.781148364401673,-5.752991100928114,27.475407728759876,34.00316745890922,17.699818039529674,20.730319956535624,16.509895401200794,14.04400749605648,-14.579291623363588,-9.19157936826005,13.835988012039081,-7.3219010360604955,-4.248889034709822,-7.856722240829115,-9.394567268453129,6.818813894100524,14.577744091170862,-5.930044665365011,-9.023177972248323,-17.786451369013456,-11.65582154049376,-17.79492805319834,-21.73360438652251,-7.849683297241604,18.22126338472665,5.651227483630417,6.7544955570200065,2
0.27809737735284384,0.23695980217292345,0.17448121833494545,0.24465798322597626,0.14652414378750003,0.2595542388802479,0.24527009253551085,0.18256175272522324,0.27806479675288454,0.3229837377683946,0.2964458797419343,0.2978853226943565,0.22452539373133606,0.2965457218491754,0.32686624346910076,2.2411005324337774,2.7492729322172442,1.6942402195740796,1.3604341184061408,1.6100943541765256,1.9660459336486686,2.082473095823947,1.9364369889511779,1.5477623169791637,1.1853526987146414,1.0905485748002381,1.1665887617660802,1.2388444709445903,1.4523835698776522,2.9029208638567394,-16.61588981813435,-3.301654086731162,-17.992026660778976,-26.65712753641347,-5.136497031459697,-15.719439118587559,-10.749011944046003,-27.53471883595165,-9.131636466249944,-15.82129255195656,-9.629511752098551,-10.441447439867488,-13.077414988082126,-4.742712112986339,-5.857487517569723,24.29626247208508,24.176109417942637,19.887778142345468,-1.550912082948487,7.420842429089727,8.929493632327594,17.173657444578627,11.013923735476803,-2.3782055467102006,-17.412063776162007,-22.22377183328925,-16.35636926019824,-16.08307996559313,-1.2942292067510108,50.85593746983427,2
0.04477416637097649,0.09723970537336182,0.10256455803033843,0.15584295951719596,0.13822227530289377,0.10966501019748803,0.15759910449836145,0.21383255902095738,0.052860492125041,0.12487119310301746,0.04163768538892769,0.15675139426485968,0.2979985419173551,0.24864305211669716,0.24848630014158057,2.329386376758271,2.2289447533811857,1.6165335467358275,1.2487143065189648,1.0444777545636985,1.292657606459753,1.3699769302251863,1.9838719860695584,1.8911384078838929,1.4869751285497603,1.7136019635113742,1.6183220559586313,2.740625471702705,1.5249365090414797,3.071099476311513,-17.847381628574,11.895797960995594,15.193619842888467,35.706444532237384,16.784812579279958,26.949989261842177,25.55527199118856,7.310207741364792,27.079483663742195,-13.513402125222257,-36.24049014811314,-12.330746100696587,-5.796714683096894,-6.191635901640666,-18.438229958851508,16.796976095137357,28.261307222332057,6.532786833383739,-0.45116552690696105,-15.989597301344123,-10.812397888916717,-13.36276553478521,32.15001001062511,4.842955632586317,-6.728796282139654,2.7010526448364773,4.9322123306293335,28.428460741297048,1.209967239757895,48.8850420420783,2
0.25871764343241377,0.3259428269084266,0.23422550329628744,0.28334168833418527,0.22292921541292088,0.28338374905403696,0.2752240374327449,0.2518896325958197,0.2688418706385216,0.25830244601718244,0.27363644716245944,0.2886482468579975,0.26830439775272885,0.268722131145825,0.26872213114582505,2.026717585759341,0.7547641560735519,1.815421738030616,1.0498741569474959,1.5704251043212147,1.71725161670198,1.287050211677102,1.2905801727912127,1.2529772561808281,1.3408172105540384,1.5649738002389257,1.414392987046535,1.3190303533225844,1.4157135653573407,1.4157135653573405,25.37355757075258,-10.817362492270888,-3.160362569613085,-8.844773233098067,-27.494054092792794,-21.82169915055806,-12.539693264345033,-20.32265179849668,-14.365148693051395,-15.259308382564939,-11.143705006705801,-6.272630010366754,-10.733850930357704,-10.569360157959125,-10.569360157959125,17.331403721511663,-33.02496116355562,22.01232483499616,-21.909347130325795,19.397712070922747,21.146376480295892,-5.950802653087189,-7.60507028803203,-11.251765812136364,-7.0463502454563045,5.878217477188022,-1.8277555618183574,-3.809677141372043,-0.5122842623745558,-0.5122842623745558,2
0.22912814928548797,0.20603058448923378,0.31024991423803305,0.23148316514051553,0.24601720828677387,0.3148603940483982,0.2752213333282473,0.23172624111326343,0.2507030203785417,0.3135019325514231,0.1963746798055434,0.3010762816520409,0.15180203631303935,0.5031732814884567,0.18428481220015985,1.3270046622742462,1.639532178540514,1.5108831150906632,1.0184808514341812,2.491498498796237,0.7445443412354927,0.7957399219349586,2.1225635648093264,1.3708462663671304,2.9980765952132558,2.2313838686661627,2.0572131497937876,1.7369747465899659,4.139020277432546,1.6572854048444794,-5.8257298130961885,-8.148754462148275,23.307020769870434,-4.153987779514409,16.405309882691682,-7.526820269987809,4.473916286222732,-4.864868536165403,-7.887130891308516,1.0414653478925402,0.7376769817740012,-5.169931613218495,-24.93811469274968,-24.548104247429336,-26.98209171237528,-8.113599075301135,4.232395732549499,-2.9621276880469463,-18.48051598829451,18.85391131588608,-31.71170258542865,-31.5667895500441,14.480105223728382,-5.958288296889303,26.37219279789565,17.81874955233487,18.59385291425941,19.320828129485047,62.82409896014028,9.538137066928673,2
0.2830506913346033,0.23620767392338354,0.2845471924102229,0.3262956053688628,0.2654561824790347,0.2902339311684657,0.1119250379094969,0.24323607870943953,0.2810462384428829,0.2240173148996169,0.29230379881369983,0.2705812818929362,0.29276817709264064,0.3191383371986819,0.16722267131308943,1.5524037736522585,2.099455092286519,2.2219939994597064,0.946444617922091,1.6204738905269311,3.060614175729511,2.1668152094047444,1.8356156272367292,1.8606341897071372,1.016119118527113,1.3935522012422523,1.0802235834118883,0.9843561938357974,1.196504395048528,0.6841577275394376,18.918010478352443,-7.846733173503992,-0.7548896530657601,-9.634756345318067,-9.412173637311867,-12.694162178486806,27.80728151566788,-17.565487269550545,26.429135240024777,2.558808730358777,6.705547710136557,-11.47840492648254,-1.1968550136015494,4.099007738258223,22.657110682306353,-0.07759148876074763,14.857061129442386,20.70354886544964,-16.396019707207707,1.6459025251332497,59.67849068989319,6.159171034113594,4.739539963654814,1.126359710836285,-24.00553733563045,-4.854514370173896,-17.698206132459052,-24.571000452147064,-11.964919586095778,-32.01243350937815,2
0.26733306065886764,0.22559112089629663,0.30070177830484524,0.2340343496152933,0.30167628304154503,0.25829619493582046,0.24199683232076047,0.235475741525543,0.21570021351647403,0.2663105471149078,0.3212927871810358,0.29900890433945826,0.3031553125889124,0.290176030497333,0.21132258398822396,2.838006088848732,2.2472464818667612,1.8086280373592958,2.598870907023056,1.8401032186086068,3.0732591253418526,2.5012308275793536,2.7866726449381862,2.4899160417695207,1.3869472762036892,0.8402308919568543,1.152228108975898,1.1377937154363724,1.2372373029628858,1.630561347888906,-2.358022065165528,-2.8907241797601273,-2.787125611681091,3.741032276733222,0.467585111713106,-5.488521457257207,-2.5738689798801317,-7.028532746966931,2.971312547051383,10.566155527737038,-1.0729218315970854,-0.2722337212416335,-2.5123245419203784,-1.8904195807800477,3.7786361061266973,38.36423365819332,20.54032618605607,12.13152295233077,23.209515720853894,11.389528643058892,47.206793685744124,23.90058085372336,44.9706618799376,21.32272347372195,-6.014686075384018,-29.088896128063993,-15.48395985693844,-16.793802599540193,-11.32666541214118,1.0053879015548681,2
0.29598798907544693,0.2610263162155425,0.27409625590797715,0.26486983690728216,0.23039944144849792,0.18627214700960373,0.2490752264144786,0.292385668676447,0.3132711239377781,0.39329111515790083,0.2397367455320477,0.26739947515302004,0.23030315825246142,0.2918854380006458,0.2707142812635093,1.8577805945753196,1.3856848381569336,1.1193680951703258,1.3044379532291495,0.6326953904234899,1.508726127763921,1.126678425882907,1.977891320048025,2.3154373759554794,3.8508602261977543,2.1568396976925666,1.253962045630112,2.1963682422898683,2.1110908427597304,1.771272941126827,12.925643329067498,-2.209448141932455,-9.434249902879799,-2.238614129590502,5.2831663713376145,-0.9460998399916605,-1.4639044695561552,-0.1495770891515633,1.2001061876020742,-6.993348971332409,-13.533599781526618,9.797743040907875,-30.426507632282465,-5.47707047684483,-3.1189829647266714,10.74251854283365,-6.096881118877297,-14.592072094727081,-5.725373528148608,-35.192510722591585,-1.928609337482865,-19.683459245308796,13.275371560053653,18.751267111879947,59.49472558047593,16.687595912120052,-12.46290110167514,54.280892806021484,16.50776596545772,6.718452166430789,2
0.23955297099692432,0.2679768363166902,0.3008474361142961,0.2953021058279501,0.26259833182008385,0.22001931572804284,0.2993458961045093,0.1451834682855736,0.3375522391582223,0.28675828497034456,0.339098450791061,0.23994429461569267,0.17410180805779701,0.3932874422370464,0.21829776684314392,1.2351892845790784,1.8129994070021258,2.1248171524574446,1.768862250780283,2.364713628794305,2.048210722409426,2.2006192704032457,1.508324615434495,0.8841876838731136,1.3302813263186146,0.7800181807717168,1.9588722637908411,1.4235242318017345,3.654427646444317,2.7884385185490514,27.23123922991303,31.36864150635259,-3.2521203845581397,-1.7630500540870457,2.039820363422308,6.535030600415155,8.677483942339563,23.49646563703712,-7.938116757283467,4.935469417650893,-0.034179210640672864,5.620180011264296,-26.21342181493378,1.5730753598427896,-3.907116440097127,-11.401809448443833,-0.0189664996233613,17.230968227337943,11.911558239207373,15.168572609121869,16.053073340220543,14.334557903140235,-8.274956228052599,-35.39509436105257,-7.120500071745398,-28.122716532690323,16.962048779583377,-9.516353717733407,32.046564591144545,21.858510947839672,2
0.2754412589106787,0.35821317527286045,0.3202281782686669,0.31223379707279086,0.13024402911103156,0.1821038273677662,0.2572284848322345,0.3111157562693766,0.33019726880923483,0.27522286399051565,0.2752228639905156,0.2752228639905156,0.2752228639905156,0.27522286399051554,0.27522286399051554,1.3806885075330237,2.2106248416602523,2.935569665700783,1.6036147386226924,1.3455956900210368,1.6489306842989289,1.674760780647593,1.8402354593505919,1.9460157034153656,1.842892896805585,1.8428928968055849,1.8428928968055849,1.8428928968055847,1.8428928968055847,1.8428928968055847,35.91283542500139,18.6404217444516,-21.565757512694745,2.6636555249038167,0.07187592887868277,-5.447374479102706,-8.460563290227782,-0.9996110272798546,-5.412212271158381,1.7114744491968912,1.7114744491968914,1.7114744491968914,1.7114744491968914,1.7114744491968916,1.7114744491968916,10.252187587857604,13.125938003778412,61.22105044779608,13.7400384307815,-0.3888056730033887,8.560670363582712,9.089045980700604,14.249097799466863,18.85101640158344,16.522248815838203,16.522248815838203,16.5222488158382,16.5222488158382,16.5222488158382,16.5222488158382,2
0.1412406499798043,0.09207489036474939,0.18847263537069733,0.475200931206579,0.3405635300179885,0.3026323963330688,0.2878767529166181,0.2878759780186485,0.20938754534196796,0.3027476094169236,0.28311253785945,0.2825897302415113,0.34331576416567733,0.27208391932566806,0.27208391932566806,0.8567035652066803,1.9267528362680704,1.4997994851077605,3.9751079201125807,3.1424623300802197,1.3632662015420818,1.6083342740576423,1.4612796745038146,2.228376474961381,1.4384779941460468,1.3548541163878995,1.5570025205363773,3.2526487546806186,1.9742358575070134,1.9742358575070134,4.32868029654594,-6.688997815489955,-0.6093972472303051,-25.05090437991649,-0.7732013915134814,7.478416578645124,2.4187515519031138,4.246045665383974,0.8733091051637132,11.632088552688202,10.570922267490346,11.23581454594131,-7.7863169368137335,0.9134777532921353,0.9134777532921353,-28.96372164903445,15.58513423278376,-4.167625596553657,69.97094351275379,54.71496427703389,-4.563660401784272,6.682746242313576,0.24319106257979212,33.75865689370837,-2.219863656103526,-3.938278070174929,2.896724712819271,48.230543678149445,14.47921194142239,14.47921194142239,2
0.22938088179154434,0.21999756998943729,0.3677480315894425,0.21405279610251843,0.24373826250381955,0.23844807596453654,0.18400360106009486,0.20600785584508158,0.21188376607286386,0.35473366997633315,0.2772694675327486,0.24201660441330264,0.2550855305549429,0.2704690122607936,0.17780779916567713,2.2579296512401914,2.34289700654187,3.635806792901225,2.2034760112368814,1.6600682875986181,1.7407011477042635,1.9066020225654112,1.352659615249713,1.9189270351845635,2.9880600616080732,1.4163376555644687,1.5906801844781724,1.679776261157847,1.5213228862495545,2.187978163919928,-19.148954446688947,-20.19539492748723,-13.97508147484234,-18.744861432422596,-16.81551053288993,-11.735747274228203,-22.55262982136489,-21.906075041172386,-20.512953853864616,-18.236007914865127,-23.97206917015427,-19.6134047596276,-16.09379620426239,-13.756996455385746,-13.103405697614676,25.362676367154446,21.671404485077733,60.36465133245285,21.516099124533525,8.020865808037753,7.860630056742923,18.06516855170875,-3.106987119993158,17.707384529895442,36.94703307794357,-2.187132307611753,4.633302625449844,7.39081989497602,4.038717313675808,18.13920182420777,2
0.27400114265555275,0.2552874071981773,0.27239946794628334,0.2722277852923678,0.28269970419495083,0.2727699948753325,0.2980198408309719,0.30158243715578975,0.2764637444604479,0.320210599550252,0.3120909142322559,0.3164797431501023,0.2421094070919316,0.2653729010481525,0.2884696571166164,1.317029340756828,1.3713902351982152,2.0869863494184466,2.1471288175806937,2.2029970565551524,2.1663073459239994,1.583056782573506,1.681285596795163,1.8551900258994545,2.103850251583392,2.3294998842038543,3.064924904177505,1.5558826505674046,1.480090223995907,2.7669211838565926,-13.853697377482945,-15.907717658624193,-20.284540790844545,-24.953657708466977,-25.81428569546503,-26.69323945618018,-10.386621180972526,-2.1722929783579445,-15.511566263476624,-22.954213868621792,-15.219045213410567,11.576660476255626,-14.927403453759013,-14.91027136589895,-7.613497275518995,-4.105605164739825,-2.2977405678863065,23.8058153029249,26.26380780241056,25.281776451312382,28.41721012571359,8.530559499961843,10.112775553110904,15.471649361832863,28.44134888117521,28.33761056044333,40.15892076732776,2.113320354989212,0.9841841230232747,31.392666188876223,2
0.2955023502580279,0.2453406774245592,0.23915430272007412,0.24410794198547997,0.2474546996897869,0.1799707238311868,0.33269839721939853,0.27520810200310364,0.21305988237626483,0.23200641378903714,0.24928364990866508,0.2809720397240115,0.2584580649476305,0.28619194922143265,0.19444477457909948,2.669451834897782,1.5037984213778688,1.5819517348550465,1.6531515972542756,1.7847498210009085,1.9657666534844405,0.8982354572779138,2.5925721001643613,1.71567430242686,2.233867867997964,1.7560932169281418,3.038068450421814,2.2118176387637174,2.634132099024977,1.9494494572489043,-16.432603769805297,-2.9426559351074673,-22.953768178666763,-21.826092681251794,-12.978013555537274,1.5495837490912265,-3.8401515343415724,-3.304944443129898,-21.180479973399486,-30.082300242660807,-22.854779364746207,-14.041031695353382,-21.822752844464077,-17.228434341912276,-17.34714897862031,30.380828337885244,0.5113453555020798,5.62694214948201,6.730556943115952,13.198301777008096,16.567177558519116,-31.35041752160924,26.8325875859218,9.625493377957318,29.10884765952526,12.856809242968762,36.178544632494955,22.626592803398385,29.81740855300445,16.685334931341906,2
0.2577616391833954,0.17475259384576397,0.34019769186989357,0.23805237205260787,0.28062228254831106,0.22036294803497802,0.3263193083452163,0.2268382839139868,0.23232336469933534,0.20575061134639927,0.22741990716108423,0.26240181057271206,0.2896946683672756,0.2628733782798002,0.2791425351347765,1.9947597130874726,2.228381769509842,3.5624191998759143,3.9421505650639475,3.0759089652849405,1.925540947413791,2.0769461920551544,2.3141546667592667,1.3271718675296098,1.983745932146466,1.3735277093700704,1.4775599664476338,1.4375071580268206,1.4773998487263484,1.5146947508137845,23.263112901530945,-21.745768984085743,-7.577273474141265,-5.048952695732453,-4.473841950008989,-7.897567779861674,-3.651392995660842,-14.443130107964606,-14.744148755471059,-16.104175926216044,6.802750834004314,5.154613295502685,10.682808705723573,3.344543471001856,1.179125668447142,7.230711915754389,25.001345024885847,60.1112933262639,59.22646160102436,30.436003087852345,13.358936394411327,19.012455658890595,21.258726374127228,-6.355440615569166,15.302778812945162,-4.846562721088636,-0.27829138376167945,-1.3548152741543544,-0.49759836951106695,2.0845834631317657,2
0.20299965897371533,0.19531657944735023,0.2578308305916579,0.21919526633650685,0.2212594104467996,0.20909230487468577,0.15098930961744006,0.26068821213102544,0.30316258772441573,0.2651133666942248,0.27482221173550897,0.3104131120576781,0.29442433015332703,0.24385056976226296,0.3254751166194549,1.9936990518013875,2.175193523587709,1.5172136622613326,1.7991384134344586,1.785027470093178,2.0979932271161843,1.859239209463698,1.2953562502931015,1.5364094309437242,1.446236861986897,1.4647862533435971,1.559845101654036,1.379650497720992,1.6911589629710602,1.476976854592658,-14.606029490187808,-11.439682074227335,-16.325303276598362,-17.13439950684628,-12.327575358423871,-15.95676262272039,-10.943410600379764,-11.94526317683028,0.30797771420944287,-7.772178553959691,-10.383164812199396,-4.377248062307842,-3.3757719309507763,-24.209616255618045,3.231958924514572,18.915935026991942,22.47405382425662,4.970548450185242,13.472478217730165,11.828254153235326,21.554477149289223,15.63618768447898,-5.294890736152377,3.5118226978423484,0.7414069468385643,-0.005132700130316439,4.219184313496402,-0.8893715295223455,16.922233922440235,1.3600636476842813,2
0.17207737557827382,0.1718596268114439,0.18420574691014768,0.23846675863299455,0.29381652485143317,0.2288412227489288,0.2706109089032216,0.28317893665319616,0.26036216830910985,0.3319661870045682,0.2824686063138654,0.38647755265707723,0.24101162305828625,0.23475275240581955,0.22302812460619753,1.2394345729291731,1.0729982771918094,2.222604496993774,3.6835796648137467,1.5944972086924525,1.8521337993426186,1.3859523023366165,1.4204366920674154,1.6194913319805424,2.8909192436162923,1.8203530726734214,3.7518747574913407,1.2865486773267785,1.6495732358877286,0.9179348795857565,-12.35195321116933,-2.722923953950527,-3.1296483978306355,2.3126483455442326,24.863831753996237,-12.071587398986281,18.991162428169048,7.9183253095259545,-5.64191314521824,-11.986510095080348,-8.90352155151055,-11.606388248563803,17.349685509426536,-0.31185495244955064,-9.240995013568579,-8.324338170460706,-17.66222449549516,19.09836403871423,31.953418569165915,-0.8670896152720727,13.828099642617794,-2.0713513918869007,-1.3183225596357813,6.684679011078467,35.66910921099853,10.335665235444205,40.06155544760475,-8.023985046140218,7.133272529968051,-24.57712512955894,2
0.22101816871593263,0.23845053601476646,0.3326872502668854,0.18916440460066686,0.24586129590974576,0.35544166801580945,0.29062366483675384,0.32202384282094165,0.2639354201235534,0.3033339382152498,0.2973589542726516,0.21790824360148042,0.22266948231366998,0.27537717529993355,0.27623760601355396,2.3404732552763803,1.5871743203384652,3.445337537985453,1.4448341566675782,1.9725927637063088,3.4245616395243306,0.9070950643072321,2.8922922344588518,1.458562912154827,2.269976544547912,1.2962304617417364,1.1922764993571215,3.069117232060778,1.4220748815784652,1.5320975093364964,-13.5553250796317,-22.386391787789222,-13.060188003287493,-13.196008801406862,-11.553223761210461,-7.62314698152062,-7.097194466999724,0.47405441981686636,-14.610336208477463,-18.19744972697552,1.8822821985745861,-0.25272251062662576,-2.150010667662798,5.517963825804145,-12.09426180318394,19.212842789129663,4.50857871687241,37.260117470219555,-1.7490073090344633,18.09643244772886,55.59595646925793,-27.80644668300322,44.693750506117006,1.0492281723368801,27.842507790796912,-5.809101814449865,-11.999010880602233,32.11736877293636,-2.1883020130021675,4.396938519496848,2
0.21968152990544793,0.11500175632149115,0.16076874182606607,0.28533968408885957,0.2796785130284264,0.3020083706158845,0.38049339011837013,0.28363448777204225,0.3309182093054752,0.1769940710475455,0.1956579153471853,0.18300599439233656,0.221211293695078,0.2720203758374422,0.2585402728915387,1.8358704432463748,1.2935879100308763,1.9866910296612825,2.442977698395676,1.995118882045556,2.293636320451552,3.17872314451806,2.693229630729824,2.2382926020705063,1.7736763509178763,2.1226028269430013,1.5293047404878468,1.344859439377103,1.4310564665892545,1.4213598378169183,-10.911799384152175,-29.787460582718495,-19.419614666942323,-9.013668188479045,-16.593325496214078,-14.816430437360964,-21.522841685730015,-17.337267155809684,-4.736265845062945,-20.41721992494422,26.49527938300176,-12.555841269823532,-24.297377348681238,-14.808480820601233,-15.944370920717773,13.007085000997582,7.390526663253737,21.82930194572127,19.957984186921507,16.137835633949187,20.042156101282306,64.58237932585052,58.184643687726826,18.75688638975096,11.368034165251203,25.403082226244205,-2.8597124147595765,-10.413197295142334,-1.533277612505032,-1.2404897108516382,2
0.30979695984285416,0.21655956845371502,0.28577196730906584,0.2418366628050855,0.1611708322298972,0.24747345157377199,0.30136170532396034,0.2075839101519838,0.2060315938679822,0.1805784357953052,0.19351650182437674,0.18718422201305682,0.20349296726028926,0.2836165263530643,0.2177924139056025,1.6383305570918156,2.123074827382723,1.6523425826133455,2.418367451205803,1.790753748202991,2.194047436241232,1.8162661009529328,2.3798080547586484,2.2655607690760533,2.248064582784094,2.2545106154149503,2.358349458774695,2.3506878997240146,1.8110147485178771,2.398828219335107,-1.3174571442524723,-7.136649574644252,-8.73152662028835,-0.14171688495343915,-8.91117674518216,-10.077258406558144,-7.263800367649736,-6.918303918998447,-7.384439706413474,-7.029862936343136,-7.094451410818294,-6.051175104411385,-3.3303440304077014,-4.759441135066339,-9.52440571909591,6.780649973016676,17.647462074570477,6.934481502082882,40.284692410375904,11.399722144925443,19.995468143497277,11.102708687626114,20.95163278338182,19.230534308886273,18.8225121452196,19.348859708188,20.22269828155817,21.737048637179907,10.313126738697283,22.82702655310276,2
0.16917623255407355,0.2514175272490136,0.3179393608707192,0.31797355526233956,0.15072872437678742,0.1349140275374754,0.1770129883218441,0.1868455982355035,0.2512361809699363,0.2342012632500559,0.132689225922113,0.23761415845008943,0.17318540371421454,0.22714142678735533,0.347147279059978,1.2157832875157601,1.627664640949626,2.2917909238419316,1.7671270836436024,1.3336778835855356,1.4404104545754475,1.6944986399840536,1.0879153572039737,1.8897435278933785,1.7879910601672786,1.4952462063456382,1.6915063712629241,1.571698899206064,1.5808620042230168,2.415666816635358,29.152310966699872,-26.729438818291044,-2.617237878161376,5.138693554353097,-24.076925819614587,-29.023970126257638,-34.419820629488754,10.178595529013506,-31.43445115399132,-24.490002933631843,-37.70086114410691,-26.735395072646867,-33.79194185443265,-28.329628094762313,-6.862736449543888,-3.342874439753359,3.6142613322729646,17.385515160198185,5.644274454148468,0.7719742090010526,15.188628038844792,14.495763762712668,-33.982660007147295,19.036609415053558,13.687030092000333,1.1787923650948404,9.655157660491978,0.6308106692715222,6.656180123622294,38.11133104908999,2
0.27748315018525094,0.22622617871448578,0.17386976211423288,0.23755127937146084,0.2787355892648261,0.2806187770585724,0.3764350482565868,0.24056375536411584,0.31682469152094994,0.37816563703626227,0.3027873735126877,0.3460870565834725,0.17947369836417837,0.36755012963359046,0.1158190583478741,3.7126980331997577,1.7745987221020332,1.3321377270956298,2.145729633058891,2.2329576669005835,2.060485228554429,2.9340721501827254,2.3669122931561604,2.3388347865767716,3.582789144643758,2.2422226638962646,2.4369035985852507,1.539613638900035,2.694155334487985,1.6297927524725682,8.967842483537083,-10.517806489210045,18.27913337631378,-15.524527695347416,-5.83483332020009,-21.936059946851856,-13.178186655217985,-19.345883929620157,-23.62919358623688,-11.340777339965712,-20.16245112403101,-19.085976244339918,-22.37116683398864,-1.631122730239241,-28.031431511395624,30.24541118372065,13.067395221115522,-8.115816997625116,17.158480422695995,10.325707937812442,55.70046712161188,65.5667159207677,60.99764589021453,57.514714598605934,66.65160675956707,17.919216107818578,63.1952018019283,-10.191424729695647,55.604629775728526,-7.944278751029727,2
0.2342475048389297,0.13476645861464726,0.33047153896289855,0.41582426634409053,0.1330988101739482,0.09006736703671395,0.14202959261911907,0.1306032454650342,0.1533326040373206,0.12393360825422792,0.11284069705270874,0.18192869939996717,0.18192869939996717,0.1819286993999672,0.1819286993999672,1.6712565373228512,1.0480822367065774,3.397500558282329,5.269489749610086,1.901075279863346,1.4833623401836749,1.5164649420711902,1.8617481647932341,1.8350227683736464,3.0657630580096864,1.3794179419737027,2.220834870653666,2.220834870653666,2.2208348706536656,2.2208348706536656,2.2345646420320406,21.990953964790464,11.418356938199793,22.17226647590374,3.9929721246249414,15.261252570162469,20.363848178578337,6.5713635515060105,8.950646555198063,-8.506005640151557,-23.712161980745606,7.3398233981907905,7.3398233981907905,7.33982339819079,7.33982339819079,-2.0032002552502677,-30.31082719770008,55.12137311675881,70.83803716762621,4.594061936975003,-12.974807554384654,-13.040578667124127,3.0648994437386348,0.0716543745405251,18.799004898853692,-22.98283632401418,6.470616449092691,6.470616449092691,6.47061644909269,6.47061644909269,2
0.19061524001254804,0.26299903315565265,0.21133124095759084,0.29203421413448294,0.31597725898199425,0.24544718163618612,0.31034136002979296,0.20309230530112485,0.18439271576574312,0.10939371124900193,0.2885909076349375,0.283619086099697,0.2913580127961729,0.25592427190430134,0.27483056130787253,2.4352950581805306,1.7100043588435887,2.141919702624845,1.6267735552507323,1.861187400665239,2.2904459678378646,1.9438662103723092,2.1665049430232854,2.531989338421395,1.3295061946850042,1.4391196380776656,1.4719217855023967,1.4563235941643855,1.4176071250590017,1.4296928523791315,0.56731199712533,-5.4438996554391395,-2.5895006776978278,-7.456143284225789,-1.9912066029449704,-2.400852946042619,0.2256623600067087,-2.999632662335472,-5.889472100354681,-23.582773326020742,-12.162617787046855,-9.96766830924193,-9.698030470878422,-13.7927111833867,-12.061093064552068,21.283061900663995,7.541037505668504,19.748302828190035,6.746262738602885,13.646054938702386,22.389859416224535,14.958844511740107,18.325873932205575,26.20949750829494,-4.802117043984778,0.7822862339505785,1.1429998948193936,1.6335234715793987,1.0009059375933618,1.1119122046134888,2
0.10968942764094392,0.3495516265900819,0.2977528006988768,0.2693861631620551,0.5158761337430302,0.316640771964373,0.08872413942469903,0.1746174452041103,0.3924836887298939,0.2670296979573554,0.27817518951154196,0.27817518951154196,0.27817518951154196,0.27817518951154196,0.27817518951154196,0.8358673505137584,2.8271443381117924,2.1876300305748417,2.2484040042434548,4.178400972373563,2.3148715615829683,2.3799619031880908,2.632929145096046,3.3579495464381615,2.1992046553094946,2.5162363507432173,2.5162363507432173,2.5162363507432173,2.5162363507432173,2.5162363507432173,25.807516717087935,3.7454248974568998,-16.24838037565962,-7.5562160450860745,-1.2337541438251378,-2.6827671444954433,-0.6081379507821794,-9.21675629497804,-2.9224246794494775,6.718742194883021,-0.4196752824848119,-0.4196752824848119,-0.41967528248481195,-0.41967528248481195,-0.41967528248481195,-21.678445353732716,39.948747362115476,17.077333489061623,17.405596689805545,61.144004474066755,16.71214235922827,21.105250397715178,23.708329513987255,62.54911419398792,44.672886093439274,28.264495921967455,28.264495921967455,28.264495921967455,28.26449592196746,28.26449592196746,2
0.3017753545986672,0.29177668436683457,0.31315634778591334,0.1695688108689829,0.2758386487431208,0.3545628888438678,0.15186187832429876,0.24776710727219786,0.31971812261209254,0.31562975348308786,0.3139330824278618,0.26099583938695103,0.2763820432261564,0.2763820432261564,0.2763820432261564,1.4790867860389212,1.4579802566365012,1.7281312423046726,1.2059342663314605,2.5849695898533094,2.6663716962945725,1.8783621294426007,1.460380023542251,2.6373552031015137,1.3203954994491567,3.0747667736524136,5.440947967613559,2.244556786188411,2.244556786188411,2.244556786188411,0.16671164574071895,-2.0983708349789083,1.4770295772806037,24.034589734947104,-6.561735879018613,14.501883639102545,-10.760977510491614,1.3444359324252275,2.0500710470803654,12.688644363808038,4.748236083784036,19.235613368623774,5.068844264025273,5.068844264025273,5.068844264025273,0.8459669818781649,2.0487256038219366,10.853477043234935,-11.98229548363636,19.97956332537681,43.353386601901605,11.406002319587891,-8.234864529415223,17.290284132498904,-11.511886850489772,53.70969945909598,62.6125474882591,15.864217174342832,15.86421717434283,15.86421717434283,2
0.29797214018467544,0.3019947096643174,0.2865892976923265,0.42719451308648715,0.3060842426980781,0.3172520079242853,0.2287404246297318,0.09921431889344712,0.22996905397347006,0.2785702186009933,0.28306024014992504,0.262759329917727,0.2784427374969842,0.27675717191634214,0.27675717191634214,2.3935162051588095,2.3080083691331823,1.2510136327681671,3.301615921557709,2.5654088226228864,2.524842573717869,4.223462923648413,1.4072553801346297,1.5151514655287983,1.4321849804042934,1.4899795078629232,1.1175272837984094,1.4843265242040562,2.078022583887704,2.078022583887704,-8.478363418089458,-14.98142236811151,-9.79125217388497,3.2033802634229858,-6.568246332585687,-10.014487712024192,4.117372201543077,-19.776496269671895,-14.819573123394918,-15.121094162736057,-14.435034929542041,-15.09111834538433,-17.50863625366722,-10.712690201855862,-10.712690201855862,38.836253036837356,29.045304688748804,-6.103981500669975,45.366442557220246,53.963923071403265,58.08600799128445,48.19105944854434,2.81732791414545,2.548043941593515,0.6030655360092212,3.1964639033522104,-13.37242041263033,3.286738850785948,20.49724838666342,20.49724838666342,2
0.45557291475232387,0.3437654477538432,0.31120355715949194,0.26299208349006853,0.2910871209102309,0.28679289269571673,0.17359495524319035,0.29089943089169135,0.27197495960725326,0.29283566331956834,0.3112368434497952,0.27577114320183327,0.293150978925276,0.2969906147230987,0.2969906147230987,3.124569542161779,2.9595703330219028,1.6775993130105609,1.6075419327420326,1.3825946391715063,1.1868849597261895,1.446193396177144,1.9976704839658432,2.0553683827632807,2.1843968420175464,1.3381190870342041,1.264419194859246,1.2959887924440556,1.8093012999304072,1.8093012999304072,-5.189075307920206,-19.017463226571692,-11.278062847339783,-6.879783285370593,-9.812847756326022,-12.210796507096688,-11.761346454230278,-14.088967911120818,-12.71142531240369,-10.675924571203723,-7.1551298419629745,-8.2967110011555,-13.83549126238512,-10.993309637314391,-10.993309637314391,52.01913367368228,77.98001018353057,15.214648302140459,4.785852249237107,-2.259626264066523,-10.469805651666332,3.5957917598383626,23.00213637980391,22.278897016860892,25.11916239384822,-0.4553612438249894,-5.992603336416877,-5.283716941470431,15.348809117038204,15.348809117038204,2
0.28333726750236915,0.20726301325403806,0.207293439806859,0.19032150243465426,0.17000534073927165,0.23369527408864044,0.30875460443569797,0.24637941083313725,0.3447060621558312,0.3034158065305087,0.28587156187751994,0.2527996013449839,0.30924292681653165,0.2571604470630803,0.2571604470630803,1.6498502452088115,1.086968523880651,1.858297619430578,1.1772981775352833,1.1741429809172514,1.3121427110764181,1.4984414248297613,1.4907152755268394,1.3819175994720436,1.5875164423464279,1.503379474051081,1.4577948649860295,0.9609201279621766,1.3953373436325656,1.3953373436325656,-15.019433902219134,32.42061740092589,-21.92463442433467,-22.478610813305323,11.794836458019148,-20.203159150648645,-11.589397667517318,-21.07210736180241,6.953342967628629,-2.2411441072209755,-16.44231865853348,-18.4490973976377,-18.510353977012755,-8.98165081797375,-8.98165081797375,15.154151460683188,0.2982062559245233,10.452662352540468,-13.612791079129837,-14.681973570810678,-10.897615858420735,2.0601463639891664,7.343843961694235,-0.6622299986474813,7.361594641870909,7.142503316821767,1.825104924260388,-21.034392045329245,-0.7115991749656406,-0.7115991749656406,2
0.14422942157878316,0.276848810214596,0.2921815193350542,0.22428192744069755,0.14774123969895472,0.24781428969299435,0.2679155274380751,0.2529339482428733,0.25534236679392414,0.2531479346784243,0.3713746388508592,0.26674007018539914,0.2671852165812573,0.25136437774860715,0.25136437774860715,1.0401288194868576,1.929979720036695,1.6023427021581191,2.0083263608927395,1.5082546241620536,1.3699641625028356,1.3674352014680178,1.3723001684626848,1.4095335634103787,1.3864664972564962,0.7914494516818239,1.4677320765736923,1.4062668538663308,1.435398477073748,1.435398477073748,14.037259934458291,-17.778711991840424,-5.604693020165428,-9.95624842907884,-25.995631487922793,-20.157861399264704,-20.210529277948496,-16.52916733435228,-19.334649179207418,-18.712257245421085,1.1509727071918974,-14.0906693149648,-13.00620414641756,-12.783722321917972,-12.783722321917972,-15.38736422967958,5.4493030811541185,13.157188888922454,27.29537983440668,7.065969912464834,-2.215170489952895,-1.7328566936396184,0.6752086195215539,1.7359193518055394,-0.3667762801612652,-36.864629786359394,3.859329914089788,2.0535016282038585,0.3634618269827751,0.3634618269827751,2
